{
    "searchArea": {
        "Andorra1": {
            "size": 384,
            "radius": 1800,
            "rings": [
                [
                    [1.484621671296491, 42.648286467674296],
                    [1.7438303504957098, 42.57981510844389],
                    [1.7143045936597723, 42.501144517877194],
                    [1.516207364655866, 42.43073771637663],
                    [1.4537226234449285, 42.44061970452585],
                    [1.472262052155866, 42.5097499869737],
                    [1.442049649812116, 42.55377119639826],
                    [1.484621671296491, 42.648286467674296]
                ]
            ]
        }
    }
}
