{
    "searchArea": {
        "SirBaniYas": {
            "size": 70,
            "radius": 700,
            "rings": [
                [
                    [52.558519659446546, 24.31358605507924],
                    [52.59044867555983, 24.27384509207533],
                    [52.62237769167311, 24.27134130785286],
                    [52.65224677126295, 24.334233923749853],
                    [52.60143500368483, 24.373955960776666],
                    [52.56881934206373, 24.35456565749733],
                    [52.558519659446546, 24.31358605507924]
                ]
            ]
        },
        "YasMarina": {
            "size": 3,
            "radius": 150,
            "rings": [
                [
                    [54.59415450110833, 24.488444684340138],
                    [54.60814490333001, 24.480555349276415],
                    [54.610462331918875, 24.461806430461547],
                    [54.59956183448235, 24.467900135341427],
                    [54.592952871469656, 24.462197061414276],
                    [54.59887518897454, 24.47657143767405],
                    [54.590721273569265, 24.485085918996095],
                    [54.59415450110833, 24.488444684340138]
                ]
            ]
        },
        "Dubai": {
            "size": 1000,
            "radius": 3000,
            "rings": [
                [
                    [55.00308087604321, 24.99980965123954],
                    [55.07861188190258, 24.76933853438231],
                    [55.26812604205883, 24.93133615054615],
                    [55.59634259479321, 25.011010777010853],
                    [55.80370953815258, 24.78056058381108],
                    [55.86276105182446, 24.98611799963229],
                    [56.04678204791821, 24.974914604991792],
                    [55.97399762409008, 24.865316584685118],
                    [56.05776837604321, 24.78056058381108],
                    [56.37774518268383, 24.99234166670687],
                    [56.35302594440258, 25.606915665820296],
                    [56.03167584674633, 25.587099514042894],
                    [56.09484723346508, 26.053141149215374],
                    [55.89434674518383, 25.749247513970335],
                    [55.53317120807446, 25.578428915396593],
                    [55.17336896198071, 25.130425822941618],
                    [55.11981061237133, 25.150317002231777],
                    [55.06213238971508, 25.007277181907313],
                    [55.00308087604321, 24.99980965123954]
                ]
            ]
        }
    }
}
