{
    "searchArea": {
        "Albania1": {
            "size": 175,
            "radius": 15000,
            "rings": [
                [
                    [19.423828125, 42.26917949243506],
                    [19.3194580078125, 40.643135583312805],
                    [20.029449462890625, 39.72514480984419],
                    [20.867156982421875, 40.697299008636755],
                    [20.478515625, 41.15797827873605],
                    [20.349426269531246, 42.3037216984154],
                    [19.423828125, 42.26917949243506]
                ]
            ]
        },
        "Shkoder": {
            "size": 17,
            "radius": 200,
            "rings": [
                [
                    [19.536352157592773, 42.09389160970775],
                    [19.516096115112305, 42.10051506871418],
                    [19.49352264404297, 42.08204408308939],
                    [19.487428665161133, 42.04209015297135],
                    [19.527254104614258, 42.05369021516398],
                    [19.536352157592773, 42.09389160970775]
                ]
            ]
        },
        "Lezhë": {
            "size": 12,
            "radius": 250,
            "rings": [
                [
                    [19.627504348754883, 41.74941537656187],
                    [19.660978317260742, 41.77649655196672],
                    [19.643640518188477, 41.7920486537679],
                    [19.596691131591797, 41.77015942902338],
                    [19.627504348754883, 41.74941537656187]
                ]
            ]
        },
        "Durrës": {
            "size": 61,
            "radius": 250,
            "rings": [
                [
                    [19.58587646484375, 41.151709670560365],
                    [19.483652114868168, 41.359803286266775],
                    [19.421167373657227, 41.36630961887145],
                    [19.438762664794925, 41.30792262968716],
                    [19.47601318359375, 41.31366053506527],
                    [19.50948715209961, 41.29031893819026],
                    [19.540472030639645, 41.176457489669595],
                    [19.58587646484375, 41.151709670560365]
                ]
            ]
        },
        "Tirana": {
            "size": 66,
            "radius": 100,
            "rings": [
                [
                    [19.85452651977539, 41.28219255498905],
                    [19.857444763183594, 41.33634932450946],
                    [19.749984741210938, 41.39999041985083],
                    [19.759254455566406, 41.31030811235739],
                    [19.85452651977539, 41.28219255498905]
                ]
            ]
        },
        "Elbasan": {
            "size": 8,
            "radius": 100,
            "rings": [
                [
                    [20.064125061035156, 41.08989627216476],
                    [20.082063674926758, 41.09836996023997],
                    [20.100002288818356, 41.11693063187132],
                    [20.087642669677734, 41.1313487161958],
                    [20.057945251464844, 41.10587246622245],
                    [20.064125061035156, 41.08989627216476]
                ]
            ]
        },
        "Vlora": {
            "size": 11,
            "radius": 150,
            "rings": [
                [
                    [19.496784210205078, 40.44511813759635],
                    [19.507770538330078, 40.47731295218569],
                    [19.476442337036133, 40.49017350237571],
                    [19.459877014160156, 40.46503764215546],
                    [19.496784210205078, 40.44511813759635]
                ]
            ]
        }
    }
}
