{
    "searchArea": {
        "Argentina1": {
            "size": 3000,
            "radius": 60000,
            "rings": [
                [
                    [-66.40251677360317, -22.033311508009813],
                    [-57.84416716422817, -25.397240666111163],
                    [-58.86589567985317, -27.360651660946065],
                    [-56.58073942985317, -27.68217316302643],
                    [-54.62517302360317, -25.798513628467308],
                    [-53.76823942985317, -26.390499071775974],
                    [-57.83318083610317, -30.229272572398703],
                    [-58.776696677426806, -34.24712761574441],
                    [-57.249597068051806, -35.43730208793988],
                    [-57.599778525740454, -38.27454533205521],
                    [-62.334885947615454, -39.06368557674656],
                    [-62.80978642710979, -41.336432371121674],
                    [-66.1276575208598, -46.340130761004666],
                    [-69.00875466386225, -52.08168773583243],
                    [-72.24326894950508, -51.67716995063376],
                    [-72.15891688409576, -47.47927122480683],
                    [-71.09390553430981, -44.39337240374805],
                    [-71.39053639368481, -39.748174994251706],
                    [-66.40251677360317, -22.033311508009813]
                ]
            ]
        },
        "Argentina2": {
            "size": 300,
            "radius": 15000,
            "rings": [
                [
                    [-68.59204072790159, -54.880358053237664],
                    [-68.60028047399534, -52.647019835703695],
                    [-66.45794648962034, -54.45467064304612],
                    [-67.56756563024534, -54.88983735419048],
                    [-68.59204072790159, -54.880358053237664]
                ]
            ]
        },
        "BuenosAires": {
            "size": 1000,
            "radius": 1000,
            "rings": [
                [
                    [-58.730603307237104, -34.29571073325728],
                    [-57.8715313308504, -34.942872359972206],
                    [-58.029222948372585, -35.011259736561136],
                    [-59.160659190050005, -34.574225793288264],
                    [-58.730603307237104, -34.29571073325728]
                ]
            ]
        },
        "Rosario": {
            "size": 225,
            "radius": 600,
            "rings": [
                [
                    [-60.743288365946036, -32.68974931495565],
                    [-60.674623815164786, -32.914840040062494],
                    [-60.62449869309447, -32.95142465774476],
                    [-60.61660226975463, -33.05536505440977],
                    [-60.73848184739135, -32.95444958366945],
                    [-60.928339330301505, -32.90257939002711],
                    [-60.74466165696166, -32.90661482899535],
                    [-60.743288365946036, -32.68974931495565]
                ]
            ]
        },
        "Córdoba": {
            "size": 274,
            "radius": 600,
            "rings": [
                [
                    [-64.1388892209009, -31.483318966763377],
                    [-64.25630560273683, -31.483026183322206],
                    [-64.31844702119388, -31.257898305210507],
                    [-64.10730352754153, -31.381375042730753],
                    [-64.1388892209009, -31.483318966763377]
                ]
            ]
        },
        "SanMigueldeTucumán": {
            "size": 196,
            "radius": 1,
            "rings": [
                [
                    [-65.31403696870001, -26.84379277035644],
                    [-65.26871836518438, -26.714142540591993],
                    [-65.12314951752813, -26.80243112684269],
                    [-65.14683878754767, -26.873502551804126],
                    [-65.31403696870001, -26.84379277035644]
                ]
            ]
        },
        "MardelPlata": {
            "size": 145,
            "radius": 600,
            "rings": [
                [
                    [-57.606841566427875, -38.12849786366455],
                    [-57.629329206808734, -37.954232076038515],
                    [-57.53010893092983, -37.91957292434774],
                    [-57.53560209499233, -38.08486896625474],
                    [-57.606841566427875, -38.12849786366455]
                ]
            ]
        },
        "Salta": {
            "size": 125,
            "radius": 800,
            "rings": [
                [
                    [-65.41912402336784, -24.709236576610653],
                    [-65.39165820305534, -24.71079600883472],
                    [-65.36693896477409, -24.84218583205315],
                    [-65.47834719841667, -24.8731816260935],
                    [-65.45328463738151, -24.765675572770835],
                    [-65.41912402336784, -24.709236576610653]
                ]
            ]
        },
        "SantaFe": {
            "size": 101,
            "radius": 800,
            "rings": [
                [
                    [-60.77037112588254, -31.71041542598763],
                    [-60.80109851235715, -31.697271344049085],
                    [-60.730030702298556, -31.565435639092872],
                    [-60.64437167519895, -31.609596557559655],
                    [-60.77037112588254, -31.71041542598763]
                ]
            ]
        },
        "Corrientes": {
            "size": 206,
            "radius": 600,
            "rings": [
                [
                    [-58.76531511251467, -27.511811232870336],
                    [-58.947962817592796, -27.523838258756406],
                    [-59.05919938985842, -27.453027368098173],
                    [-59.0032377809717, -27.38384767982913],
                    [-58.897322711391624, -27.48288009049137],
                    [-58.77149492208498, -27.437945624272643],
                    [-58.76531511251467, -27.511811232870336]
                ]
            ]
        }
    }
}
