{
    "searchArea": {
        "AmericanSamoa1": {
            "size": 214,
            "radius": 800,
            "rings": [
                [
                    [-170.52832931292235, -14.291165511169705],
                    [-170.6697782875317, -14.293161691637208],
                    [-170.75698226702391, -14.37415837315471],
                    [-170.84658950579342, -14.31611649294418],
                    [-170.807794034602, -14.292496300116628],
                    [-170.7799848915356, -14.334079483316335],
                    [-170.6812795997876, -14.222286451713558],
                    [-170.57296127093016, -14.240256929713192],
                    [-170.52832931292235, -14.291165511169705]
                ]
            ]
        },
        "AmericanSamoa2": {
            "size": 17,
            "radius": 600,
            "rings": [
                [
                    [-169.619070814667, -14.184590936555356],
                    [-169.6754615769961, -14.186171993646079],
                    [-169.68327216964747, -14.162205313965583],
                    [-169.62207488876368, -14.164868403384505],
                    [-169.619070814667, -14.184590936555356]
                ]
            ]
        },
        "AmericanSamoa3": {
            "size": 23,
            "radius": 500,
            "rings": [
                [
                    [-169.41979524489048, -14.225183101580713],
                    [-169.4749843775809, -14.217736677425018],
                    [-169.51120492811802, -14.241489497409633],
                    [-169.52021715040803, -14.218776695533496],
                    [-169.4262325465262, -14.209041938929415],
                    [-169.41979524489048, -14.225183101580713]
                ]
            ]
        }
    }
}
