{
    "searchArea": {
        "Austria1": {
            "size": 693,
            "radius": 10000,
            "rings": [
                [
                    [9.615051777176916, 47.480197594538026],
                    [9.788086445145666, 47.58034022078794],
                    [10.191834003739416, 47.26256575199717],
                    [10.655319721512843, 47.55578589014488],
                    [11.098206074051916, 47.37614398052918],
                    [12.25039723616128, 47.71264232321079],
                    [13.16226247053628, 47.468130495083294],
                    [12.751648456864416, 48.11854175929811],
                    [13.855715481373807, 48.755665728983416],
                    [14.317141262623807, 48.5342691882239],
                    [15.189181057545662, 48.9526491372516],
                    [16.85086318645191, 48.70403304046565],
                    [17.047243801686307, 47.712923884516805],
                    [16.453982082936285, 47.74063689897936],
                    [16.434756008717535, 47.02934573073544],
                    [15.500918118092537, 46.64512054488405],
                    [14.223757473561307, 46.46380292996323],
                    [12.42543288860035, 46.70259986447895],
                    [12.231112209889412, 47.10230907398758],
                    [10.714998928639412, 46.905641761026146],
                    [9.645205227467537, 47.0733227804738],
                    [9.615051777176916, 47.480197594538026]
                ]
            ]
        },
        "Vienna": {
            "size": 439,
            "radius": 500,
            "rings": [
                [
                    [16.350400227701417, 48.31856512730406],
                    [16.480519551431883, 48.2955010456008],
                    [16.56978346744751, 48.19856383458235],
                    [16.47983290592407, 48.19558879988484],
                    [16.48463942447876, 48.10923763693478],
                    [16.344563740885008, 48.11771885064145],
                    [16.306798237955324, 48.0020706125336],
                    [16.20380141178345, 47.99586783902644],
                    [16.30885817447876, 48.066122274292944],
                    [16.23195387760376, 48.08562039893817],
                    [16.252991288159713, 48.20781729824979],
                    [16.350400227701417, 48.31856512730406]
                ]
            ]
        },
        "Graz": {
            "size": 81,
            "radius": 500,
            "rings": [
                [
                    [15.385947020657923, 47.10485712372909],
                    [15.425085814603221, 47.1187596036034],
                    [15.479502471097362, 47.06944197590896],
                    [15.499586852200878, 47.02850407960098],
                    [15.386633666165736, 46.98683215577591],
                    [15.385947020657923, 47.10485712372909]
                ]
            ]
        },
        "Linz": {
            "size": 64,
            "radius": 500,
            "rings": [
                [
                    [14.326325275327001, 48.334519042460514],
                    [14.322377063657079, 48.248059191914706],
                    [14.227104999448095, 48.21752918031783],
                    [14.242554523373876, 48.28222661136905],
                    [14.281178333188329, 48.339539948497105],
                    [14.326325275327001, 48.334519042460514]
                ]
            ]
        },
        "Salzburg": {
            "size": 63,
            "radius": 500,
            "rings": [
                [
                    [13.00418935003404, 47.83850222526343],
                    [13.081780292416852, 47.83654339728906],
                    [13.090706684018414, 47.762514698911396],
                    [12.947541095639508, 47.778205596917445],
                    [13.00418935003404, 47.83850222526343]
                ]
            ]
        },
        "Insbruck": {
            "size": 17,
            "radius": 500,
            "rings": [
                [
                    [11.355668758685852, 47.25761381302821],
                    [11.405021404559875, 47.28230756150189],
                    [11.457292293842102, 47.279221473005485],
                    [11.45059750014093, 47.25994390413108],
                    [11.400729870136047, 47.2513803152993],
                    [11.355668758685852, 47.25761381302821]
                ]
            ]
        },
        "Klagenfurt": {
            "size": 29,
            "radius": 500,
            "rings": [
                [
                    [13.819444247094275, 46.636689254686445],
                    [13.919522829857947, 46.624665536482325],
                    [13.86768109401811, 46.58527505924396],
                    [13.824937411156782, 46.585393037553985],
                    [13.819444247094275, 46.636689254686445]
                ]
            ]
        }
    }
}
