{
    "searchArea": {
        "Australia1": {
            "size": 9000,
            "radius": 1,
            "rings": [
                [
                    [140.82380159779495, -39.006691302516316],
                    [149.31623323841995, -38.784376743330924],
                    [154.90827425404495, -27.60115902846645],
                    [142.19709261341995, -11.57191901985419],
                    [138.95612581654495, -18.526872922512066],
                    [132.21052034779495, -11.50195068359851],
                    [112.57795198841995, -22.53829859079972],
                    [115.35199983998245, -35.76826598824739],
                    [131.59528597279495, -31.713588841305146],
                    [140.82380159779495, -39.006691302516316]
                ],
                [
                    [122.39307326468541, -31.981663886245386],
                    [132.17639845999793, -31.27540826022163],
                    [136.57642287406043, -32.96411025110828],
                    [137.58716506156043, -32.42787315249633],
                    [132.00061720999793, -28.18984441166746],
                    [132.80261916312293, -15.010217913551308],
                    [126.84802931937291, -19.001520054188706],
                    [120.38806838187291, -20.07827591458725],
                    [120.15735549124791, -25.63325902291205],
                    [122.39307326468541, -31.981663886245386]
                ],
                [
                    [134.56349898158192, -19.50781695570626],
                    [144.53908491908192, -25.433158745778993],
                    [144.18752241908192, -30.514763328561667],
                    [139.37551070033192, -31.79337197940069],
                    [135.46437788783192, -30.15444081946197],
                    [134.56349898158192, -19.50781695570626]
                ]
            ]
        },
        "Tasmania": {
            "size": 1500,
            "radius": 15000,
            "rings": [
                [
                    [146.90710774882152, -43.62336830091446],
                    [148.09088460429027, -43.10420804293851],
                    [148.47540608866527, -40.66107327497417],
                    [146.37427083475902, -41.14269116814165],
                    [144.59173909647777, -40.56725014246235],
                    [145.30859700663402, -42.44293396602975],
                    [146.90710774882152, -43.62336830091446]
                ]
            ]
        },
        "Sydney": {
            "size": 3326,
            "radius": 1500,
            "rings": [
                [
                    [151.34113902698692, -33.60022435076907],
                    [151.2518751109713, -34.0030528422895],
                    [151.15437144886192, -34.07531484273715],
                    [151.00674266468224, -34.080433435470844],
                    [151.00674266468224, -33.98654343869492],
                    [150.92709178577599, -33.96832244319845],
                    [150.80280894886192, -34.121371038780154],
                    [150.56454295765099, -33.695110810200994],
                    [150.71045512806114, -33.49750361095904],
                    [151.34113902698692, -33.60022435076907]
                ]
            ]
        },
        "Melbourne": {
            "size": 2406,
            "radius": 1500,
            "rings": [
                [
                    [144.69553394541066, -37.97022829272652],
                    [144.64197559580128, -37.83043917442128],
                    [144.9180070899419, -37.58000051946334],
                    [145.4398576758794, -37.775643239908874],
                    [145.35265369638722, -38.1281187227911],
                    [145.0828020118169, -38.20585706243432],
                    [145.1425401709966, -38.07246337337804],
                    [144.92624683603566, -37.84291177282116],
                    [144.69553394541066, -37.97022829272652]
                ]
            ]
        },
        "Brisbane": {
            "size": 1259,
            "radius": 1500,
            "rings": [
                [
                    [153.0654794207236, -27.290260195855673],
                    [152.93192686945406, -27.275003684237074],
                    [152.91613402277437, -27.417417807338783],
                    [152.94153990656343, -27.631455358738176],
                    [153.1980020037314, -27.705342842622823],
                    [153.31473174005953, -27.636930218499714],
                    [153.27009978205172, -27.492667657673373],
                    [153.0654794207236, -27.290260195855673]
                ]
            ]
        },
        "Perth": {
            "size": 1375,
            "radius": 1500,
            "rings": [
                [
                    [115.7218542282194, -31.726492622192467],
                    [115.82347776337565, -31.723572382535068],
                    [115.96561338349284, -31.899789628150906],
                    [116.01230527802409, -32.24424425714883],
                    [115.7438268844694, -32.34233829106955],
                    [115.7218542282194, -31.726492622192467]
                ]
            ]
        },
        "Adelaide": {
            "size": 791,
            "radius": 1500,
            "rings": [
                [
                    [138.46580684677576, -35.17308031950195],
                    [138.5111254502914, -35.014084498240436],
                    [138.48640621201014, -34.79897717931798],
                    [138.66768062607264, -34.6454686682295],
                    [138.73840511337733, -34.83280096153793],
                    [138.61206233993983, -35.09895830268163],
                    [138.46580684677576, -35.17308031950195]
                ]
            ]
        },
        "Canberra": {
            "size": 333,
            "radius": 1000,
            "rings": [
                [
                    [149.01972658966707, -35.30659577883762],
                    [149.08942110871004, -35.27941416543906],
                    [148.98539431427645, -35.21324347251102],
                    [149.13533716105906, -35.1442678258897],
                    [149.16966943644968, -35.19169851492438],
                    [149.1439202299067, -35.42396036343267],
                    [149.08950357341257, -35.48464729359257],
                    [149.01972658966707, -35.30659577883762]
                ]
            ]
        },
        "Hobart": {
            "size": 298,
            "radius": 1500,
            "rings": [
                [
                    [147.31519107941165, -43.015811103954974],
                    [147.20601444366946, -42.736540517457534],
                    [147.26506595734133, -42.683058630306476],
                    [147.4662530911304, -42.90425453769616],
                    [147.37080936554446, -42.891176123633514],
                    [147.31519107941165, -43.015811103954974]
                ]
            ]
        },
        "Darwin": {
            "size": 465,
            "radius": 1000,
            "rings": [
                [
                    [130.82054259511975, -12.455663725325332],
                    [130.87719084951425, -12.348867220320464],
                    [131.18406969456908, -12.544062049501774],
                    [131.1239882126355, -12.620124708583397],
                    [130.82054259511975, -12.455663725325332]
                ]
            ]
        }
    }
}
