{
    "searchArea": {
        "Åland1": {
            "size": 2502,
            "radius": 4000,
            "rings": [
                [
                    [19.534721374511715, 60.228220871779506],
                    [19.957351684570312, 60.02952867267581],
                    [20.92517852783203, 59.90977108692568],
                    [20.99109649658203, 59.9321403678869],
                    [20.678329467773438, 60.13466696253271],
                    [21.060791015624996, 60.29327792662018],
                    [21.070404052734375, 60.53229263768529],
                    [20.587005615234375, 60.20843972339574],
                    [19.86053466796875, 60.39825375597505],
                    [19.534721374511715, 60.228220871779506]
                ]
            ]
        }
    }
}
