{
    "searchArea": {
        "Bangladesh1": {
            "size": 891,
            "radius": 20000,
            "rings": [
                [
                    [89.80149909453155, 25.246082965985483],
                    [92.2624365945315, 25.06708623667403],
                    [91.89439460234405, 24.258379398456707],
                    [91.13633796171905, 23.970086868324344],
                    [91.37550678763864, 23.028623709282005],
                    [92.23462335203, 22.660862975779523],
                    [92.2071575317175, 20.90239157705521],
                    [91.5150188598425, 22.67480229238186],
                    [89.3616985473425, 21.590997528902303],
                    [88.751957336405, 24.189308329511515],
                    [88.1202434692175, 24.60702473925852],
                    [88.99640313718623, 25.32163971730856],
                    [88.35919610593625, 25.794901508277487],
                    [88.56518975828, 26.411506810478524],
                    [89.71051446531125, 25.841877402019886],
                    [89.80149909453155, 25.246082965985483]
                ]
            ]
        },
        "Dhaka": {
            "size": 518,
            "radius": 1500,
            "rings": [
                [
                    [90.4596951028323, 23.659435475583138],
                    [90.32133603300808, 23.738028181429513],
                    [90.35360837187527, 23.993597126241543],
                    [90.44733548369167, 24.019627986324885],
                    [90.46450162138699, 23.76725258332437],
                    [90.57093167509792, 23.79050172020856],
                    [90.54003262724636, 23.709740259296442],
                    [90.4596951028323, 23.659435475583138]
                ]
            ]
        },
        "Chittagong": {
            "size": 134,
            "radius": 500,
            "rings": [
                [
                    [91.75032873227815, 22.370469112384345],
                    [91.8603636749051, 22.41030778526114],
                    [91.88679952695588, 22.396500453925555],
                    [91.85813207700471, 22.327760823404052],
                    [91.79272909238557, 22.30139899557801],
                    [91.83444280698518, 22.24574106545909],
                    [91.79049749448518, 22.226038016127106],
                    [91.75032873227815, 22.370469112384345]
                ]
            ]
        },
        "Rajshahi": {
            "size": 49,
            "radius": 500,
            "rings": [
                [
                    [88.65400043181256, 24.351953334641614],
                    [88.55186191252545, 24.367434861363854],
                    [88.54551044157819, 24.384477987453977],
                    [88.6037036483653, 24.410741791563165],
                    [88.65271297148541, 24.398626727085432],
                    [88.65400043181256, 24.351953334641614]
                ]
            ]
        },
        "Khulna": {
            "size": 59,
            "radius": 500,
            "rings": [
                [
                    [89.58433333719724, 22.79892996563684],
                    [89.53214827860349, 22.797030957925916],
                    [89.51721373880856, 22.838961216696642],
                    [89.48202315653317, 22.89811627327819],
                    [89.508287347207, 22.927684135302428],
                    [89.58433333719724, 22.79892996563684]
                ]
            ]
        },
        "Sylhet": {
            "size": 49,
            "radius": 500,
            "rings": [
                [
                    [91.84801660384733, 24.86849104681127],
                    [91.82501397933561, 24.931084328649835],
                    [91.88852868880826, 24.91131326436552],
                    [91.96234308089811, 24.921744063396776],
                    [91.9012316307028, 24.87113866896747],
                    [91.84801660384733, 24.86849104681127]
                ]
            ]
        },
        "Rangpur": {
            "size": 49,
            "radius": 500,
            "rings": [
                [
                    [89.30276528006044, 25.719261912619512],
                    [89.25676003103699, 25.70874490184745],
                    [89.20148506765808, 25.74833351457772],
                    [89.22036781912293, 25.78528129236744],
                    [89.25315514212097, 25.78373559081771],
                    [89.30276528006044, 25.719261912619512]
                ]
            ]
        },
        "Mymensingh": {
            "size": 33,
            "radius": 750,
            "rings": [
                [
                    [90.44698176392404, 24.719030610297114],
                    [90.41282114991037, 24.708582732499917],
                    [90.33935008057443, 24.78356967684748],
                    [90.4006331921467, 24.771100972683985],
                    [90.44698176392404, 24.719030610297114]
                ]
            ]
        }
    }
}
