{
    "searchArea": {
        "Belgium1": {
            "size": 618,
            "radius": 1500,
            "rings": [
                [
                    [2.531744244799583, 51.1074259433575],
                    [3.321386578783958, 51.3910891108339],
                    [3.401037457690208, 51.2447482895098],
                    [3.916021588549583, 51.19529051150242],
                    [4.3259489567136455, 51.35851398598428],
                    [4.697424176440208, 51.42877872269211],
                    [5.822149518237083, 51.14793334151347],
                    [5.585515185632612, 50.7614861917148],
                    [6.111485644616987, 50.718901739157346],
                    [6.340385048982626, 50.32919000206052],
                    [6.112418740388876, 50.17200585148308],
                    [5.973716347810751, 50.191352524058225],
                    [5.729970093566079, 49.897065999109046],
                    [5.876912232237954, 49.613171099838105],
                    [5.548695679503579, 49.52499961497382],
                    [4.895009156066079, 49.82360163573779],
                    [4.892262574034829, 50.1731741169771],
                    [4.721974488097329, 50.145900262636296],
                    [4.658803101378579, 49.99870558324303],
                    [4.202870484191079, 49.967799117708225],
                    [4.226513720607801, 50.27404895768013],
                    [4.031506396389051, 50.3643654856235],
                    [3.702663513733788, 50.34054796495714],
                    [3.638118835999413, 50.51901066684831],
                    [3.334621521546288, 50.519883827633166],
                    [3.165706726624413, 50.80020212232757],
                    [2.800411316468163, 50.72723689691012],
                    [2.531744244799583, 51.1074259433575]
                ]
            ]
        },
        "Antwerp": {
            "size": 103,
            "radius": 200,
            "rings": [
                [
                    [4.4458292505646, 51.145819928037824],
                    [4.330644466629053, 51.17122780263212],
                    [4.400853969802881, 51.22898934891402],
                    [4.410504249776523, 51.28775782662693],
                    [4.470929054464023, 51.27702070790184],
                    [4.505432991231601, 51.1961971504628],
                    [4.4458292505646, 51.145819928037824]
                ]
            ]
        },
        "Ghent": {
            "size": 110,
            "radius": 200,
            "rings": [
                [
                    [3.6537861197712687, 51.0777369513546],
                    [3.719017443013456, 51.10318229269583],
                    [3.7813305228474405, 51.10814034759763],
                    [3.8304256766560343, 51.02842374750745],
                    [3.8034748404743937, 50.99332222660064],
                    [3.7032245963337687, 50.99829205588194],
                    [3.6537861197712687, 51.0777369513546]
                ]
            ]
        },
        "Charleroi": {
            "size": 90,
            "radius": 200,
            "rings": [
                [
                    [4.358508984842766, 50.4640212086713],
                    [4.49223319748927, 50.46467684343736],
                    [4.543044965067395, 50.398192972644054],
                    [4.462879102030286, 50.36798198156025],
                    [4.359023968973645, 50.36338296971307],
                    [4.433181683817395, 50.410337619422265],
                    [4.358508984842766, 50.4640212086713]
                ]
            ]
        },
        "Liege": {
            "size": 79,
            "radius": 200,
            "rings": [
                [
                    [5.500284217774777, 50.66885962073722],
                    [5.641733192384152, 50.68126109288118],
                    [5.623193763673214, 50.58239355073253],
                    [5.589033149659542, 50.586753327720075],
                    [5.6031093825696985, 50.60811040047419],
                    [5.476938270509152, 50.61464634260424],
                    [5.500284217774777, 50.66885962073722]
                ]
            ]
        },
        "Brussels": {
            "size": 204,
            "radius": 200,
            "rings": [
                [
                    [4.297543475503289, 50.90879615449731],
                    [4.454098651284539, 50.914207951097005],
                    [4.523278186196649, 50.817783865488174],
                    [4.443627307290399, 50.81594011576842],
                    [4.375578441549237, 50.76991191782076],
                    [4.281164684225018, 50.78749611964332],
                    [4.253183879781659, 50.8436777829657],
                    [4.297543475503289, 50.90879615449731]
                ]
            ]
        },
        "Bruges": {
            "size": 32,
            "radius": 150,
            "rings": [
                [
                    [3.1991895870908706, 51.23684612794997],
                    [3.253863735650441, 51.23362168644198],
                    [3.2815870480283706, 51.18834818403936],
                    [3.1723245815977066, 51.180762402982566],
                    [3.1991895870908706, 51.23684612794997]
                ]
            ]
        }
    }
}
