{
    "searchArea": {
        "Bulgaria1": {
            "size": 395,
            "radius": 5000,
            "rings": [
                [
                    [28.50050104546917, 43.353067410599124],
                    [28.58289850640667, 43.72935314614805],
                    [26.87727106500042, 44.11906582705523],
                    [25.41059626031292, 43.61214043238308],
                    [22.84528864312542, 43.84237512404593],
                    [23.00459040093792, 44.07567125752873],
                    [22.66401422906292, 44.19985254276544],
                    [22.38386286187542, 43.71545852167627],
                    [23.03205622125042, 43.16905223681273],
                    [22.45802057671917, 42.6177138463836],
                    [22.85627497125042, 42.02473528671375],
                    [22.97712458062542, 41.33549680864305],
                    [24.53718317437542, 41.561953013363336],
                    [25.28425348687542, 41.24469306834194],
                    [26.16315973687542, 41.372607362502876],
                    [26.04780329156292, 41.69744718775296],
                    [27.25629938531292, 42.11037074459885],
                    [28.05280817437542, 41.97983252051727],
                    [27.65180719781292, 42.52062182184769],
                    [28.06928766656292, 43.30911438050814],
                    [28.50050104546917, 43.353067410599124]
                ]
            ]
        },
        "Sofia": {
            "size": 207,
            "radius": 500,
            "rings": [
                [
                    [23.272512913061483, 42.751317354317685],
                    [23.425291538549764, 42.71323791967091],
                    [23.411215305639608, 42.58596912152483],
                    [23.224104404760702, 42.64862599322635],
                    [23.21689462692867, 42.699866747182085],
                    [23.272512913061483, 42.751317354317685]
                ]
            ]
        },
        "Plovdiv": {
            "size": 43,
            "radius": 200,
            "rings": [
                [
                    [24.74474174376488, 42.17844339476543],
                    [24.804994887075427, 42.14459623930583],
                    [24.785082167348865, 42.1139145749856],
                    [24.676763838491443, 42.12015395926724],
                    [24.74474174376488, 42.17844339476543]
                ]
            ]
        },
        "Varna": {
            "size": 50,
            "radius": 300,
            "rings": [
                [
                    [27.91590698223282, 43.19631816746382],
                    [27.86097534160782, 43.2118339647156],
                    [27.838659362603913, 43.25285672548643],
                    [27.95006759624649, 43.23147330468249],
                    [28.00705917339493, 43.23710124833926],
                    [28.038816528131257, 43.292602428193],
                    [28.04894454937149, 43.289103848729354],
                    [28.015642242242585, 43.22772105349757],
                    [27.91590698223282, 43.19631816746382]
                ]
            ]
        },
        "Burgas": {
            "size": 10,
            "radius": 100,
            "rings": [
                [
                    [27.483230558696086, 42.48973085284043],
                    [27.459455457988078, 42.490553635802094],
                    [27.456279722514445, 42.51036045046185],
                    [27.43542286521464, 42.52168485017969],
                    [27.466751066508586, 42.53452803283023],
                    [27.473789182963664, 42.5135900764329],
                    [27.485204664531047, 42.511059334565644],
                    [27.483230558696086, 42.48973085284043]
                ]
            ]
        },
        "Ruse": {
            "size": 23,
            "radius": 300,
            "rings": [
                [
                    [25.974081536717872, 43.820021367283736],
                    [25.92395641464756, 43.81841120679941],
                    [25.95416881699131, 43.859766171607475],
                    [26.013906976170997, 43.87622588755997],
                    [26.018198510594825, 43.85184408696963],
                    [25.983694573827247, 43.843054292906224],
                    [25.974081536717872, 43.820021367283736]
                ]
            ]
        },
        "StaraZagora": {
            "size": 13,
            "radius": 200,
            "rings": [
                [
                    [25.607036764038543, 42.410598366069],
                    [25.594505483520965, 42.42757960823844],
                    [25.63587587536667, 42.44658300609807],
                    [25.677417928589325, 42.428719974620016],
                    [25.607036764038543, 42.410598366069]
                ]
            ]
        },
        "Pleven": {
            "size": 15,
            "radius": 200,
            "rings": [
                [
                    [24.62183034606565, 43.38789141325917],
                    [24.57737004943479, 43.43465450966715],
                    [24.667320610958228, 43.413958499649794],
                    [24.62183034606565, 43.38789141325917]
                ]
            ]
        },
        "Silven": {
            "size": 11,
            "radius": 300,
            "rings": [
                [
                    [26.361597796174035, 42.67306742084887],
                    [26.300486345978722, 42.670543146405],
                    [26.2965381343088, 42.68682291459129],
                    [26.3569629389963, 42.696664426130766],
                    [26.361597796174035, 42.67306742084887]
                ]
            ]
        },
        "Dobrich": {
            "size": 14,
            "radius": 200,
            "rings": [
                [
                    [27.848891785654743, 43.55435608112153],
                    [27.82297091773482, 43.54539813979181],
                    [27.79979663184615, 43.572765446034175],
                    [27.824172547373493, 43.588185177279115],
                    [27.859363129648884, 43.57985403873185],
                    [27.848891785654743, 43.55435608112153]
                ]
            ]
        },
        "Shumen": {
            "size": 9,
            "radius": 200,
            "rings": [
                [
                    [26.901937292062417, 43.265831140880444],
                    [26.90459804340519, 43.282204024843],
                    [26.92931728168644, 43.28539060075169],
                    [26.965452001535073, 43.27564290180951],
                    [26.935668752633706, 43.25951828025237],
                    [26.901937292062417, 43.265831140880444]
                ]
            ]
        }
    }
}
