{
    "searchArea": {
        "Bermuda1": {
            "size": 78,
            "radius": 200,
            "rings": [
                [
                    [-64.67456710572577, 32.39280933056409],
                    [-64.64469802613593, 32.36917938429778],
                    [-64.65096366639472, 32.34684848235516],
                    [-64.7202290319953, 32.31276148080692],
                    [-64.78228461976386, 32.268501771794014],
                    [-64.83198058839179, 32.24629122469741],
                    [-64.87423074479437, 32.24959411727685],
                    [-64.8852385305915, 32.277282874392284],
                    [-64.88030326600409, 32.30391126760866],
                    [-64.83309638734198, 32.331184560633474],
                    [-64.80399978394843, 32.30753850871248],
                    [-64.7705687307868, 32.30851783891581],
                    [-64.71653831239081, 32.36475714360263],
                    [-64.67456710572577, 32.39280933056409]
                ],
                [
                    [-64.68574944711804, 32.32943437080273],
                    [-64.69347420908093, 32.3381370525314],
                    [-64.70639172769665, 32.34187169682316],
                    [-64.7094387171376, 32.35129826863476],
                    [-64.70205727792859, 32.364928804255534],
                    [-64.68574944711804, 32.36866234246696],
                    [-64.66673794962051, 32.36231886073664],
                    [-64.65841237283828, 32.34299568580357],
                    [-64.68574944711804, 32.32943437080273]
                ],
                [
                    [-64.71713350306385, 32.32176070302882],
                    [-64.7392778206908, 32.324335551745364],
                    [-64.73211095820301, 32.33612089639267],
                    [-64.7158460427367, 32.34478667844765],
                    [-64.70584676752918, 32.33644723794993],
                    [-64.71485898981922, 32.32846966272126],
                    [-64.71713350306385, 32.32176070302882]
                ],
                [
                    [-64.86979876423966, 32.2867928584778],
                    [-64.82877169514786, 32.328360190449075],
                    [-64.81057558919082, 32.31312830356178],
                    [-64.81915865803849, 32.30471340103363],
                    [-64.793495282184, 32.28258428226262],
                    [-64.8308316316713, 32.266836670114],
                    [-64.83211909199844, 32.25761905776127],
                    [-64.86147318745743, 32.25580445687322],
                    [-64.86979876423966, 32.2867928584778]
                ]
            ]
        }
    }
}
