{
    "searchArea": {
        "Bolivia1": {
            "size": 170,
            "radius": 25000,
            "rings": [
                [
                    [-68.9305432900328, -16.08866785663131],
                    [-67.6231702431578, -16.030601175937438],
                    [-67.8154309853453, -17.083662894928516],
                    [-66.6453870400328, -17.52944157624746],
                    [-65.5577405556578, -16.820939461205803],
                    [-63.393433915032794, -16.784128962140397],
                    [-62.525513993157794, -17.010137385772598],
                    [-60.558961258782794, -17.90096125185585],
                    [-62.437623368157794, -17.785924854268252],
                    [-63.343995438470316, -21.254148723512508],
                    [-64.28332649315782, -21.604417095186893],
                    [-64.89306770409532, -21.99459230983027],
                    [-64.98919807518907, -21.170932926942296],
                    [-63.55410896386094, -20.849795334993836],
                    [-64.07458625878282, -19.37136390742272],
                    [-66.48608528222032, -20.278266838289014],
                    [-66.23751960839219, -19.433538288570578],
                    [-66.91180549706407, -19.021192696706997],
                    [-68.34826789940782, -19.00561228622719],
                    [-68.91131721581407, -18.271704418589906],
                    [-69.1228040322203, -16.41036454687555],
                    [-68.9305432900328, -16.08866785663131]
                ]
            ]
        },
        "LaPaz": {
            "size": 170,
            "radius": 100,
            "rings": [
                [
                    [-68.24553125238839, -16.5320556880977],
                    [-68.18390481806223, -16.564472271718362],
                    [-68.12107675409739, -16.52621354173496],
                    [-68.07962053156321, -16.556615453027803],
                    [-68.01893823481026, -16.539296412851662],
                    [-68.11197870111886, -16.46243215154373],
                    [-68.16622369623606, -16.453542238394753],
                    [-68.21652047968333, -16.47560164400541],
                    [-68.24553125238839, -16.5320556880977]
                ]
            ]
        },
        "Cochabamba": {
            "size": 170,
            "radius": 100,
            "rings": [
                [
                    [-66.21819535399639, -17.324880999500657],
                    [-66.24497452880108, -17.40450616758393],
                    [-66.14592591429913, -17.439556468903664],
                    [-66.12172166014874, -17.356178144933146],
                    [-66.21819535399639, -17.324880999500657]
                ]
            ]
        },
        "SantaCruz": {
            "size": 170,
            "radius": 200,
            "rings": [
                [
                    [-63.18515359379968, -17.70394618403969],
                    [-63.08902322270593, -17.783731834271865],
                    [-63.173137297412964, -17.889948359912516],
                    [-63.2466083667489, -17.829167578599154],
                    [-63.18515359379968, -17.70394618403969]
                ]
            ]
        },
        "Oruro": {
            "size": 170,
            "radius": 100,
            "rings": [
                [
                    [-67.11016329716942, -17.92691442830436],
                    [-67.0908513922622, -17.97312999085238],
                    [-67.0996061224868, -17.985988179437],
                    [-67.11642893742821, -17.996233240093666],
                    [-67.13788660954735, -17.986110633873658],
                    [-67.14561137151024, -17.947574113991617],
                    [-67.12844523381493, -17.926669437329984],
                    [-67.11016329716942, -17.92691442830436]
                ],
                [
                    [-67.12955887096649, -17.930630494559324],
                    [-67.14243347423798, -17.948268583545577],
                    [-67.13994438427216, -17.965986559475937],
                    [-67.13299209850555, -17.975947037794512],
                    [-67.12312156933075, -17.97774312984365],
                    [-67.11960251110321, -17.957495216559384],
                    [-67.1159976221872, -17.937000007244706],
                    [-67.12363655346161, -17.9300588604206],
                    [-67.12955887096649, -17.930630494559324]
                ]
            ]
        },
        "Sucre": {
            "size": 170,
            "radius": 50,
            "rings": [
                [
                    [-65.26603314151428, -19.027856940701355],
                    [-65.27435871829651, -19.057186790790293],
                    [-65.24779412021302, -19.055118050117063],
                    [-65.23603531589173, -19.040311604130963],
                    [-65.24860951175354, -19.024570701160624],
                    [-65.26603314151428, -19.027856940701355]
                ]
            ]
        }
    }
}
