{
    "searchArea": {
        "Brazil1": {
            "size": 9131,
            "radius": 50000,
            "rings": [
                [
                    [-50.856496550254164, 1.8180925578922433],
                    [-57.316457487754164, -3.9353403277918386],
                    [-59.469777800254164, 1.0712650074997851],
                    [-60.128957487754164, 4.866734219660024],
                    [-61.974660612754164, 3.815087189558596],
                    [-65.35844967525416, -9.67099537848733],
                    [-57.426320769004164, -16.767573782020545],
                    [-57.777883269004164, -22.00911915998393],
                    [-55.624562956504164, -22.31435931242082],
                    [-53.471242644004164, -26.69149408146187],
                    [-57.184621550254164, -29.997620780239153],
                    [-52.61932490914874, -32.926774731350164],
                    [-48.07098506539874, -27.81105239843432],
                    [-47.34588740914874, -24.77791436406244],
                    [-41.74286006539874, -22.989908656087493],
                    [-34.02598225904069, -5.750251303278127],
                    [-50.856496550254164, 1.8180925578922433]
                ],
                [
                    [-63.20123711006907, -8.50294713190781],
                    [-58.76276054756907, -4.158117976117721],
                    [-50.47906914131907, -5.187386299817166],
                    [-52.19293632881907, -12.584736024006387],
                    [-63.20123711006907, -8.50294713190781]
                ]
            ]
        },
        "SaoPaulo": {
            "size": 2256,
            "radius": 1000,
            "rings": [
                [
                    [-46.293570233664965, -23.37840802240656],
                    [-46.325313297749666, -23.730890151118658],
                    [-46.874629703999666, -23.766714667155483],
                    [-46.88973590517154, -23.424410093768184],
                    [-46.293570233664965, -23.37840802240656]
                ]
            ]
        },
        "RioDeJaneiro": {
            "size": 904,
            "radius": 1000,
            "rings": [
                [
                    [-43.225415622455635, -22.99432752593417],
                    [-43.52513638661579, -22.75867033418422],
                    [-43.45544186757282, -22.67348043016671],
                    [-43.16018429921345, -22.79064243041508],
                    [-43.20481625722126, -22.866901991550005],
                    [-42.901318942768135, -22.759936698243475],
                    [-43.0475744359322, -22.915609770998405],
                    [-43.225415622455635, -22.99432752593417]
                ]
            ]
        },
        "Brasilia": {
            "size": 617,
            "radius": 1000,
            "rings": [
                [
                    [-48.16302932610706, -15.78938318583023],
                    [-47.952572477962526, -15.787731335860208],
                    [-47.876698149349245, -15.68760414220136],
                    [-47.76649154534534, -15.776828788412178],
                    [-47.94124282708362, -15.942285967155449],
                    [-48.11084426751331, -15.93469310558856],
                    [-48.16302932610706, -15.78938318583023]
                ]
            ]
        },
        "Salvador": {
            "size": 329,
            "radius": 1000,
            "rings": [
                [
                    [-38.5335984062104, -13.011062841868988],
                    [-38.465620500936964, -13.017083921676349],
                    [-38.27576301802681, -12.878562206008764],
                    [-38.487593157186964, -12.816972361739094],
                    [-38.5335984062104, -13.011062841868988]
                ]
            ]
        },
        "Fortaleza": {
            "size": 1222,
            "radius": 500,
            "rings": [
                [
                    [-38.46859788917176, -3.7047015776483843],
                    [-38.27359056495301, -3.9479171927267576],
                    [-38.6189732553827, -3.9951819549334107],
                    [-38.77896165870301, -3.610137500029873],
                    [-38.46859788917176, -3.7047015776483843]
                ]
            ]
        },
        "BeloHorizonte": {
            "size": 551,
            "radius": 1000,
            "rings": [
                [
                    [-43.866382286830934, -19.920374463263514],
                    [-44.06001632003406, -20.04491864780429],
                    [-44.229617760463746, -19.958780702054437],
                    [-44.042850182338746, -19.860002953782544],
                    [-43.960452721401246, -19.729173101673535],
                    [-43.866382286830934, -19.920374463263514]
                ]
            ]
        },
        "Manaus": {
            "size": 266,
            "radius": 500,
            "rings": [
                [
                    [-59.99912676851648, -3.156208024595255],
                    [-60.08118090670008, -3.091759267168242],
                    [-60.01560626070398, -2.9409065843327684],
                    [-59.884456968711795, -3.0578192465836618],
                    [-59.99912676851648, -3.156208024595255]
                ]
            ]
        },
        "Curitiba": {
            "size": 721,
            "radius": 1000,
            "rings": [
                [
                    [-49.148948142460476, -25.573477123151367],
                    [-49.429099509647976, -25.587412283866914],
                    [-49.30138344519485, -25.300642082869174],
                    [-49.081313559940945, -25.364565643334622],
                    [-49.148948142460476, -25.573477123151367]
                ]
            ]
        },
        "Recife": {
            "size": 516,
            "radius": 1000,
            "rings": [
                [
                    [-34.92767511485819, -8.241189420330342],
                    [-34.80864408520197, -7.909861833637633],
                    [-34.930866985592594, -7.87483454844163],
                    [-35.03635456837695, -8.132211343563853],
                    [-34.92767511485819, -8.241189420330342]
                ]
            ]
        },
        "Goiania": {
            "size": 601,
            "radius": 1000,
            "rings": [
                [
                    [-49.22124484177745, -16.859694088337115],
                    [-49.366127043925886, -16.820590693691535],
                    [-49.40389254685557, -16.545654595146566],
                    [-49.14262393113292, -16.650282118575685],
                    [-49.22124484177745, -16.859694088337115]
                ]
            ]
        },
        "area": {
            "size": 272,
            "radius": 1000,
            "rings": [
                [
                    [-48.45121656543981, -1.4792224095167195],
                    [-48.51164137012731, -1.4754471145425208],
                    [-48.49104200489293, -1.2863313014326856],
                    [-48.305991040537464, -1.3676769649546299],
                    [-48.45121656543981, -1.4792224095167195]
                ]
            ]
        },
        "PortoAlegre": {
            "size": 483,
            "radius": 1000,
            "rings": [
                [
                    [-51.26976447878532, -30.11684736007895],
                    [-51.15612464724235, -29.87719552022403],
                    [-50.94086128054313, -29.94326156459318],
                    [-51.19663673220329, -30.172366166066922],
                    [-51.26976447878532, -30.11684736007895]
                ]
            ]
        },
        "Cuiaba": {
            "size": 393,
            "radius": 1000,