{
    "searchArea": {
        "Bhutan1": {
            "size": 18,
            "radius": 20000,
            "rings": [
                [
                    [89.05693125226296, 26.913614307433733],
                    [89.19975351788796, 27.44137462139966],
                    [89.7078711936692, 27.932655579503916],
                    [90.0759131858567, 27.624038776715548],
                    [90.7295997092942, 27.697019324487645],
                    [91.33659433820046, 27.95691887353051],
                    [91.99028086163796, 26.879321704847527],
                    [91.51786875226296, 26.759215703431437],
                    [90.49614023663796, 26.798447982667764],
                    [89.9275977561692, 26.91851240060539],
                    [89.2903907249192, 26.761668118012643],
                    [89.05693125226296, 26.913614307433733]
                ]
            ]
        },
        "Thimphu": {
            "size": 18,
            "radius": 100,
            "rings": [
                [
                    [89.62025004525889, 27.474109075753088],
                    [89.65406733651865, 27.44036917427242],
                    [89.63157969613779, 27.433437126501936],
                    [89.64805918832529, 27.419952665772445],
                    [89.66050463815439, 27.437017469279276],
                    [89.67260676522959, 27.43785540507134],
                    [89.6392186274122, 27.48218074915654],
                    [89.64668589730967, 27.5168213068593],
                    [89.63707286020029, 27.518039237903096],
                    [89.62025004525889, 27.474109075753088]
                ]
            ]
        }
    }
}
