{
    "searchArea": {
        "Botswana1": {
            "size": 510,
            "radius": 20000,
            "rings": [
                [
                    [21.765846234585066, -18.253669501703726],
                    [21.485694867397566, -21.99735644537949],
                    [20.030006390835066, -22.12971949257364],
                    [20.238746625210066, -23.335503502127647],
                    [22.452491742397566, -26.203064619881598],
                    [24.056495648647566, -24.590393226914486],
                    [25.567115765835066, -25.659656133678794],
                    [25.896705609585066, -24.74514128522156],
                    [29.203590375210066, -22.083915543692196],
                    [25.216812231637675, -17.746914321866257],
                    [24.44639597187205, -18.093180778326182],
                    [25.812820532418925, -20.1031965622615],
                    [21.765846234585066, -18.253669501703726]
                ],
                [
                    [21.647512011485016, -21.96890415006722],
                    [23.240529589610016, -20.27804528818173],
                    [26.366139941172516, -22.47741389106331],
                    [23.405324511485016, -23.871148185890178],
                    [21.647512011485016, -21.96890415006722]
                ]
            ]
        },
        "Gaborone": {
            "size": 310,
            "radius": 1000,
            "rings": [
                [
                    [25.975497717027494, -24.699645480026998],
                    [25.88142728245718, -24.698085908179124],
                    [25.791476720933744, -24.6469211344847],
                    [25.79679822361929, -24.547027074912723],
                    [26.02630948460562, -24.534690877345117],
                    [25.94339703953726, -24.600886121849033],
                    [26.010173315172025, -24.655970091270852],
                    [25.975497717027494, -24.699645480026998]
                ]
            ]
        },
        "Palapye": {
            "size": 17,
            "radius": 150,
            "rings": [
                [
                    [27.151379610987895, -22.537679729522267],
                    [27.13756087014317, -22.55805205476058],
                    [27.083144213649028, -22.55091811964476],
                    [27.094645525904888, -22.522933680953113],
                    [27.151379610987895, -22.537679729522267]
                ]
            ]
        },
        "Maun": {
            "size": 83,
            "radius": 600,
            "rings": [
                [
                    [23.449477845506383, -20.05161199084116],
                    [23.36690872319193, -19.98548313039957],
                    [23.513679200486852, -19.93013935706634],
                    [23.449477845506383, -20.05161199084116]
                ]
            ]
        },
        "Lethakane": {
            "size": 18,
            "radius": 150,
            "rings": [
                [
                    [25.595606136054958, -21.447821416499572],
                    [25.559728908271754, -21.42537144380372],
                    [25.582130717964137, -21.372708326843913],
                    [25.601356792182887, -21.428167892030626],
                    [25.595606136054958, -21.447821416499572]
                ]
            ]
        },
        "Francistown": {
            "size": 82,
            "radius": 700,
            "rings": [
                [
                    [27.5643155976917, -21.204507890608554],
                    [27.460632126012012, -21.226111588695424],
                    [27.438659469762012, -21.190263723706785],
                    [27.5038907930042, -21.118061516920033],
                    [27.5643155976917, -21.204507890608554]
                ]
            ]
        }
    }
}
