{
    "searchArea": {
        "Minsk1": {
            "size": 2,
            "radius": 300,
            "rings": [
                [
                    [27.57940947332378, 53.88822862846671],
                    [27.54516302862163, 53.89591689842277],
                    [27.557007663631403, 53.91128919561499],
                    [27.57940947332378, 53.88822862846671]
                ]
            ]
        },
        "Minsk2": {
            "size": 1,
            "radius": 150,
            "rings": [
                [
                    [27.594515674495653, 53.92645368073219],
                    [27.582413547420458, 53.909620765988514],
                    [27.57812201299663, 53.91022747538251],
                    [27.578980319881396, 53.919327058723866],
                    [27.59013830938335, 53.927868751665144],
                    [27.594515674495653, 53.92645368073219]
                ]
            ]
        },
        "Minsk3": {
            "size": 1,
            "radius": 150,
            "rings": [
                [
                    [27.634856098079638, 53.903199218003984],
                    [27.62927710332867, 53.9067387760077],
                    [27.63725935735699, 53.935448671915346],
                    [27.640778415584528, 53.928273048834335],
                    [27.63897597112652, 53.90537355345143],
                    [27.634856098079638, 53.903199218003984]
                ]
            ]
        },
        "Kamyanyets": {
            "size": 2,
            "radius": 150,
            "rings": [
                [
                    [23.842594417730083, 52.379709709200284],
                    [23.80474308411192, 52.38411052356514],
                    [23.771955761113873, 52.40904018685438],
                    [23.854868206182232, 52.4065269096907],
                    [23.842594417730083, 52.379709709200284]
                ]
            ]
        },
        "Vitsebsk": {
            "size": 1,
            "radius": 150,
            "rings": [
                [
                    [30.243465066500395, 55.20058942481452],
                    [30.249044061251368, 55.18745954519609],
                    [30.244924188204493, 55.181775120768556],
                    [30.235911965914454, 55.18304928641334],
                    [30.234023690767973, 55.19892393353142],
                    [30.243465066500395, 55.20058942481452]
                ]
            ]
        }
    }
}
