{
    "searchArea": {
        "Canada1": {
            "size": 110789,
            "radius": 35000,
            "rings": [
                [
                    [-140.953893617391, 64.11912758529418],
                    [-132.4037571728155, 69.56557827980166],
                    [-137.35584457515924, 63.710035953186534],
                    [-84.38847452453454, 48.701427118829734],
                    [-55.57415191219709, 51.65513296763247],
                    [-51.68499175594711, 47.08092127565285],
                    [-66.01116363094711, 43.14463231772709],
                    [-68.27434722469711, 47.70564653353206],
                    [-82.99602691219711, 41.71756614038759],
                    [-82.29290191219711, 45.5328531331956],
                    [-88.26946441219711, 48.439721591213925],
                    [-95.15664619412505, 49.01375226530005],
                    [-123.30890421043205, 49.00300456375017],
                    [-123.27045206199455, 48.317257646904736],
                    [-125.97884609439211, 48.81168487970612],
                    [-130.6919808600171, 54.6399343232982],
                    [-130.0547738287671, 56.10063918917054],
                    [-136.3828988287671, 59.571431366132934],
                    [-141.0191292975171, 62.35300660997481],
                    [-140.953893617391, 64.11912758529418]
                ]
            ]
        },
        "Toronto": {
            "size": 65298,
            "radius": 2000,
            "rings": [
                [
                    [-79.08957887075051, 43.27196026160413],
                    [-78.92478394887551, 42.86263227921172],
                    [-80.18736900340879, 42.77142730217464],
                    [-80.51146568309629, 42.53710898741075],
                    [-81.14317955028379, 42.64225740686163],
                    [-82.89275230419004, 41.91476043096847],
                    [-83.13170494090879, 42.198221707181254],
                    [-82.92571128856504, 42.34861289311514],
                    [-82.43132652294004, 42.320188032014926],
                    [-82.56041587840879, 42.55329721223616],
                    [-82.39836753856504, 43.018920813577566],
                    [-81.72270835887754, 43.34337171180562],
                    [-81.75566734325254, 44.058197140971366],
                    [-81.29424156200254, 44.596544446532725],
                    [-81.72820152294004, 45.2400663229012],
                    [-81.57439292919004, 45.32123510074392],
                    [-80.79985679637754, 44.621734599452736],
                    [-80.10771812450254, 44.492567422778265],
                    [-80.08574546825254, 44.820792601909],
                    [-77.22930015575254, 44.476891311863874],
                    [-77.59734214794004, 43.99279479367807],
                    [-79.13542808544004, 43.77504057224703],
                    [-79.78911460887754, 43.293180376199146],
                    [-79.08957887075051, 43.27196026160413]
                ]
            ]
        },
        "Montreal": {
            "size": 23928,
            "radius": 2000,
            "rings": [
                [
                    [-74.10963824758647, 44.99852866528414],
                    [-74.16731647024272, 46.060581795782056],
                    [-72.86476282383902, 46.55376932678168],
                    [-71.65626673008902, 45.38939354560837],
                    [-72.04628137852652, 45.01006805935092],
                    [-74.10963824758647, 44.99852866528414]
                ]
            ]
        },
        "Ottawa": {
            "size": 11373,
            "radius": 2000,
            "rings": [
                [
                    [-75.72670130040152, 44.55388796266562],
                    [-74.68025354649527, 45.01006805935092],
                    [-74.96040491368277, 45.69525391878244],
                    [-76.36665491368277, 45.535798551235104],
                    [-76.28151087071402, 44.97510525608617],
                    [-75.72670130040152, 44.55388796266562]
                ]
            ]
        },
        "Quebec": {
            "size": 3302,
            "radius": 2000,
            "rings": [
                [
                    [-72.03509974420095, 46.90409282836491],
                    [-70.96393275201345, 47.02967253278148],
                    [-70.6590621465447, 46.83649539015368],
                    [-71.5324752324822, 46.49155836944149],
                    [-72.03509974420095, 46.90409282836491]
                ]
            ]
        },
        "Vancouver": {
            "size": 2076,
            "radius": 2000,
            "rings": [
                [
                    [-122.76148175591, 49.00373672695394],
                    [-123.19406842583187, 49.12341129911005],
                    [-123.26685284966, 49.28223063819804],
                    [-123.16660260551937, 49.27864713308797],
                    [-123.15012311333187, 49.37531038897442],
                    [-122.17645978325375, 49.166531359577355],
                    [-122.13471566291165, 49.00601979391346],
                    [-122.76148175591, 49.00373672695394]
                ]
            ]
        },
        "Calgary": {
            "size": 760,
            "radius": 1500,
            "rings": [
                [
                    [-113.89219453376941, 50.8955355009701],
                    [-114.13252046150379, 50.83312845497979],
                    [-114.27671601814441, 51.16500143926936],
                    [-113.93339326423816, 51.20115610476832],
                    [-113.89219453376941, 50.8955355009701]
                ]
            ]
        },
        "Edmonton": {
            "size": 1219,
            "radius": 1500,
            "rings": [
                [
                    [-113.74718381145426, 53.66945323218296],
                    [-113.24043942668864, 53.667826008100086],
                    [-113.23219968059489, 53.35259398872808],
                    [-113.78151608684489, 53.35833151782385],
                    [-113.74718381145426, 53.66945323218296]
                ]
            ]
        },
        "Winnipeg": {
            "size": 1614,
            "radius": 1500,
            "rings": [
                [
                    [-97.38605552673809, 49.97825971046885],
                    [-96.82300621033184, 50.19941584486583],
                    [-96.82437950134747, 49.71347779735671],
                    [-97.37369590759747, 49.73922251228903],
                    [-97.38605552673809, 49.97825971046885]
                ]
            ]
        }
    }
}
