{
    "searchArea": {
        "CocosIslands1": {
            "size": 54,
            "radius": 500,
            "rings": [
            [
            [ 96.88853349640777, -12.20312533741457 ],
            [ 96.84269990876129, -12.207990987525966 ],
            [ 96.8159207339566, -12.178460150940563 ],
            [ 96.81798067048004, -12.132815126255865 ],
            [ 96.83720674469879, -12.147583491175698 ],
            [ 96.86347093537262, -12.103611633060671 ],
            [ 96.82896699860504, -12.07524426453869 ],
            [ 96.83806505158356, -12.069872589928508 ],
            [ 96.88853349640777, -12.088672979622803 ],
            [ 96.90793123200348, -12.123416649684353 ],
            [ 96.82381715729645, -12.160840757238029 ],
            [ 96.83961000397613, -12.19322598034635 ],
            [ 96.88939180329254, -12.187688890623575 ],
            [ 96.88853349640777, -12.20312533741457 ]
            ]]
            }
    }
}
