{
    "searchArea": {
        "Switzerland": {
            "size": 356,
            "radius": 4000,
            "rings": [
                [
                    [6.112799412769814, 46.57940974038471],
                    [6.456122166676064, 46.77445115246934],
                    [6.445135838551064, 46.93504142715014],
                    [6.71489863259132, 47.05432951208894],
                    [7.054101513450695, 47.33800251778651],
                    [6.988183544700695, 47.464418013024364],
                    [7.25597529274757, 47.41797698752328],
                    [7.48668818337257, 47.48205485419203],
                    [7.595178173606945, 47.590530230367015],
                    [7.691308544700695, 47.57107681497016],
                    [7.69268183571632, 47.53214829766062],
                    [7.891809032981945, 47.58775161358081],
                    [7.92614130837257, 47.54790856191512],
                    [8.24199824196632, 47.609050572502895],
                    [8.441125439231945, 47.56551736858573],
                    [8.410442255174141, 47.69897494560252],
                    [8.576610468064766, 47.80238933519004],
                    [8.744151971971016, 47.75347778189226],
                    [8.733165643846016, 47.69897494560252],
                    [8.796337030564766, 47.72854288355712],
                    [8.885600946580391, 47.655516617810626],
                    [9.157512567674141, 47.66569096027571],
                    [9.386852167283516, 47.57219751209704],
                    [9.510448358689766, 47.47946500700006],
                    [9.566753290330391, 47.49802462351128],
                    [9.677989862596016, 47.38935781988797],
                    [9.603832147752266, 47.350294465811515],
                    [9.484355829392891, 47.19188528412736],
                    [9.529674432908516, 47.08539232351551],
                    [9.514568231736641, 47.04984726854372],
                    [9.863384149705391, 47.00397786516179],
                    [9.993846796189766, 46.821045745215415],
                    [10.390727899705391, 46.99648523988695],
                    [10.493724725877266, 46.93087994582625],
                    [10.425060175096016, 46.5563373663226],
                    [10.107829950486641, 46.653516314696304],
                    [10.154857485543944, 46.228636152931884],
                    [9.822521059762694, 46.40600214524821],
                    [9.52451690937207, 46.317865250756306],
                    [9.446239321481444, 46.492106003578854],
                    [9.27732452655957, 46.494942274792756],
                    [9.19767364765332, 46.18872087347689],
                    [9.01639923359082, 46.035443573947234],
                    [9.072704165231444, 45.88651977025243],
                    [9.02738556171582, 45.81956487151771],
                    [8.913402407418944, 45.84061652560899],
                    [8.938121645700194, 45.874091383935735],
                    [8.836498110543944, 45.986800986388666],
                    [8.85160431171582, 46.07832797837624],
                    [8.62089142109082, 46.12689004327885],
                    [8.43412384296582, 46.28655669027417],
                    [8.506908266793944, 46.48454189051053],
                    [8.06058868671582, 46.26472498426053],
                    [8.14847931171582, 46.165899119088536],
                    [7.769450991403319, 45.92856444977299],
                    [7.447688542945365, 46.04052002889835],
                    [7.178523503882865, 45.862927430790116],
                    [6.80910822067974, 46.214692923900685],
                    [6.83108087692974, 46.4536363566476],
                    [6.524836980445365, 46.50281221519315],
                    [6.225459539039115, 46.35799470718068],
                    [6.299617253882865, 46.23084496434963],
                    [6.12847048002088, 46.14205690023935],
                    [5.9684820767005675, 46.14015383554759],
                    [6.00212770658338, 46.22430150620269],
                    [6.1236639614661925, 46.25042286046941],
                    [6.12297731595838, 46.323022313388435],
                    [6.173789083536505, 46.366156749454234],
                    [6.112799412769814, 46.57940974038471]
                ]
            ]
        },
        "Zurich": {
            "size": 67,
            "radius": 200,
            "rings": [
                [
                    [8.466072835630033, 47.392336885441544],
                    [8.520661153501127, 47.348274753645434],
                    [8.538342275327299, 47.311508790977456],
                    [8.557568349546049, 47.31360374209051],
                    [8.538342275327299, 47.34245905888754],
                    [8.540402211850736, 47.36455529034294],
                    [8.571301259702299, 47.33175650641026],
                    [8.584690847104643, 47.33478136071045],
                    [8.582974233335111, 47.36339256144814],
                    [8.553448476499174, 47.39291793403875],
                    [8.582287587827299, 47.43218196532262],
                    [8.520489492124174, 47.419406943545326],
                    [8.492680349057768, 47.42684006066191],
                    [8.427792348569486, 47.401749083963665],
                    [8.466072835630033, 47.392336885441544]
                ]
            ]
        },
        "Bern": {
            "size": 40,
            "radius": 150,
            "rings": [
                [
                    [7.412254532663423, 46.94066304987695],
                    [7.405731400339204, 46.919679650409606],
                    [7.465469559518891, 46.92542452666052],
                    [7.507526596872407, 46.95695175119395],
                    [7.50220509418686, 46.97885750780417],
                    [7.428734024850923, 46.97850614936014],
                    [7.430450638620454, 46.9592950413001],
                    [7.382728775827485, 46.95249921726953],
                    [7.385303696481782, 46.932575450579684],
                    [7.412254532663423, 46.94066304987695]
                ]
            ]
        },
        "Geneva": {
            "size": 70,
            "radius": 200,
            "rings": [
                [
                    [6.151742134320686, 46.20531541617446],
                    [6.1513988115667795, 46.249017433610696],
                    [6.1060802080511545, 46.231208311881396],
                    [6.069516334760139, 46.17548783112247],
                    [6.100072059857795, 46.14623871425418],
                    [6.175946388471076, 46.170257423611154],
                    [6.212338600385139, 46.20151359645126],
                    [6.202038917767951, 46.24248809349354],
                    [6.171054039227912, 46.21143341736909],
                    [6.151742134320686, 46.20531541617446]
                ]
            ]
        },
        "Basel": {
            "size": 75,
            "radius": 200,
            "rings": [
                [
                    [7.523624020367783, 47.55038453445948],
                    [7.591258602887314, 47.58929950875335],
                    [7.60808141782872, 47.574478166089065],
                    [7.656146603375595, 47.59311995581107],
                    [7.660609799176377, 47.56938236041561],
                    [7.629882412701767, 47.557451603618865],
                    [7.662669735699814, 47.52407739618466],
                    [7.625934201031845, 47.525932076195296],
                    [7.622157650738877, 47.47142352016977],
                    [7.544566708356064, 47.49694520826911],
                    [7.561046200543564, 47.535204492622235],
                    [7.523624020367783, 47.55038453445948]
                ]
            ]
        },
        "Lausanne": {
            "size": 80,
            "radius": 200,