{
    "searchArea": {
        "Chile1": {
            "size": 8575,
            "radius": 20000,
            "rings": [
                [
                    [-68.60088698197596, -19.444057491652863],
                    [-69.48803297806971, -22.16527355121044],
                    [-68.21667402195506, -21.190959913791886],
                    [-67.83311155897286, -22.869049045249785],
                    [-67.04758909803536, -23.19763865737272],
                    [-67.59141234022286, -24.126724884259644],
                    [-68.89329222303536, -22.603892033250425],
                    [-70.08805540662911, -26.049402968803605],
                    [-68.40440062147286, -26.94657881349108],
                    [-69.74473265272286, -28.251189032931762],
                    [-70.84336546522286, -31.555155126821106],
                    [-69.91502073866036, -33.83394081967661],
                    [-72.21072384721565, -38.19347958298678],
                    [-70.89060323315577, -38.59934630165241],
                    [-72.45615499096827, -41.35997862267052],
                    [-71.36850850659327, -44.6214316381744],
                    [-72.54453107920132, -48.55428497314674],
                    [-73.57537713160127, -47.84974042574139],
                    [-72.73583818884062, -45.960606451901775],
                    [-72.98852373571562, -41.60918448554992],
                    [-73.53784014196562, -43.33107685196644],
                    [-74.17504717321562, -42.656086133029206],
                    [-73.40780442940971, -38.82102587638505],
                    [-73.74288743722221, -37.28556690532828],
                    [-73.07821458565971, -36.67784933146247],
                    [-71.46322435128471, -32.45480692242504],
                    [-71.75048703656874, -30.283491257448652],
                    [-71.40991086469374, -29.922319053323367],
                    [-71.54174680219374, -28.965607277090292],
                    [-70.71088758017922, -26.276376672620795],
                    [-70.36756482627297, -18.35995068390127],
                    [-69.21414204172027, -18.062120132100247],
                    [-68.60088698197596, -19.444057491652863]
                ]
            ]
        },
        "Chile2": {
            "size": 7281,
            "radius": 5000,
            "rings": [
                [
                    [-73.06223800952793, -51.04081523274348],
                    [-72.67771652515293, -50.905916533569616],
                    [-72.29868820484043, -51.256182478517275],
                    [-72.44700363452793, -51.61744511480808],
                    [-71.29504698454964, -52.07424296337482],
                    [-70.76982033367958, -52.996408625916935],
                    [-70.94560158367958, -53.740397991846066],
                    [-71.13236916180458, -52.724453048426724],
                    [-71.67021972923314, -52.21319198920179],
                    [-72.71021566831519, -51.61744983820987],
                    [-73.06223800952793, -51.04081523274348]
                ]
            ]
        },
        "Santiago": {
            "size": 793,
            "radius": 1500,
            "rings": [
                [
                    [-70.7293751464353, -33.28359057828726],
                    [-70.62363173823218, -33.369076340281616],
                    [-70.4931690917478, -33.307695723417794],
                    [-70.53024794916968, -33.64846847052697],
                    [-70.81589248041968, -33.57584467352071],
                    [-70.7293751464353, -33.28359057828726]
                ]
            ]
        },
        "VinaDelMar": {
            "size": 179,
            "radius": 1000,
            "rings": [
                [
                    [-71.34323623041968, -33.03590896353451],
                    [-71.34495284418921, -33.07475574885266],
                    [-71.51077773432593, -33.05547837561906],
                    [-71.66424300532202, -33.06641232947744],
                    [-71.6467335448728, -33.010865288301424],
                    [-71.60862471918921, -33.03993831558267],
                    [-71.55266311030249, -33.00769833997177],
                    [-71.55506636957983, -32.927911351157306],
                    [-71.50665786127905, -32.91984223092668],
                    [-71.48331191401343, -33.025834777209575],
                    [-71.34323623041968, -33.03590896353451]
                ]
            ]
        },
        "Coquimbo": {
            "size": 92,
            "radius": 1000,
            "rings": [
                [
                    [-71.33426070663567, -29.9320759953884],
                    [-71.33185744735833, -29.959147497869967],
                    [-71.2968385264599, -29.94784381048648],
                    [-71.2474000498974, -29.861834266882457],
                    [-71.21066451522942, -29.887436562325117],
                    [-71.24843001815911, -29.977290203079473],
                    [-71.3191545054638, -29.978777163164636],
                    [-71.3466203257763, -30.000186919802598],
                    [-71.3850724742138, -29.978182381801815],
                    [-71.33426070663567, -29.9320759953884]
                ]
            ]
        },
        "Antofagasta": {
            "size": 40,
            "radius": 100,
            "rings": [
                [
                    [-70.43370579812307, -23.718817624359506],
                    [-70.39182042214651, -23.61599371765106],
                    [-70.40481005597132, -23.554485766366863],
                    [-70.39073382306117, -23.5433128287393],
                    [-70.36807452130336, -23.58894278690551],
                    [-70.38867388653775, -23.67077025146881],
                    [-70.41754131327768, -23.70909966974562],
                    [-70.43370579812307, -23.718817624359506]
                ]
            ]
        },
        "Temuco": {
            "size": 43,
            "radius": 300,
            "rings": [
                [
                    [-72.64535284159408, -38.762595417710976],
                    [-72.65324926493392, -38.73608771701324],
                    [-72.62355184672103, -38.704077938964154],
                    [-72.59316778300033, -38.72872272018528],
                    [-72.54733419535384, -38.697111569475446],
                    [-72.53583288309798, -38.70622130074324],
                    [-72.58389806864486, -38.75362674197674],
                    [-72.57342672465072, -38.775979404334144],
                    [-72.60363912699447, -38.781733746564555],
                    [-72.6111922275804, -38.75871359192905],
                    [-72.64535284159408, -38.762595417710976]
                ]
            ]
        },
        "Concepcion": {
            "size": 119,
            "radius": 750,
            "rings": [
                [
                    [-73.070525372741, -36.843083637517196],
                    [-73.0976478702996, -36.86835688037373],
                    [-73.1529228336785, -36.860391216628265],
                    [-73.15120621990897, -36.82329874935462],
                    [-73.09833451580741, -36.82797064274285],
                    [-73.08425828289725, -36.81395410686286],
                    [-73.12065049481131, -36.799935004041984],
                    [-73.14880296063163, -36.71136299427433],
                    [-73.11241074871756, -36.705032509633845],
                    [-73.06262894940116, -36.77463915141194],
                    [-73.037566388366, -36.77491415122182],
                    [-72.99190446209647, -36.826871399373054],
                    [-73.070525372741, -36.843083637517196]
                ]
            ]
        },
        "PuertoMontt": {
            "size": 28,
            "radius": 250,