{
    "searchArea": {
        "Colombia1": {
            "size": 1258,
            "radius": 15000,
            "rings": [
                [
                    [-76.7129373832345, 0.19520635161311983],
                    [-78.90608313518763, 1.616348495807141],
                    [-78.76600745159388, 1.861024732502737],
                    [-77.87704163667492, 1.1888179908536385],
                    [-76.58889998171823, 2.7739647769092124],
                    [-77.12327111933725, 3.9529397287150903],
                    [-76.494303834181, 3.994039425584727],
                    [-76.16746057246225, 5.313497914415156],
                    [-76.70029748652475, 4.9907110795554],
                    [-76.79368127558725, 5.685313095844686],
                    [-76.02463830683725, 5.950359043985817],
                    [-76.99143518183725, 8.454345927603864],
                    [-75.22263635371225, 10.94103220312698],
                    [-71.66169275019662, 12.416301015798778],
                    [-73.60215295527475, 8.670472517001903],
                    [-72.34825164377656, 8.6414298122728],
                    [-72.47459441721406, 6.5888851163529125],
                    [-70.67832976877656, 7.136990337677246],
                    [-71.41441375315156, 4.327117289571906],
                    [-72.82341033518281, 3.6202071630893995],
                    [-72.39769012033906, 2.46280203013499],
                    [-74.08839480647428, 2.7510555672403814],
                    [-76.7129373832345, 0.19520635161311983]
                ]
            ]
        },
        "Bogota": {
            "size": 449,
            "radius": 750,
            "rings": [
                [
                    [-74.00695402478397, 4.764676752613331],
                    [-74.09845364727093, 4.477457541815502],
                    [-74.25226224102093, 4.572945984564441],
                    [-74.11767972148968, 4.758752356541247],
                    [-74.00695402478397, 4.764676752613331]
                ]
            ]
        },
        "Medellin": {
            "size": 204,
            "radius": 500,
            "rings": [
                [
                    [-75.53683173312456, 6.3610407195097],
                    [-75.56052100314409, 6.144669143022587],
                    [-75.62643897189409, 6.139890217447091],
                    [-75.63296210421831, 6.063763000973351],
                    [-75.6652344430855, 6.1904081120672965],
                    [-75.61013114108354, 6.18341098833212],
                    [-75.64238397213884, 6.280813517478473],
                    [-75.53683173312456, 6.3610407195097]
                ]
            ]
        },
        "Cali": {
            "size": 136,
            "radius": 500,
            "rings": [
                [
                    [-76.50860098925988, 3.5354749776208205],
                    [-76.4546993168966, 3.416561176814267],
                    [-76.50825766650597, 3.390857392439327],
                    [-76.5316036137716, 3.305858708707867],
                    [-76.570399084963, 3.390514670687181],
                    [-76.50860098925988, 3.5354749776208205]
                ]
            ]
        },
        "Barranquilla": {
            "size": 124,
            "radius": 500,
            "rings": [
                [
                    [-74.75754988054393, 10.913538264065824],
                    [-74.81145155290722, 10.882859360732168],
                    [-74.8492170558369, 10.979605134294921],
                    [-74.84235060075878, 11.00858899975442],
                    [-74.87324964861034, 11.020383942824346],
                    [-74.87324964861034, 11.038917897817413],
                    [-74.81488478044628, 11.03790698495732],
                    [-74.75857984880565, 10.977919938261946],
                    [-74.75754988054393, 10.913538264065824]
                ]
            ]
        },
        "Cartagena": {
            "size": 71,
            "radius": 500,
            "rings": [
                [
                    [-75.55500213113687, 10.425919729055543],
                    [-75.50693694559, 10.46069618743],
                    [-75.51483336892984, 10.41849124379495],
                    [-75.46951476541422, 10.413088597822922],
                    [-75.44273559060953, 10.429633905239333],
                    [-75.45286361184976, 10.36766890828177],
                    [-75.50916854349039, 10.364122855671019],
                    [-75.51968280282877, 10.384132197806297],
                    [-75.5659026285734, 10.39569819568844],
                    [-75.55500213113687, 10.425919729055543]
                ]
            ]
        },
        "Cucuta": {
            "size": 101,
            "radius": 500,
            "rings": [
                [
                    [-72.50667617615612, 7.95176181531544],
                    [-72.4613575726405, 7.915377885759473],
                    [-72.47079894837292, 7.8092681387937235],
                    [-72.49671981629284, 7.828825657903925],
                    [-72.52452895935924, 7.790219935715293],
                    [-72.5082211285487, 7.87014852456646],
                    [-72.54087202133807, 7.86371723134104],
                    [-72.5532316404787, 7.921189168546521],
                    [-72.50667617615612, 7.95176181531544]
                ]
            ]
        },
        "Pasto": {
            "size": 41,
            "radius": 500,
            "rings": [
                [
                    [-77.20399870650527, 1.2039882769635615],
                    [-77.27609648482559, 1.1785878847057374],
                    [-77.31248869673965, 1.1857961278904168],
                    [-77.29463591353652, 1.2379695118548035],
                    [-77.26270689742324, 1.2403722090873182],
                    [-77.25069060103652, 1.2086221069295462],
                    [-77.20399870650527, 1.2039882769635615]
                ]
            ]
        },
        "Bucaramanga": {
            "size": 54,
            "radius": 500,
            "rings": [
                [
                    [-73.1260999865016, 7.164453420555839],
                    [-73.07048170036879, 7.060545770507015],
                    [-73.10515729851332, 7.056627482263946],
                    [-73.1454977220973, 7.089165302994407],
                    [-73.14360944695082, 7.165815987246186],
                    [-73.1260999865016, 7.164453420555839]
                ]
            ]
        },
        "Monteria": {
            "size": 42,
            "radius": 500,
            "rings": [
                [
                    [-75.8671888536891, 8.718681556825324],
                    [-75.88984815544691, 8.71359118976069],
                    [-75.91559736198988, 8.75363353543701],
                    [-75.8562025255641, 8.808430266682054],
                    [-75.84384290642348, 8.804698238716341],
                    [-75.8671888536891, 8.718681556825324]
                ]
            ]
        },
        "SantaMarta": {
            "size": 36,
            "radius": 500,
            "rings": [
                [
                    [-74.21159921960259, 11.18667385089325],
                    [-74.23597513512993, 11.184147841935395],
                    [-74.21383081750298, 11.251837254502387],
                    [-74.19426142053032, 11.260423582237562],
                    [-74.1602724678936, 11.250827081464221],
                    [-74.1705721505108, 11.210417257934408],
                    [-74.21606241540337, 11.21159595786544],
                    [-74.21159921960259, 11.18667385089325]
                ]
            ]
        }
    }
}
