{
    "searchArea": {
        "IslaDelCano": {
            "size": 1,
            "radius": 500,
            "rings": [
                [
                    [-83.90468674506668, 8.710874196322791],
                    [-83.86683541144852, 8.7196975193076],
                    [-83.86005478705887, 8.699929592988001],
                    [-83.89498787726883, 8.689663433962805],
                    [-83.90468674506668, 8.710874196322791]
                ]
            ]
        },
        "Oriental1": {
            "size": 1,
            "radius": 400,
            "rings": [
                [
                    [-83.92065225987281, 9.866402143249429],
                    [-83.91923605351295, 9.85652946937635],
                    [-83.91022383122291, 9.848601519412378],
                    [-83.90552460102882, 9.855345574283854],
                    [-83.91612469105567, 9.859827440435199],
                    [-83.92065225987281, 9.866402143249429]
                ]
            ]
        },
        "Oiental2": {
            "size": 1,
            "radius": 25,
            "rings": [
                [
                    [-83.88953884551351, 9.841066349902047],
                    [-83.88754328200642, 9.839290422470537],
                    [-83.8913198322994, 9.837810475651281],
                    [-83.88953884551351, 9.841066349902047]
                ]
            ]
        },
        "SanJose1": {
            "size": 1,
            "radius": 30,
            "rings": [
                [
                    [-84.09825753063448, 9.938026496461443],
                    [-84.09802149624117, 9.932552304404625],
                    [-84.11033820003756, 9.933799329185312],
                    [-84.10911511272677, 9.938871923360221],
                    [-84.09825753063448, 9.938026496461443]
                ]
            ]
        },
        "SanJose2": {
            "size": 1,
            "radius": 25,
            "rings": [
                [
                    [-84.1302282586943, 9.959747839273977],
                    [-84.12477800997604, 9.957898583278489],
                    [-84.12443468722213, 9.96039243461481],
                    [-84.12850091608871, 9.961343474595305],
                    [-84.1302282586943, 9.959747839273977]
                ]
            ]
        },
        "SanJose3": {
            "size": 1,
            "radius": 40,
            "rings": [
                [
                    [-84.0688758988135, 9.912377967453024],
                    [-84.07318889090945, 9.911046311356898],
                    [-84.07636462638308, 9.916584274197602],
                    [-84.06919776389529, 9.91482989151377],
                    [-84.0688758988135, 9.912377967453024]
                ]
            ]
        },
        "SanJose4": {
            "size": 1,
            "radius": 50,
            "rings": [
                [
                    [-84.04735768553248, 9.935690752492189],
                    [-84.05415976759424, 9.933619432561521],
                    [-84.05514682051172, 9.935310306957582],
                    [-84.05381644484034, 9.939262691761433],
                    [-84.04789412733545, 9.939664268292688],
                    [-84.04735768553248, 9.935690752492189]
                ]
            ]
        },
        "Beach1": {
            "size": 1,
            "radius": 150,
            "rings": [
                [
                    [-85.78977972029983, 10.520504145806019],
                    [-85.80020814894972, 10.509069381292049],
                    [-85.79982191085159, 10.50075675904447],
                    [-85.7979336357051, 10.501832770969726],
                    [-85.79771905898392, 10.511432319376869],
                    [-85.7882776832515, 10.519702460258335],
                    [-85.78977972029983, 10.520504145806019]
                ]
            ]
        },
        "Beach2": {
            "size": 1,
            "radius": 600,
            "rings": [
                [
                    [-85.6435844742862, 10.605112217399322],
                    [-85.65036509867585, 10.59009494875443],
                    [-85.69671367045319, 10.55162038846496],
                    [-85.75319026347077, 10.527824500693978],
                    [-85.75542186137118, 10.531031145928326],
                    [-85.72280619975008, 10.548076436638295],
                    [-85.70049022074618, 10.552126663964481],
                    [-85.68323825236237, 10.575414435493393],
                    [-85.6435844742862, 10.605112217399322]
                ]
            ]
        }
    }
}
