{
    "searchArea": {
        "Curacao1": {
            "size": 408,
            "radius": 600,
            "rings": [
            [
            [ -68.80604109265394, 12.075300297416508 ],
            [ -68.81410917737074, 12.149821129250629 ],
            [ -68.86268934704847, 12.178683960228938 ],
            [ -68.97202996539444, 12.191446100100235 ],
            [ -69.12031744603448, 12.37303379742151 ],
            [ -69.15945623997979, 12.394495217655388 ],
            [ -69.15567968968682, 12.296227728178533 ],
            [ -69.06229590062432, 12.184835868352446 ],
            [ -69.03174017552666, 12.204970402395839 ],
            [ -68.99438966683489, 12.130171729052353 ],
            [ -68.84590257577044, 12.054806037673806 ],
            [ -68.80604109265394, 12.075300297416508 ]
            ]]
            }
    }
}
