{
    "searchArea": {
        "ChristmasIsland1": {
            "size": 177,
            "radius": 700,
            "rings": [
            [
            [ 105.64338192353064, -10.566953507860404 ],
            [ 105.65711483368689, -10.558009615999826 ],
            [ 105.71685299286658, -10.467037179440036 ],
            [ 105.70603832611853, -10.409975897305738 ],
            [ 105.67256435761267, -10.41115774591158 ],
            [ 105.54141506562048, -10.440196046137405 ],
            [ 105.54622158417517, -10.504340807369589 ],
            [ 105.58158382782752, -10.475814907942217 ],
            [ 105.64853176483923, -10.502136652383744 ],
            [ 105.61952099213416, -10.512769970057834 ],
            [ 105.64338192353064, -10.566953507860404 ]
            ]]
            }
    }
}
