{
    "searchArea": {
        "CzechRepublic": {
            "size": 609,
            "radius": 1500,
            "rings": [
            [
            [ 12.140161104595819, 50.3148507013134 ],
            [ 14.403344698345819, 50.90916717133198 ],
            [ 14.266015596783319, 51.05441631289026 ],
            [ 14.779626436627069, 50.829433342818724 ],
            [ 15.084497042095819, 51.00605042002933 ],
            [ 15.414086885845819, 50.78777893205286 ],
            [ 16.43581540147082, 50.598130847041396 ],
            [ 16.20784909287707, 50.42871628045155 ],
            [ 16.66103512803332, 50.10568060463108 ],
            [ 17.03731686631457, 50.228832871993404 ],
            [ 16.87526852647082, 50.442711622758154 ],
            [ 17.73523942195262, 50.29638496100172 ],
            [ 17.63910905085887, 50.12940950827255 ],
            [ 17.86707535945262, 49.97951488000732 ],
            [ 18.08130875789012, 50.039528922706964 ],
            [ 18.57294694148387, 49.89112276444895 ],
            [ 18.85859147273387, 49.525235716101314 ],
            [ 18.54548112117137, 49.491349977297276 ],
            [ 18.17194596492137, 49.27320840727802 ],
            [ 17.86982194148387, 48.92072222006448 ],
            [ 17.17768326960887, 48.859321785397604 ],
            [ 16.96894303523387, 48.67466792590482 ],
            [ 16.45533219539012, 48.80327331261215 ],
            [ 14.99293819629039, 49.00907847138774 ],
            [ 14.688333081804279, 48.59861215551761 ],
            [ 14.037393140398029, 48.627666150899564 ],
            [ 12.631143140398029, 49.51827618535237 ],
            [ 12.140161104595819, 50.3148507013134 ]
            ]]
            },
            "Prague": {
                "size": 208,
                "radius": 500,
                "rings": [
                [
                [ 14.275060303265334, 50.05806856028192 ],
                [ 14.385953552777053, 50.12084627162619 ],
                [ 14.515042908245803, 50.142854051773575 ],
                [ 14.568601257855178, 50.03558076333624 ],
                [ 14.472814209515334, 49.98726254041742 ],
                [ 14.275060303265334, 50.05806856028192 ]
                ]]
                },
                "Brno": {
                    "size": 114,
                    "radius": 400,
                    "rings": [
                    [
                    [ 16.567917010601594, 49.274493710416955 ],
                    [ 16.701469561871125, 49.20994065329454 ],
                    [ 16.66885390025003, 49.13721758093283 ],
                    [ 16.53152479868753, 49.16236850333623 ],
                    [ 16.567917010601594, 49.274493710416955 ]
                    ]]
                    },
                    "Ostrava": {
                        "size": 105,
                        "radius": 400,
                        "rings": [
                        [
                        [ 18.223261284271775, 49.80750683483125 ],
                        [ 18.134340691010056, 49.82257097489231 ],
                        [ 18.17347948495537, 49.85467737894731 ],
                        [ 18.23115770761162, 49.836301839395055 ],
                        [ 18.30531542245537, 49.86640750314265 ],
                        [ 18.37741320077568, 49.847815042849135 ],
                        [ 18.30256884042412, 49.791108177506544 ],
                        [ 18.295359062592087, 49.75541082960998 ],
                        [ 18.197855400482712, 49.7594031429779 ],
                        [ 18.223261284271775, 49.80750683483125 ]
                        ]]
                        },
                        "Plzen": {
                            "size": 58,
                            "radius": 300,
                            "rings": [
                            [
                            [ 13.344361907293422, 49.778414664442195 ],
                            [ 13.390195494939906, 49.78783595953416 ],
                            [ 13.443067199041469, 49.758457638482064 ],
                            [ 13.42057955866061, 49.701424004728516 ],
                            [ 13.30796969537936, 49.729172469643295 ],
                            [ 13.344361907293422, 49.778414664442195 ]
                            ]]
                            },
                            "Liberec": {
                                "size": 53,
                                "radius": 300,
                                "rings": [
                                [
                                [ 15.031438278887732, 50.81617640314578 ],
                                [ 15.083966660235388, 50.80077290463641 ],
                                [ 15.100102829668982, 50.74997048554081 ],
                                [ 15.133061814043982, 50.72454858019757 ],
                                [ 15.03349821541117, 50.7265046013053 ],
                                [ 15.00500242683695, 50.74301885672578 ],
                                [ 15.031438278887732, 50.81617640314578 ]
                                ]]
                                },
                                "Olomouc": {
                                    "size": 21,
                                    "radius": 200,
                                    "rings": [
                                    [
                                    [ 17.258796872911727, 49.622043377312025 ],
                                    [ 17.293300809679305, 49.58666676418291 ],
                                    [ 17.261543454942977, 49.56952546753161 ],
                                    [ 17.23150271397618, 49.56651955489974 ],
                                    [ 17.210903348741805, 49.593454833820516 ],
                                    [ 17.258796872911727, 49.622043377312025 ]
                                    ]]
                                    },
                                    "ČeškeBudejovice": {
                                        "size": 19,
                                        "radius": 500,
                                        "rings": [
                                        [
                                        [ 14.464857925594318, 48.94167865898528 ],
                                        [ 14.462969650447834, 48.973802580806336 ],
                                        [ 14.434130539119709, 48.97853488345327 ],
                                        [ 14.434473861873615, 48.99115216086605 ],
                                        [ 14.477904190242755, 49.001063494940546 ],
                                        [ 14.515326370418537, 48.96783022439416 ],
                                        [ 14.464857925594318, 48.94167865898528 ]
                                        ]]
                                        },
                                        "HradecKralove": {
                                            "size": 31,
                                            "radius": 200,
                                            "rings": [
                                            [
                                            [ 15.862127100507756, 50.17364630911185 ],
                                            [ 15.871396814863225, 50.22496199695019 ],
                                            [ 15.820241724531193, 50.23440598116753 ],
                                            [ 15.785909449140568, 50.20365125695345 ],
                                            [ 15.825048243085881, 50.1651799664704 ],
                                            [ 15.862127100507756, 50.17364630911185 ]
                                            ]]
                                            }
    }
}
