{
    "searchArea": {
        "Denmark1": {
            "size": 666,
            "radius": 2000,
            "rings": [
                [
                    [9.993333297216065, 54.84530126896492],
                    [9.33552690073169, 54.804162781037995],
                    [8.57197709604419, 54.91482480777642],
                    [8.232774215184815, 54.73365538872722],
                    [8.463836718660884, 55.326021550227374],
                    [8.075219464728134, 55.55502042097356],
                    [8.111443038028643, 56.584964091788976],
                    [8.579735274356768, 57.13153109770573],
                    [9.469627852481768, 57.19408354324865],
                    [9.969505782169268, 57.62605399462927],
                    [10.678123946231768, 57.76256599991088],
                    [10.441917891544268, 57.53918269836997],
                    [10.557274336856768, 57.44323673150138],
                    [10.546288008731768, 57.21193623986995],
                    [10.266136641544268, 56.88626393185345],
                    [10.395225997013018, 56.54258918091794],
                    [10.823692793888018, 56.53653174709791],
                    [10.963768477481768, 56.4531437274702],
                    [10.591407586718654, 55.981460673104706],
                    [11.357703973437404, 55.76805460230488],
                    [11.27393322148428, 56.009877435482316],
                    [11.726432611132717, 55.969550143908194],
                    [12.288795282031154, 56.14093775460184],
                    [12.645850946093654, 56.03980762790648],
                    [12.689796258593654, 55.586085290239424],
                    [12.574686929510474, 55.54797414580997],
                    [12.258829995916724, 55.54642032972174],
                    [12.497782632635474, 55.29545406445647],
                    [12.118754312322974, 55.13406047869396],
                    [12.624125406072974, 54.96097490247888],
                    [12.17872741546195, 54.87524327835771],
                    [11.974107054133825, 54.555559400687336],
                    [9.993333297216065, 54.84530126896492]
                ],
                [
                    [10.535871478729613, 56.08771977838919],
                    [10.288679095917113, 56.13672477369542],
                    [10.239240619354613, 55.62680687015568],
                    [10.640241595917113, 55.62525617173091],
                    [10.881940814667113, 55.334195665542964],
                    [11.118146869354613, 55.37791382365645],
                    [10.832502338104613, 55.767663762392836],
                    [11.247236224823363, 55.80164092382497],
                    [10.791303607635863, 55.92956089379929],
                    [10.516645404510863, 55.68723626553429],
                    [10.535871478729613, 56.08771977838919]
                ],
                [
                    [10.851728412323363, 54.92593160517257],
                    [11.824018451385863, 55.01894250943245],
                    [11.241743060760863, 55.200400166063915],
                    [10.851728412323363, 54.92593160517257]
                ]
            ]
        },
        "Kobenhavn": {
            "size": 336,
            "radius": 500,
            "rings": [
                [
                    [12.661423283257975, 55.63178838340892],
                    [12.577309208550943, 55.58466452975898],
                    [12.546066837945475, 55.639346198812106],
                    [12.313637333550943, 55.58427644415707],
                    [12.34865625444938, 55.70981552793555],
                    [12.289604740777506, 55.73688532636605],
                    [12.439980106988443, 55.77668249002785],
                    [12.594475346246256, 55.773457922856814],
                    [12.661423283257975, 55.63178838340892]
                ]
            ]
        },
        "Aarhus": {
            "size": 91,
            "radius": 400,
            "rings": [
                [
                    [10.218866237022825, 56.1400304555535],
                    [10.231912501671262, 56.09849866488995],
                    [10.123079188682981, 56.10673202875254],
                    [10.080850489952512, 56.158007270841914],
                    [10.106256373741575, 56.194126697903535],
                    [10.289590724327512, 56.213605605906835],
                    [10.223672755577512, 56.172726695171406],
                    [10.218866237022825, 56.1400304555535]
                ]
            ]
        },
        "Odense": {
            "size": 93,
            "radius": 400,
            "rings": [
                [
                    [10.327216555035212, 55.43857470579734],
                    [10.488921572125056, 55.43195219565601],
                    [10.456305910503962, 55.39433865388392],
                    [10.486174990093806, 55.3553230974308],
                    [10.300780702984431, 55.331895291674066],
                    [10.339576174175837, 55.385563508133785],
                    [10.327216555035212, 55.43857470579734]
                ]
            ]
        },
        "Aalborg": {
            "size": 62,
            "radius": 500,
            "rings": [
                [
                    [9.959493805016173, 57.084414110311926],
                    [9.975629974449767, 57.04222700144608],
                    [10.029874969566954, 57.03587611834706],
                    [9.99725930794586, 57.00466631044284],
                    [9.864050079430235, 57.00186175189457],
                    [9.860616851891173, 57.04633581791976],
                    [9.90112893685211, 57.0762044494244],
                    [9.959493805016173, 57.084414110311926]
                ]
            ]
        },
        "Esbjerg": {
            "size": 33,
            "radius": 400,
            "rings": [
                [
                    [8.440382598374958, 55.460615973966526],
                    [8.377726195787067, 55.5106104811262],
                    [8.451197265123005, 55.51352648933702],
                    [8.502180694078083, 55.50098612121301],
                    [8.504583953355427, 55.45866938001043],
                    [8.440382598374958, 55.460615973966526]
                ]
            ]
        },
        "Sonderborg": {
            "size": 12,
            "radius": 400,
            "rings": [
                [
                    [9.81319029251852, 54.89303358741064],
                    [9.750190567176723, 54.91376013884274],
                    [9.816280197303676, 54.93418015599968],
                    [9.835506271522426, 54.92352752708628],
                    [9.81319029251852, 54.89303358741064]
                ]
            ]
        },
        "Herning": {
            "size": 39,
            "radius": 400,
            "rings": [
                [
                    [8.928950171981231, 56.1720106389299],
                    [9.002077918563263, 56.15289305269668],
                    [8.991778235946075, 56.09375956488361],
                    [8.879511695418731, 56.127069215339255],
                    [8.928950171981231, 56.1720106389299]
                ]
            ]
        }
    }
}
