{
    "searchArea": {
        "SantoDomingo": {
            "size": 407,
            "radius": 1500,
            "rings": [
                [
                    [-69.87914807490405, 18.46751569585126],
                    [-70.00480420283374, 18.414753458153957],
                    [-70.06591565302905, 18.556067641182672],
                    [-69.97184521845874, 18.52742349805652],
                    [-69.89974744013843, 18.58470697805692],
                    [-69.56947095088061, 18.440810909062737],
                    [-69.87914807490405, 18.46751569585126]
                ]
            ]
        },
        "SantiagoDeLosCaballeros": {
            "size": 218,
            "radius": 1000,
            "rings": [
                [
                    [-70.76111977759012, 19.4776104192567],
                    [-70.72987740698466, 19.53844988669312],
                    [-70.57486718359598, 19.478419604815187],
                    [-70.59889977636942, 19.42894663168248],
                    [-70.63391869726786, 19.42813719930255],
                    [-70.61263268652567, 19.370333311286405],
                    [-70.73245232763895, 19.39802345027363],
                    [-70.76111977759012, 19.4776104192567]
                ]
            ]
        }
    }
}
