{
    "searchArea": {
        "Ecuador1": {
            "size": 887,
            "radius": 20000,
            "rings": [
                [
                    [-78.85119451404007, 1.3652162568262722],
                    [-76.10461248279007, 0.08543820067467675],
                    [-79.23022283435257, -4.660999243087666],
                    [-80.40026677966507, -4.4310123284689205],
                    [-79.91686834216507, -2.369330540126124],
                    [-80.38928045154007, -2.7260327032985305],
                    [-81.02099431872757, -2.2650457796754484],
                    [-80.91113103747757, -0.9692030424552086],
                    [-79.94982732654007, 0.8819121952678003],
                    [-78.85119451404007, 1.3652162568262722]
                ]
            ]
        },
        "Quito": {
            "size": 544,
            "radius": 500,
            "rings": [
                [
                    [-78.5820903440139, -0.2824194780980593],
                    [-78.51823231178734, -0.1873198852078675],
                    [-78.52853199440453, -0.09118980931577779],
                    [-78.45643421608422, -0.04518459410719491],
                    [-78.38742634254906, -0.08638329653348682],
                    [-78.42416187721703, -0.18525995957275698],
                    [-78.36202045876, -0.16294408373618313],
                    [-78.31086536842797, -0.20654584576962998],
                    [-78.438924755635, -0.24671429292399097],
                    [-78.42347523170922, -0.3514262917890034],
                    [-78.56252094704125, -0.38541454126220026],
                    [-78.5820903440139, -0.2824194780980593]
                ]
            ]
        },
        "SantoDomingo": {
            "size": 25,
            "radius": 200,
            "rings": [
                [
                    [-79.14302901509237, -0.2650039597682599],
                    [-79.18216780903768, -0.28525976860377467],
                    [-79.2022521901412, -0.2723853178044833],
                    [-79.20602874043416, -0.24612139622718188],
                    [-79.16620330098104, -0.23256026579931746],
                    [-79.14302901509237, -0.2650039597682599]
                ]
            ]
        },
        "Guayaquil": {
            "size": 246,
            "radius": 500,
            "rings": [
                [
                    [-79.94921717270988, -2.227898579053513],
                    [-79.96020350083488, -2.0978719837744175],
                    [-79.89737543687004, -2.0436624148553464],
                    [-79.8623565159716, -2.1254906966418905],
                    [-79.78819880112785, -2.168890530403909],
                    [-79.81978449448722, -2.1997671259719347],
                    [-79.87196955308097, -2.183985834193183],
                    [-79.86578974351066, -2.2604892243320904],
                    [-79.88398584946769, -2.2899917040390476],
                    [-79.94921717270988, -2.227898579053513]
                ]
            ]
        },
        "Ambato": {
            "size": 51,
            "radius": 500,
            "rings": [
                [
                    [-78.61189340704075, -1.2050144186476275],
                    [-78.56949304693333, -1.216856408352839],
                    [-78.61103510015599, -1.2601049687793122],
                    [-78.58065103643528, -1.2762371857390655],
                    [-78.64382242315403, -1.2956300359038375],
                    [-78.65137552373997, -1.2403686101445992],
                    [-78.61189340704075, -1.2050144186476275]
                ]
            ]
        },
        "Machala": {
            "size": 21,
            "radius": 100,
            "rings": [
                [
                    [-80.00525331823106, -3.2751418895833186],
                    [-79.98319483129258, -3.2568896468233395],
                    [-79.96448374120469, -3.283453833646729],
                    [-79.93401384679551, -3.2774555304356965],
                    [-79.93392801610703, -3.249605795506194],
                    [-79.97195101110215, -3.241893425044792],
                    [-79.99752855626816, -3.256718262691324],
                    [-80.00525331823106, -3.2751418895833186]
                ]
            ]
        }
    }
}
