{
    "searchArea": {
        "Estonia1": {
            "size": 500,
            "radius": 2000,
            "rings": [
                [
                    [27.314265276137856, 57.53416226583539],
                    [26.910517717544106, 57.62398709550978],
                    [26.542475725356606, 57.51646569978643],
                    [25.908015276137856, 57.84831139522267],
                    [25.213130022231606, 58.07996141104758],
                    [24.35010235114085, 57.87315050374704],
                    [24.51489727301585, 58.36346237335799],
                    [24.1056565503596, 58.230672463764996],
                    [23.477960134233484, 58.659199216175764],
                    [23.508172536577234, 59.225144577553145],
                    [24.388450805743112, 59.482048204750676],
                    [26.008934204180612, 59.62817840068559],
                    [27.049888794024362, 59.44157660119401],
                    [28.041404907305612, 59.46670261103572],
                    [28.230919067461862, 59.35908814185467],
                    [27.733787719805612, 58.994596027797236],
                    [27.074608032305612, 58.943624957647735],
                    [26.983970825274362, 58.79168218063626],
                    [27.436464689518505, 58.358440535608004],
                    [27.689150236393505, 57.8476017130272],
                    [27.314265276137856, 57.53416226583539]
                ]
            ]
        },
        "Estonia2": {
            "size": 35,
            "radius": 1000,
            "rings": [
                [
                    [21.981654211707244, 58.91892435367852],
                    [22.410121008582244, 58.965684167751284],
                    [22.599635168738494, 59.102763172099614],
                    [23.088526770300994, 58.86216079525978],
                    [22.552943274207244, 58.67560693282521],
                    [22.410121008582244, 58.87919964833141],
                    [21.981654211707244, 58.91892435367852]
                ]
            ]
        },
        "Estonia3": {
            "size": 60,
            "radius": 2000,
            "rings": [
                [
                    [21.94628548960816, 57.94990619255339],
                    [22.14953255992066, 58.14323085275798],
                    [21.79797005992066, 58.29367443231334],
                    [21.89684701304566, 58.532486948067195],
                    [23.27837777476441, 58.7012625695363],
                    [23.45415902476441, 58.55685234912045],
                    [22.73730111460816, 58.2011692275972],
                    [22.40496468882691, 58.2069578746279],
                    [22.09185433726441, 57.89885731845802],
                    [21.94628548960816, 57.94990619255339]
                ]
            ]
        },
        "Tallinn": {
            "size": 216,
            "radius": 500,
            "rings": [
                [
                    [24.73709651802116, 59.37361808240944],
                    [24.608693808060224, 59.33756922327108],
                    [24.630666464310224, 59.40124127275179],
                    [24.53384944770866, 59.43442923539318],
                    [24.576421469193036, 59.4637472922241],
                    [24.67049190376335, 59.430937297336634],
                    [24.68147823188835, 59.4679335114847],
                    [24.793401449661786, 59.44490288777478],
                    [24.836660116653974, 59.483975882195374],
                    [24.782415121536786, 59.53936803408169],
                    [25.059819906693036, 59.48118645190127],
                    [24.875798910599286, 59.413472201494436],
                    [24.75632259223991, 59.40788146774426],
                    [24.73709651802116, 59.37361808240944]
                ]
            ]
        },
        "Tartu": {
            "size": 66,
            "radius": 300,
            "rings": [
                [
                    [26.640588416545032, 58.36131149447784],
                    [26.71405948588097, 58.4174560247225],
                    [26.80469669291222, 58.37319567748237],
                    [26.802636756388782, 58.33861239481456],
                    [26.748391761271595, 58.339693635158845],
                    [26.727105750529407, 58.29605735524197],
                    [26.640588416545032, 58.36131149447784]
                ]
            ]
        },
        "Narva": {
            "size": 10,
            "radius": 150,
            "rings": [
                [
                    [28.183878536517792, 59.397210376899274],
                    [28.145769710834198, 59.374656269862975],
                    [28.185251827533417, 59.35628719720709],
                    [28.210314388568573, 59.36783463227629],
                    [28.20516454725998, 59.388120603896645],
                    [28.183878536517792, 59.397210376899274]
                ]
            ]
        },
        "Parnu": {
            "size": 19,
            "radius": 200,
            "rings": [
                [
                    [24.454413714894113, 58.38726283718402],
                    [24.493724170216378, 58.41496598737192],
                    [24.5471108584488, 58.398508624042755],
                    [24.53440791655427, 58.38285351006171],
                    [24.584361377247628, 58.34954079043834],
                    [24.578524890431222, 58.34071215391832],
                    [24.531318011769113, 58.36971224642514],
                    [24.454413714894113, 58.38726283718402]
                ]
            ]
        }
    }
}
