{
    "searchArea": {
        "Giza": {
            "size": 1,
            "radius": 100,
            "rings": [
                [
                    [31.11884985028053, 29.97285802114412],
                    [31.126724815948254, 29.97616662461972],
                    [31.133483982665783, 29.983341082768845],
                    [31.141938305480725, 29.973675888435885],
                    [31.132196522338635, 29.97441939831286],
                    [31.129192448241955, 29.968471163493412],
                    [31.11884985028053, 29.97285802114412]
                ]
            ]
        }
    }
}
