{
    "searchArea": {
        "Spain": {
            "size": 1216,
            "radius": 3000,
            "rings": [
                [
                    [-8.907400619512762, 41.89416384788246],
                    [-9.050222885137762, 42.536955646596276],
                    [-9.346853744512762, 42.98060273221917],
                    [-7.918631088262762, 43.75528743590715],
                    [-5.809256088262762, 43.64408834634237],
                    [-2.029959213262762, 43.3811603588029],
                    [0.12336109923723804, 42.634022262385194],
                    [3.265450942987238, 42.36672547565494],
                    [3.265450942987238, 41.787761402149435],
                    [0.903390396112238, 40.772287283945815],
                    [-0.22820140076276196, 39.37683875738613],
                    [0.34308766173723804, 38.71987212727543],
                    [-0.46440745545026196, 38.27275634013897],
                    [-0.634695541387762, 37.579480959916935],
                    [-1.6198828275517174, 37.37307268656894],
                    [-2.143644332465693, 36.6742346473565],
                    [-3.945402144965693, 36.65660958531131],
                    [-4.994596480903192, 36.458049723162276],
                    [-5.582365035590692, 35.974983220769566],
                    [-6.400846480903192, 36.48455384465019],
                    [-6.604093551215692, 36.9732425137675],
                    [-7.340177535590692, 37.17484924638947],
                    [-7.175382613715692, 37.97590054111749],
                    [-6.878751754340692, 38.21798500558402],
                    [-6.878751754340692, 39.72121545112226],
                    [-6.130486183147172, 41.633542243914924],
                    [-6.580925636272172, 41.993825672297525],
                    [-8.338738136272172, 42.16506437502963],
                    [-8.907400619512762, 41.89416384788246]
                ]
            ]
        },
        "Madrid": {
            "size": 313,
            "radius": 200,
            "rings": [
                [
                    [-3.8396965709640796, 40.43703086004483],
                    [-3.709920569987517, 40.32849995470049],
                    [-3.5701882091476733, 40.361731593695986],
                    [-3.5578285900070483, 40.45662622065907],
                    [-3.6694084850265796, 40.5208588970525],
                    [-3.8396965709640796, 40.43703086004483]
                ]
            ]
        },
        "Barcelona": {
            "size": 247,
            "radius": 300,
            "rings": [
                [
                    [2.1927354245778474, 41.36429826076009],
                    [2.0859620481130037, 41.301396014343254],
                    [1.9963548093434724, 41.319963649903684],
                    [1.986055126726285, 41.40911767599893],
                    [2.0183274655934724, 41.42276342804462],
                    [2.083902111589566, 41.39778694928183],
                    [2.214021435320035, 41.48503401373116],
                    [2.2916123777028474, 41.46702800584224],
                    [2.1927354245778474, 41.36429826076009]
                ]
            ]
        },
        "Valencia": {
            "size": 318,
            "radius": 150,
            "rings": [
                [
                    [-0.33206567977285717, 39.421174723039165],
                    [-0.41995630477285717, 39.340502294549104],
                    [-0.5682717344603572, 39.45988557021067],
                    [-0.48030283967430476, 39.55135799485883],
                    [-0.31001475373680476, 39.52911791607527],
                    [-0.33206567977285717, 39.421174723039165]
                ]
            ]
        },
        "Seville": {
            "size": 249,
            "radius": 200,
            "rings": [
                [
                    [-6.09334193334107, 37.39963469120633],
                    [-6.074802504630132, 37.32650421106623],
                    [-5.962192641348882, 37.30220258184088],
                    [-5.878765212149664, 37.354072946745596],
                    [-5.933696852774664, 37.46233907834665],
                    [-6.045276747794195, 37.46288410350628],
                    [-6.09334193334107, 37.39963469120633]
                ]
            ]
        },
        "Bilbao": {
            "size": 18,
            "radius": 100,
            "rings": [
                [
                    [-2.973917834216122, 43.270298754284006],
                    [-2.940615527087216, 43.24129382187284],
                    [-2.9092873257932705, 43.24679581893979],
                    [-2.8886879605588955, 43.25861092839267],
                    [-2.9261959714231534, 43.274360842002075],
                    [-2.9643906277952237, 43.28617060288908],
                    [-2.973917834216122, 43.270298754284006]
                ]
            ]
        },
        "Malaga": {
            "size": 71,
            "radius": 150,
            "rings": [
                [
                    [-4.444877706326215, 36.67715503556728],
                    [-4.416725240505903, 36.71693276379872],
                    [-4.412948690212934, 36.71225409938945],
                    [-4.337246022976606, 36.71321737711827],
                    [-4.331752858914106, 36.72339986012912],
                    [-4.38908775881645, 36.74376077657218],
                    [-4.423591695584028, 36.76081576504321],
                    [-4.444706044949262, 36.73715782776433],
                    [-4.480068288601606, 36.75421428376838],
                    [-4.50118263796684, 36.747612234385535],
                    [-4.492084584988325, 36.72876576073322],
                    [-4.503070913113325, 36.69284836223131],
                    [-4.444877706326215, 36.67715503556728]
                ]
            ]
        }
    }
}
