{
    "searchArea": {
        "Finland1": {
            "size": 925,
            "radius": 15000,
            "rings": [
                [
                    [24.164556977995115, 65.7566398337578],
                    [23.648199556120115, 66.3364625131975],
                    [24.065680024870115, 66.81684962550109],
                    [23.076910493620115, 68.28469043401037],
                    [23.30065239989711, 68.64945848288951],
                    [25.38805474364711, 68.42030471252295],
                    [25.91539849364711, 69.71515703097401],
                    [27.89293755614711, 70.09637235005134],
                    [29.21129693114711, 69.64266562367479],
                    [27.81603325927211, 67.83506264785066],
                    [29.51891411864711, 67.776962464509],
                    [29.02452935302211, 66.80154273393397],
                    [30.074874541225135, 65.84303007813668],
                    [29.986983916225135, 63.72692113572225],
                    [31.63500562710963, 62.78748401391995],
                    [27.77880445523463, 60.454599878948066],
                    [23.01073804898463, 59.797963583151805],
                    [21.518346267160425, 60.119960464077906],
                    [21.194249587472925, 60.86664630178065],
                    [21.586206032756223, 61.505323791238595],
                    [21.049470698702702, 62.78395232847943],
                    [22.831422268549296, 63.87555994837616],
                    [25.30336560821188, 65.00665612168427],
                    [25.19350232696188, 65.56699342275573],
                    [24.164556977995115, 65.7566398337578]
                ]
            ]
        },
        "Helsinki": {
            "size": 487,
            "radius": 600,
            "rings": [
                [
                    [24.680706842710574, 60.12725778197567],
                    [24.5722168524762, 60.18500524178441],
                    [24.8578613837262, 60.300536318801115],
                    [24.988324030210574, 60.30835995651591],
                    [25.089947565366824, 60.42413429961636],
                    [25.17440496282776, 60.39667088207656],
                    [25.112606867124637, 60.24094726314469],
                    [25.18539129095276, 60.20718879999542],
                    [25.037762506773074, 60.164173183614146],
                    [24.87708745794495, 60.14606247013786],
                    [24.818722589780887, 60.16348994160744],
                    [24.680706842710574, 60.12725778197567]
                ]
            ]
        },
        "Tampere": {
            "size": 116,
            "radius": 400,
            "rings": [
                [
                    [23.470614744508257, 61.4955806258198],
                    [23.57395489343404, 61.506719937035655],
                    [23.67454846032857, 61.536677982641656],
                    [23.73874981530904, 61.52800457906602],
                    [23.690684629762163, 61.51196058572225],
                    [23.74424297937154, 61.50475446607402],
                    [23.78700314514634, 61.514617583890434],
                    [23.888970003056496, 61.50086017289257],
                    [23.967934236454933, 61.47283520480109],
                    [23.857727632451027, 61.43723501537288],
                    [23.81343899719712, 61.46250385476417],
                    [23.753700838017433, 61.444128548411705],
                    [23.707695588993996, 61.47447478654392],
                    [23.761940584111183, 61.48988263620303],
                    [23.680229768681496, 61.499385803585156],
                    [23.577083011064243, 61.483163128799774],
                    [23.499598645756876, 61.45118463467108],
                    [23.470614744508257, 61.4955806258198]
                ]
            ]
        },
        "Oulu": {
            "size": 147,
            "radius": 400,
            "rings": [
                [
                    [25.58621335127496, 64.94121495285808],
                    [25.513428927446835, 64.94208742044783],
                    [25.431031466509335, 64.990319694826],
                    [25.332154513384335, 65.16998546583025],
                    [25.38091087519743, 65.20342527413297],
                    [25.38640403925993, 65.129311483222],
                    [25.481847764845867, 65.07901556605263],
                    [25.620550157423992, 65.05064607900114],
                    [25.58621335127496, 64.94121495285808]
                ]
            ]
        },
        "Turku": {
            "size": 46,
            "radius": 400,
            "rings": [
                [
                    [22.264594814826125, 60.41437069032691],
                    [22.191467068244094, 60.46569065945073],
                    [22.24571206336128, 60.49968990229377],
                    [22.332572720099563, 60.47279792410018],
                    [22.310256741095657, 60.408946026755956],
                    [22.264594814826125, 60.41437069032691]
                ]
            ]
        },
        "Jyvaskyala": {
            "size": 58,
            "radius": 400,
            "rings": [
                [
                    [25.63368284904533, 62.23416256255167],
                    [25.74354613029533, 62.25590656654731],
                    [25.725350024338297, 62.2988687650181],
                    [25.832810046310954, 62.27140557898874],
                    [25.78491652214103, 62.25247013881214],
                    [25.880531909103922, 62.253988608684104],
                    [25.864739062424235, 62.22792425609769],
                    [25.774788500900797, 62.20343844047034],
                    [25.63368284904533, 62.23416256255167]
                ]
            ]
        },
        "Lahti": {
            "size": 63,
            "radius": 400,
            "rings": [
                [
                    [25.640219437422378, 60.99071341919315],
                    [25.64914582902394, 61.02915045548552],
                    [25.688284622969253, 61.02698856787902],
                    [25.76003907853566, 60.974226153774744],
                    [25.634726273359878, 60.92838330076655],
                    [25.556105362715346, 60.982387586460796],
                    [25.594900833906753, 61.004529486006845],
                    [25.640219437422378, 60.99071341919315]
                ]
            ]
        },
        "Kuopio": {
            "size": 8,
            "radius": 200,
            "rings": [
                [
                    [27.685467334468516, 62.88010435375894],
                    [27.640492053706797, 62.87141703780299],
                    [27.621265979488047, 62.87642625457229],
                    [27.65765819140211, 62.90357072301499],
                    [27.698513599116954, 62.894968567546684],
                    [27.685467334468516, 62.88010435375894]
                ]
            ]
        }
    }
}
