{
    "searchArea": {
        "NewIsland": {
            "size": 3,
            "radius": 200,
            "rings": [
                [
                    [-61.29113198182502, -51.70462639295996],
                    [-61.29164696595588, -51.728555841514975],
                    [-61.31121636292853, -51.73248969411903],
                    [-61.31379128358283, -51.71739034126398],
                    [-61.29113198182502, -51.70462639295996]
                ]
            ]
        },
        "WestPoint": {
            "size": 2,
            "radius": 200,
            "rings": [
                [
                    [-60.69316904191917, -51.34398208102653],
                    [-60.677805348681865, -51.3516481805852],
                    [-60.716514989184795, -51.349289517317295],
                    [-60.69316904191917, -51.34398208102653]
                ]
            ]
        },
        "Carcass": {
            "size": 3,
            "radius": 200,
            "rings": [
                [
                    [-60.55731604656511, -51.2955458034911],
                    [-60.55817435344988, -51.28201891706602],
                    [-60.52547286114031, -51.2931305802924],
                    [-60.518778067439136, -51.30053686215375],
                    [-60.5236704166823, -51.315077605383856],
                    [-60.53225348552996, -51.3095515926308],
                    [-60.53113768657976, -51.298712236969706],
                    [-60.545299750178394, -51.29436504357902],
                    [-60.55731604656511, -51.2955458034911]
                ]
            ]
        }
    }
}
