{
    "searchArea": {
        "FaroeIslands1": {
            "size": 8,
            "radius": 3000,
            "rings": [
                [
                    [-6.539311515445531, 62.374722308246184],
                    [-6.241307365054906, 62.34350399028837],
                    [-6.693120109195531, 62.147812775693296],
                    [-6.656041251773656, 62.00182095436574],
                    [-6.815343009586156, 61.90237793134463],
                    [-6.617714368993504, 61.82967684189661],
                    [-6.668526136571629, 61.753619669083506],
                    [-6.925331556493504, 61.84771524994918],
                    [-7.039314710790379, 62.07108483603994],
                    [-7.224708997899754, 62.01056230353781],
                    [-7.456795179540379, 62.107083592445456],
                    [-7.193123304540379, 62.10836847274003],
                    [-7.165657484227879, 62.306867806531926],
                    [-6.810861600933548, 62.3736280427213],
                    [-6.539311515445531, 62.374722308246184]
                ]
            ]
        },
        "FaroeIslands2": {
            "size": 2,
            "radius": 1000,
            "rings": [
                [
                    [-6.9135997242148335, 61.63776763340941],
                    [-6.9163463062460835, 61.581939340367846],
                    [-6.7282054371054585, 61.55545921529676],
                    [-6.6746470874960835, 61.3865684489275],
                    [-6.8188426441367085, 61.43519784785528],
                    [-6.984324211519521, 61.60970282699116],
                    [-6.9135997242148335, 61.63776763340941]
                ]
            ]
        },
        "Torshavn": {
            "size": 10,
            "radius": 100,
            "rings": [
                [
                    [-6.813402030478876, 62.000383954328484],
                    [-6.793489310752314, 62.014644889318205],
                    [-6.8041323161234075, 62.03203901893044],
                    [-6.770830008994501, 62.040329941849734],
                    [-6.754007194053095, 62.02761090149738],
                    [-6.761731956015986, 62.00650811173087],
                    [-6.775979850303095, 62.000383954328484],
                    [-6.765165183555048, 61.98909938821144],
                    [-6.813402030478876, 62.000383954328484]
                ]
            ]
        }
    }
}
