{
    "searchArea": {
        "France1": {
            "size": 4037,
            "radius": 1000,
            "rings": [
                [
                    [7.510483027017583, 43.76790086345896],
                    [6.180597502858709, 42.96555040084328],
                    [4.137140471608709, 43.52971564638348],
                    [3.1234550471336897, 43.10456778424884],
                    [3.1509208674461897, 42.427080846666385],
                    [1.946704279676057, 42.3822839268228],
                    [1.715991389051057, 42.605055296534374],
                    [0.688769709363557, 42.83508984251614],
                    [-0.08447293741130402, 42.6731798567899],
                    [-1.452270788973804, 43.06370341804033],
                    [-1.787353796786304, 43.36795363114006],
                    [-1.529175085848804, 43.5314581165682],
                    [-1.1408636201903954, 45.603384121925],
                    [-2.1900579561278954, 46.84361740332559],
                    [-2.568889969112782, 47.4635744293253],
                    [-4.702216637243413, 48.012001072501654],
                    [-4.801093590368413, 48.56027546049196],
                    [-3.073312435794624, 48.8653916506958],
                    [-2.754708920169624, 48.57547071261056],
                    [-1.557199154544624, 48.64810762853615],
                    [-2.0049281692152854, 49.72412808273088],
                    [-1.2633510207777854, 49.68504963052456],
                    [-1.1370082473402854, 49.35340193859443],
                    [0.013932869386064084, 49.31736262372042],
                    [0.16774146313606408, 49.72388581005758],
                    [1.4139418086160394, 50.083646716647394],
                    [1.5622572383035394, 50.863241341618426],
                    [2.5172866574099118, 51.08202645325505],
                    [2.5952283484912897, 50.8105053447673],
                    [2.8863660438037897, 50.671456531424035],
                    [3.1143323523975397, 50.77925535721184],
                    [3.2874630005248306, 50.488310556447104],
                    [3.6225460083373306, 50.46558794153624],
                    [3.6527584106810806, 50.32726940774664],
                    [4.034535953597391, 50.330580937541775],
                    [4.149892398909891, 49.95389214206066],
                    [4.6596370444342705, 49.978626047991675],
                    [4.8024593100592705, 50.14612765812613],
                    [4.8491512045905205, 49.77153038817448],
                    [5.55655413167893, 49.502734054704824],
                    [6.36679583089768, 49.46347773986634],
                    [6.72385149496018, 49.15368286394063],
                    [7.43796282308518, 49.14649692897283],
                    [8.19601946371018, 48.95749324203951],
                    [7.80051165121018, 48.59549695915894],
                    [7.47092180746018, 47.521646890740485],
                    [6.97928362386643, 47.48268165720984],
                    [6.92984514730393, 47.26878765898546],
                    [6.4244999264191005, 46.92492855204022],
                    [6.061722200766968, 46.44301795181654],
                    [5.935379427329468, 46.10509288872231],
                    [6.594559114829468, 46.42787502575173],
                    [6.990066927329468, 45.91051113416039],
                    [6.750565123715919, 45.752051991701734],
                    [7.146072936215919, 45.31338653101061],
                    [6.635208678403419, 45.10052600845482],
                    [6.948319029965919, 44.641155704677296],
                    [6.892385294580108, 44.353036257563865],
                    [7.677907755517608, 44.124777337909144],
                    [7.510483027017583, 43.76790086345896]
                ]
            ]
        },
        "Paris": {
            "size": 1741,
            "radius": 300,
            "rings": [
                [
                    [2.044668009423858, 49.05786517446135],
                    [2.625570109033233, 48.96328450389074],
                    [2.670888712548858, 48.82966559850105],
                    [2.448415568017608, 48.674836705190025],
                    [2.705220987939483, 48.534991694989564],
                    [2.624196818017608, 48.49769495107648],
                    [2.223195841455108, 48.58407234312012],
                    [2.236928751611358, 48.7654378412924],
                    [1.9526575113769828, 48.96508771916936],
                    [2.044668009423858, 49.05786517446135]
                ]
            ]
        },
        "Marseille": {
            "size": 224,
            "radius": 250,
            "rings": [
                [
                    [5.361408612638474, 43.235230969251674],
                    [5.355228803068162, 43.326708666861364],
                    [5.299610516935349, 43.36815321110291],
                    [5.355915448575974, 43.42503091618703],
                    [5.390247723966599, 43.35068004646388],
                    [5.492557904630662, 43.367154880107314],
                    [5.528263471036912, 43.31122212127816],
                    [5.609287640958787, 43.354674356298595],
                    [5.622333905607224, 43.27323840623641],
                    [5.476765057950974, 43.2777377160473],
                    [5.361408612638474, 43.235230969251674]
                ]
            ]
        },
        "Lyon": {
            "size": 377,
            "radius": 250,
            "rings": [
                [
                    [4.866096512936426, 45.85872531851471],
                    [5.010292069577051, 45.83624535310952],
                    [5.023338334225489, 45.747192965616094],
                    [4.952613846920801, 45.649358987419426],
                    [4.789192216061426, 45.679590690887025],
                    [4.723960892819239, 45.78551250643142],
                    [4.866096512936426, 45.85872531851471]
                ]
            ]
        },
        "Toulouse": {
            "size": 319,
            "radius": 200,
            "rings": [
                [
                    [1.3812791153853787, 43.74010367604919],
                    [1.5378342911666287, 43.65074089381221],
                    [1.5278779313033475, 43.54009453472608],
                    [1.3620530411666287, 43.49677524089299],
                    [1.2683259293502225, 43.57044928429793],
                    [1.3284074112838162, 43.62837939116051],
                    [1.3867722794478787, 43.615207057223365],
                    [1.3812791153853787, 43.74010367604919]
                ]
            ]
        },
        "Nice": {
            "size": 551,
            "radius": 300,
            "rings": [
                [
                    [6.850289334178767, 43.64543853577976],
                    [7.208718289256892, 43.77795730135487],
                    [7.39754580390533, 43.72637434415939],
                    [7.333687771678767, 43.675740183124894],
                    [7.25197695624908, 43.6851752775386],
                    [7.14486025703033, 43.63798496837405],
                    [7.140053738475642, 43.552948944524175],
                    [6.918267239452205, 43.541004448026534],
                    [6.850289334178767, 43.64543853577976]
                ]
            ]
        },
        "Nantes": {
            "size": 174,
            "radius": 200,