{
    "searchArea": {
        "Ghana1": {
            "size": 516,
            "radius": 12000,
            "rings": [
                [
                    [-2.835305491657664, 11.016772743887351],
                    [-0.8303006088451639, 10.97902680153387],
                    [-0.7533963119701639, 9.449146463334177],
                    [0.04860564115477928, 9.519581444580824],
                    [0.07057829740477928, 8.939424864364197],
                    [0.6253878677172793, 8.271376022611788],
                    [0.4605929458422793, 6.7083391818692055],
                    [1.2680880630297793, 6.118793059005179],
                    [0.9206454360766543, 5.770487565849267],
                    [-1.9860452029091675, 4.7506021816770225],
                    [-2.770862988659019, 5.017245939105323],
                    [-2.224293164440269, 5.123943427516769],
                    [-1.8480114261590188, 6.337308159254143],
                    [-2.383594922252769, 6.394630732673222],
                    [-2.614307812877769, 6.861156017501278],
                    [-2.1253262895162948, 8.164864644731052],
                    [-2.5867520707662948, 9.15853682683692],
                    [-2.835305491657664, 11.016772743887351]
                ],
                [
                    [-2.0240738033488626, 11.009766072803272],
                    [-1.1341812252238697, 10.99898175454714],
                    [-0.8650161861613626, 10.340406212127077],
                    [-1.0298111080363626, 9.154793254245233],
                    [-2.3261978267863697, 9.279504710298703],
                    [-2.3893692135051197, 10.629383152180194],
                    [-1.9032241939738697, 10.850657528376862],
                    [-2.0240738033488626, 11.009766072803272]
                ],
                [
                    [-2.4024229212994896, 9.068011614437701],
                    [-1.2378721400494896, 9.019187708405571],
                    [-0.8203916712994896, 9.290347097722089],
                    [-0.5182676478619896, 8.40562574562026],
                    [-0.26558210098698964, 9.33913368232886],
                    [0.4430360630755672, 7.997853184502356],
                    [-0.07881452286198964, 6.139004556288269],
                    [-1.7542295619244896, 7.3554726208877295],
                    [-1.9519834681744896, 8.17732459514518],
                    [-2.4024229212994896, 9.068011614437701]
                ]
            ]
        },
        "Accra": {
            "size": 366,
            "radius": 400,
            "rings": [
                [
                    [-0.27388458338856836, 5.5156748057836],
                    [-0.2759445199120023, 5.584359176532661],
                    [-0.25294189540028356, 5.6708011836219105],
                    [-0.2168930062401273, 5.651668883909475],
                    [-0.2011001595604398, 5.692324262426632],
                    [-0.11492614832997106, 5.683100184299591],
                    [-0.11080627528309606, 5.651668883909475],
                    [-0.011929322158096056, 5.6892495861524095],
                    [0.011416625107585787, 5.629460957618384],
                    [-0.2089965829002871, 5.5303691490667415],
                    [-0.27388458338856836, 5.5156748057836]
                ]
            ]
        },
        "Kumasi": {
            "size": 70,
            "radius": 450,
            "rings": [
                [
                    [-1.65912354654796, 6.672119725310521],
                    [-1.6627284354639755, 6.705195367359877],
                    [-1.6313144034815537, 6.734177332505088],
                    [-1.589257366128038, 6.706729749964738],
                    [-1.5674563712549912, 6.713037716563271],
                    [-1.55200684732921, 6.660184666317817],
                    [-1.5902873343897568, 6.654217027923058],
                    [-1.65912354654796, 6.672119725310521]
                ]
            ]
        },
        "Tamale": {
            "size": 29,
            "radius": 400,
            "rings": [
                [
                    [-0.8578548901572844, 9.385082390421045],
                    [-0.8670387738242766, 9.410655354341673],
                    [-0.8432636731162688, 9.43749646361225],
                    [-0.8021507733359954, 9.403203824828633],
                    [-0.8254967206016195, 9.37475105511826],
                    [-0.8578548901572844, 9.385082390421045]
                ]
            ]
        },
        "Takoradi": {
            "size": 25,
            "radius": 450,
            "rings": [
                [
                    [-1.744926299460019, 4.882175199365146],
                    [-1.768272246725644, 4.874307379542967],
                    [-1.773937072165097, 4.881148967227364],
                    [-1.7669847863984955, 4.935024024522488],
                    [-1.708619918234433, 4.941950501275047],
                    [-1.7057875055147065, 4.932629670058103],
                    [-1.7459562677217377, 4.91740821490824],
                    [-1.744926299460019, 4.882175199365146]
                ]
            ]
        },
        "CapeCoast": {
            "size": 26,
            "radius": 400,
            "rings": [
                [
                    [-1.2392533672277182, 5.10301301966437],
                    [-1.283799494547054, 5.0995079000414405],
                    [-1.2971890819493979, 5.122590042596112],
                    [-1.2858594310704916, 5.138063160577998],
                    [-1.265002573770687, 5.140542244036077],
                    [-1.2215722454015463, 5.1243852854604794],
                    [-1.2392533672277182, 5.10301301966437]
                ]
            ]
        }
    }
}
