{
    "searchArea": {
        "Gibraltar1": {
            "size": 5,
            "radius": 100,
            "rings": [
            [
            [ -5.349942942860594, 36.149919987931426 ],
            [ -5.338613291981687, 36.144895124525114 ],
            [ -5.341703196766844, 36.11234701094463 ],
            [ -5.346008718283706, 36.10876541981278 ],
            [ -5.354548871787131, 36.12384598520748 ],
            [ -5.352446019919455, 36.128367396141414 ],
            [ -5.357166707785666, 36.14022112402537 ],
            [ -5.355535924704611, 36.14552352783027 ],
            [ -5.349942942860594, 36.149919987931426 ]
            ]]
            }
    }
}
