{
    "searchArea": {
        "Greenland1": {
            "size": 1,
            "radius": 100,
            "rings": [
                [
                    [-57.07301673474592, 74.11072496982514],
                    [-57.05945548596662, 74.11417890652228],
                    [-57.05602225842756, 74.11117143818399],
                    [-57.039714427617014, 74.11053697949123],
                    [-57.06082877698225, 74.10846894280093],
                    [-57.07301673474592, 74.11072496982514]
                ]
            ]
        },
        "Greenland2": {
            "size": 6,
            "radius": 7500,
            "rings": [
                [
                    [-26.640795672760305, 70.25964571322214],
                    [-25.393847430572805, 70.460888362541],
                    [-24.339159930572805, 70.41674796295992],
                    [-24.915942157135305, 70.25407887502314],
                    [-26.514452899322805, 70.1648042430027],
                    [-26.640795672760305, 70.25964571322214]
                ]
            ]
        },
        "Greenland3": {
            "size": 2,
            "radius": 3500,
            "rings": [
                [
                    [-22.554493576064534, 70.49322241880685],
                    [-21.873341232314544, 70.52438103855658],
                    [-21.884327560439544, 70.45099037547831],
                    [-22.516041427627044, 70.43260122602422],
                    [-22.554493576064534, 70.49322241880685]
                ]
            ]
        },
        "Greenland4": {
            "size": 3,
            "radius": 2200,
            "rings": [
                [
                    [-22.111904260190975, 74.61955461050987],
                    [-21.809780236753475, 74.441539381903],
                    [-20.571071740659704, 74.43564475521833],
                    [-20.238735314878454, 74.28459380887355],
                    [-20.098659631284704, 74.31061059717314],
                    [-20.518886682065954, 74.48861807395622],
                    [-21.683437463315954, 74.47171518586372],
                    [-22.111904260190975, 74.61955461050987]
                ]
            ]
        },
        "Greenland5": {
            "size": 6,
            "radius": 4500,
            "rings": [
                [
                    [-38.26434263188315, 65.84231678253377],
                    [-37.82488950688315, 65.52451511195756],
                    [-37.58319028813315, 65.50857937228362],
                    [-37.0970452686019, 65.52110112992742],
                    [-37.2124017139144, 65.69238440242044],
                    [-36.3389886279769, 66.02265069131799],
                    [-36.5147698779769, 66.07171370836377],
                    [-37.82488950688318, 65.59724036126852],
                    [-37.72051938969565, 65.90406448627087],
                    [-38.26434263188315, 65.84231678253377]
                ]
            ]
        },
        "Greenland6": {
            "size": 4,
            "radius": 3500,
            "rings": [
                [
                    [-46.48655234237454, 61.04995489050853],
                    [-46.087611302335475, 60.89636218074481],
                    [-46.07044516464016, 60.67685516885178],
                    [-45.75046835799954, 60.797686365549694],
                    [-45.642665013272975, 61.137247369933924],
                    [-45.41126547714016, 60.96142145185438],
                    [-45.36182700057765, 61.202476103409936],
                    [-45.64180670638821, 61.15497511772229],
                    [-45.73720751662991, 60.84476262545715],
                    [-46.05508147140286, 60.75435693165081],
                    [-45.99457083602688, 60.939749791920306],
                    [-46.39385519881985, 61.08649435651407],
                    [-46.48655234237454, 61.04995489050853]
                ]
            ]
        },
        "Greenland7": {
            "size": 1,
            "radius": 100,
            "rings": [
                [
                    [-48.45503382560901, 61.173661176026],
                    [-48.44945483085803, 61.17597858484046],
                    [-48.42293314811877, 61.17672343007467],
                    [-48.44696574089221, 61.172295480360646],
                    [-48.45503382560901, 61.173661176026]
                ]
            ]
        },
        "Greenland8": {
            "size": 2,
            "radius": 200,
            "rings": [
                [
                    [-49.67015646290156, 62.01269024690952],
                    [-49.648784621470895, 61.992544444997556],
                    [-49.659255965465036, 61.98504680615377],
                    [-49.67865370106074, 61.991335273156395],
                    [-49.67015646290156, 62.01269024690952]
                ]
            ]
        },
        "Greenland9": {
            "size": 5,
            "radius": 2500,
            "rings": [
                [
                    [-51.33305628558804, 64.12221480152851],
                    [-51.77250941058804, 64.12940639438308],
                    [-51.743670299259904, 64.2310875473765],
                    [-51.22731287738492, 64.23825095588573],
                    [-50.86339075824428, 64.45229214084588],
                    [-50.21519739886928, 64.43925956511669],
                    [-50.332613780705216, 64.41109989842393],
                    [-50.845537975041154, 64.42266368180705],
                    [-51.33305628558804, 64.12221480152851]
                ]
            ]
        },
        "Greenland10": {
            "size": 5,
            "radius": 2500,
            "rings": [
                [
                    [-53.807933745565165, 66.93768109230182],
                    [-52.85486978072146, 66.88490379625487],
                    [-52.69007485884646, 67.01180700126449],
                    [-51.36896890181521, 66.87843343042114],
                    [-49.9604688809485, 67.1301127318487],
                    [-50.0483595059485, 67.17383779392688],
                    [-51.51778089266725, 66.93720971476355],
                    [-52.536762826261, 67.07347263063802],
                    [-53.807933745565165, 66.93768109230182]
                ]
            ]
        },
        "Greenland11": {
            "size": 3,
            "radius": 7500,
            "rings": [
                [
                    [-53.65411878160625, 67.93977132987631],
                    [-53.295689826528125, 68.30310142152273],
                    [-53.59369397691875, 68.26956853059625],
                    [-53.4810841136375, 68.33303609853014],
                    [-52.816411262075, 68.23496791386751],
                    [-52.924901252309375, 68.21637391083003],
                    [-53.292943244496875, 68.30018195482516],
                    [-53.3931934886375, 68.13238586886686],
                    [-53.60399365953594, 67.92971140117687],
                    [-53.65411878160625, 67.93977132987631]
                ]
            ]
        },
        "Greenland12": {
            "size": 3,
            "radius": 5000,
            "rings": [
                [
                    [-53.13761991285048, 68.86059241233438],
                    [-53.01677030347548, 68.67608664362368],
                    [-52.64872831128798, 68.73319303132165],
                    [-52.30815213941298, 68.72945690593549],
                    [-52.00602811597548, 68.7050321462073],
                    [-51.77119535230361, 68.60806726724631],
                    [-51.83985990308486, 68.68008135581368],
                    [-52.35347074292861, 68.76281079004018],
                    [-53.02775663160048, 68.70952033063197],
                    [-53.08680814527236, 68.87049542777129],
                    [-53.13761991285048, 68.86059241233438]
                ]
            ]
        },
        "Greenland13": {
            "size": 4,
            "radius": 5000,