{
    "searchArea": {
        "South Georgia and the South Sandwich Islands": {
            "size": 3,
            "radius": 200,
            "rings": [
                [
                    [-37.73061826206002, -54.01386271952337],
                    [-37.72203519321236, -54.025158225111774],
                    [-37.68916203952584, -54.01502266720132],
                    [-37.69542767978463, -54.00781029407022],
                    [-37.73061826206002, -54.01386271952337]
                ]
            ]
        }
    }
}
