{
    "searchArea": {
        "Guatemala1": {
            "size": 133,
            "radius": 15000,
            "rings": [
                [
                    [-92.21169747610855, 14.51451947509988],
                    [-92.12380685110855, 14.732443236038367],
                    [-92.1540192534523, 14.987296612980396],
                    [-92.0221833159523, 15.077484737926959],
                    [-92.1375397612648, 15.400784791750354],
                    [-91.95901192923355, 15.67070013605722],
                    [-90.39620675345232, 15.114609925050265],
                    [-90.4895905425148, 15.773809215803965],
                    [-90.22179879446794, 15.920450969763719],
                    [-90.17497726584922, 16.93351316807598],
                    [-89.6297807326461, 17.415036542785778],
                    [-89.57567517758122, 17.10032418554495],
                    [-89.14528788423509, 17.05966875605494],
                    [-89.53255595064134, 16.884976191566018],
                    [-89.22768534517257, 15.89225882839571],
                    [-88.819647688808, 15.544039831309954],
                    [-88.588934798183, 15.76355063494977],
                    [-88.36234178060488, 15.602246348786418],
                    [-89.54647333413754, 15.021532270100906],
                    [-89.2251232364813, 14.870273442776087],
                    [-89.26632196695004, 14.540854004358993],
                    [-90.13612658360336, 13.74211877353969],
                    [-90.6002989468846, 13.9101397633231],
                    [-91.23475939610336, 13.9101397633231],
                    [-91.73463732579086, 14.133977829895173],
                    [-92.21169747610855, 14.51451947509988]
                ],
                [
                    [-90.06384445508212, 15.86140126067246],
                    [-90.3934342988321, 15.631416158095242],
                    [-89.86883713086335, 15.586446232263022],
                    [-90.18744064648837, 15.372042956530239],
                    [-89.58593918164462, 15.409116173777518],
                    [-90.17096115430087, 15.048698727039506],
                    [-89.98968674023837, 14.966458820696577],
                    [-88.90204025586337, 15.493830110333512],
                    [-89.35797287305087, 15.493830110333512],
                    [-89.17395187695712, 15.768909826270496],
                    [-89.48156906445712, 16.18874246059948],
                    [-89.48980881055087, 16.505008279362656],
                    [-89.94574142773835, 16.776058228964136],
                    [-90.06384445508212, 15.86140126067246]
                ]
            ]
        },
        "GuatemalaCity": {
            "size": 95,
            "radius": 400,
            "rings": [
                [
                    [-90.56282209050084, 14.619782687324607],
                    [-90.61226056706334, 14.628253794210488],
                    [-90.56110547673131, 14.677412974495924],
                    [-90.53329633366491, 14.62692501474225],
                    [-90.51218198429967, 14.661138521329551],
                    [-90.5054871905985, 14.617955543000553],
                    [-90.4751031268778, 14.571773582166054],
                    [-90.50033734928991, 14.561306539806397],
                    [-90.51183866154577, 14.580246538132501],
                    [-90.52076505314733, 14.539207819551468],
                    [-90.55921720158483, 14.548014341620307],
                    [-90.55338071476842, 14.581243335058536],
                    [-90.57209180485631, 14.570942882673052],
                    [-90.56282209050084, 14.619782687324607]
                ]
            ]
        },
        "Amaitlan": {
            "size": 6,
            "radius": 200,
            "rings": [
                [
                    [-90.64080412810574, 14.465402632839625],
                    [-90.62166388457547, 14.496649695266349],
                    [-90.60561354583035, 14.481525336971144],
                    [-90.61479742949734, 14.469641189131996],
                    [-90.64080412810574, 14.465402632839625]
                ]
            ]
        },
        "VillaNueva": {
            "size": 2,
            "radius": 100,
            "rings": [
                [
                    [-90.56951966459258, 14.507273646439844],
                    [-90.5870291250418, 14.522313158495345],
                    [-90.5734678762625, 14.525179689825894],
                    [-90.56213822538359, 14.514835075831456],
                    [-90.56951966459258, 14.507273646439844]
                ]
            ]
        },
        "Coban": {
            "size": 6,
            "radius": 200,
            "rings": [
                [
                    [-90.36722066486755, 15.459895841244727],
                    [-90.38541677082458, 15.457579525498979],
                    [-90.38799169147887, 15.472800554772496],
                    [-90.37108304584899, 15.4815686831542],
                    [-90.35477521503844, 15.474289508421176],
                    [-90.36722066486755, 15.459895841244727]
                ]
            ]
        },
        "Quetzaltenango": {
            "size": 9,
            "radius": 150,
            "rings": [
                [
                    [-91.53678803570932, 14.832900873299465],
                    [-91.53747468121713, 14.857292828401059],
                    [-91.516017009098, 14.849079518253323],
                    [-91.5097513688392, 14.8508217616482],
                    [-91.4995375169105, 14.838625762969485],
                    [-91.51327042706674, 14.825516371608147],
                    [-91.53678803570932, 14.832900873299465]
                ]
            ]
        },
        "Escuintla": {
            "size": 5,
            "radius": 150,
            "rings": [
                [
                    [-90.78541438053225, 14.286447765366578],
                    [-90.7925383276758, 14.29451572174356],
                    [-90.7881609625635, 14.310817100614406],
                    [-90.76927821109865, 14.306159684459125],
                    [-90.77545802066896, 14.295763318026108],
                    [-90.76747576664064, 14.288028109507456],
                    [-90.78541438053225, 14.286447765366578]
                ]
            ]
        },
        "Flores": {
            "size": 10,
            "radius": 200,
            "rings": [
                [
                    [-89.91904967706296, 16.91981114311479],
                    [-89.90772002618405, 16.929993169546734],
                    [-89.88918059747311, 16.932292260592586],
                    [-89.86832374017331, 16.90905372691983],
                    [-89.89372962396237, 16.901827026203154],
                    [-89.91904967706296, 16.91981114311479]
                ]
            ]
        }
    }
}
