{
    "searchArea": {
        "HongKong1": {
            "size": 1602,
            "radius": 1800,
            "rings": [
                [
                    [114.25999326514474, 22.144167432364615],
                    [114.20832319068185, 22.20775279577909],
                    [114.1370837192463, 22.192018097279472],
                    [114.10320947570656, 22.232172470843622],
                    [114.12106225890969, 22.318269664003115],
                    [114.06063745422219, 22.336054354093065],
                    [114.04278467101906, 22.193713453424095],
                    [113.82735119338935, 22.19872079699363],
                    [113.89326916213935, 22.315014902290937],
                    [113.95026073928778, 22.331529717777507],
                    [113.90183324232983, 22.406327243900595],
                    [113.96431798354077, 22.457419764215512],
                    [113.90869969740795, 22.48184866477663],
                    [113.83141919687718, 22.62779330989159],
                    [113.8547651441428, 22.634447944544913],
                    [114.02882978037327, 22.548546741199146],
                    [114.31522622798596, 22.611588295269197],
                    [114.24862161372815, 22.43843459473282],
                    [114.35917154048596, 22.495542203547796],
                    [114.39186521189541, 22.34839670222882],
                    [114.2977947773251, 22.352207074857162],
                    [114.31084104197353, 22.30520520136852],
                    [114.25999326514474, 22.144167432364615]
                ]
            ]
        },
        "HongKong2": {
            "size": 65,
            "radius": 350,
            "rings": [
                [
                    [113.54885748903244, 22.108169537586893],
                    [113.54971579591721, 22.145061982417804],
                    [113.52465323488205, 22.18464699924748],
                    [113.53340796510666, 22.218023287298475],
                    [113.56276206056565, 22.215957366573132],
                    [113.56688193361252, 22.167002042766054],
                    [113.58147315065354, 22.162868669782988],
                    [113.59177283327072, 22.13234154084623],
                    [113.57220343629807, 22.11119126465277],
                    [113.54885748903244, 22.108169537586893]
                ]
            ]
        }
    }
}
