{
    "searchArea": {
        "Croatia": {
            "size": 477,
            "radius": 4000,
            "rings": [
                [
                    [13.5004267351112, 45.51150812792016],
                    [13.680327858158075, 45.44024875565912],
                    [14.39306589526745, 45.48263005387222],
                    [14.5770868913612, 45.65375655074643],
                    [14.842132057376825, 45.44988366636314],
                    [15.391448463626825, 45.48455571955973],
                    [15.289824928470575, 45.747749740743686],
                    [15.712711106177716, 45.84897217061697],
                    [15.731937180396466, 46.0533012194461],
                    [15.604221115943341, 46.15423198767448],
                    [16.439640520017605, 46.52430619755744],
                    [17.75208174102322, 45.80242295842133],
                    [18.47443281524197, 45.73728383433794],
                    [18.84796797149197, 45.89998901276352],
                    [19.10434210751517, 44.942457958193394],
                    [17.97824347470267, 45.1404112841011],
                    [15.791689626125697, 45.22172240489894],
                    [15.748148273811319, 44.74434433856642],
                    [17.69546429856845, 42.97808658306749],
                    [18.53177936221546, 42.42127150700519],
                    [17.407740665926397, 42.89140480194547],
                    [15.666407658113899, 42.98590895425185],
                    [16.520594669832647, 43.250548957359186],
                    [15.125330997957649, 43.875469292159636],
                    [13.719080997957649, 44.908668201920804],
                    [13.5004267351112, 45.51150812792016]
                ]
            ]
        },
        "Zagreb": {
            "size": 207,
            "radius": 500,
            "rings": [
                [
                    [15.82984915878335, 45.82566224179287],
                    [16.044769202728663, 45.889264340180866],
                    [16.131286536713038, 45.81944159241228],
                    [16.02210990097085, 45.75288504698996],
                    [15.935935889740382, 45.75024988023201],
                    [15.82984915878335, 45.82566224179287]
                ]
            ]
        },
        "Split": {
            "size": 43,
            "radius": 500,
            "rings": [
                [
                    [16.527173148754454, 43.497848848465864],
                    [16.38641081965289, 43.50619132645304],
                    [16.444947349193907, 43.52735363455535],
                    [16.477219688061094, 43.53457201810402],
                    [16.34126387751422, 43.54713989974958],
                    [16.342293845775938, 43.55833679481458],
                    [16.498162376049375, 43.54427813726766],
                    [16.527173148754454, 43.497848848465864]
                ]
            ]
        },
        "Rijeka": {
            "size": 85,
            "radius": 400,
            "rings": [
                [
                    [14.328283498109888, 45.35463295835178],
                    [14.299101064027857, 45.32446759731762],
                    [14.306654164613795, 45.38719349747938],
                    [14.346136281313013, 45.3763420672044],
                    [14.389051625551295, 45.40382831206765],
                    [14.546636769594263, 45.290180248984235],
                    [14.530157277406763, 45.28172595604139],
                    [14.4223539326802, 45.326640040211956],
                    [14.328283498109888, 45.35463295835178]
                ]
            ]
        },
        "Osijek": {
            "size": 59,
            "radius": 400,
            "rings": [
                [
                    [18.54076384051012, 45.51193951437131],
                    [18.547630295588245, 45.53358818507328],
                    [18.647193894221058, 45.545611624819294],
                    [18.554840073420277, 45.59055650019522],
                    [18.66436003191637, 45.574217070098435],
                    [18.76152037127184, 45.55474771949402],
                    [18.73130796892809, 45.53935975702209],
                    [18.54076384051012, 45.51193951437131]
                ]
            ]
        },
        "Zadar": {
            "size": 26,
            "radius": 300,
            "rings": [
                [
                    [15.240063889346253, 44.151932300447264],
                    [15.288644059023987, 44.09808411937007],
                    [15.293278916201722, 44.051343091908464],
                    [15.268216355166565, 44.08723461232933],
                    [15.238175614199768, 44.1004263653058],
                    [15.205559952578675, 44.1322224151543],
                    [15.240063889346253, 44.151932300447264]
                ]
            ]
        },
        "Pula": {
            "size": 13,
            "radius": 200,
            "rings": [
                [
                    [13.81089848573024, 44.86489034132014],
                    [13.837935152600357, 44.86373447592575],
                    [13.849178972790787, 44.88648250594754],
                    [13.867546740124771, 44.881313288739314],
                    [13.867975893567154, 44.86166602729675],
                    [13.849007311413834, 44.834586833340616],
                    [13.829952898572037, 44.833491227272404],
                    [13.836218538830826, 44.84821929974445],
                    [13.808752718518326, 44.86276109759304],
                    [13.81089848573024, 44.86489034132014]
                ]
            ]
        },
        "Dubrovnik": {
            "size": 7,
            "radius": 200,
            "rings": [
                [
                    [18.111638771754755, 42.63860798766259],
                    [18.07507489846374, 42.64719451098923],
                    [18.054046379786982, 42.66177625748554],
                    [18.084001290065302, 42.66815075203738],
                    [18.113355385524287, 42.64346962067145],
                    [18.111638771754755, 42.63860798766259]
                ]
            ]
        },
        "SlavonskiBrod": {
            "size": 30,
            "radius": 200,
            "rings": [
                [
                    [18.026183646030887, 45.144267104472206],
                    [17.98670152933167, 45.152499739468766],
                    [17.969535391636356, 45.18420848126364],
                    [18.030303519077762, 45.20090293498618],
                    [18.07133058816956, 45.18324053667053],
                    [18.026183646030887, 45.144267104472206]
                ]
            ]
        },
        "Karlovac": {
            "size": 7,
            "radius": 150,
            "rings": [
                [
                    [15.563183565881413, 45.50364525650296],
                    [15.562067766931218, 45.476027051285925],
                    [15.541210909631413, 45.47103146376902],
                    [15.529366274621648, 45.483910752264904],
                    [15.529709597375554, 45.49726839863279],
                    [15.563183565881413, 45.50364525650296]
                ]
            ]
        }
    }
}
