{
    "searchArea": {
        "Hungary1": {
            "size": 690,
            "radius": 1200,
            "rings": [
                [
                    [17.236801648249628, 48.01597391617546],
                    [17.739426159968378, 47.74057275489306],
                    [18.640401644996874, 47.75811672616364],
                    [18.857381625465624, 47.825467504166255],
                    [18.755758090309374, 47.89825563062865],
                    [18.860128207496874, 48.045361584289445],
                    [19.476644418345817, 48.09172042443822],
                    [19.542562387095817, 48.20259107644969],
                    [19.629079721080192, 48.2465064807027],
                    [19.940816781627067, 48.13206473719444],
                    [20.309401490808675, 48.27155723322247],
                    [20.52226159823055, 48.53594842799106],
                    [20.842238404871175, 48.57957719761088],
                    [21.134040130639693, 48.49812623647092],
                    [21.445089475088942, 48.57723475277415],
                    [21.780172482901442, 48.334973797514124],
                    [22.220478114802713, 48.41707119537591],
                    [22.388019618708963, 48.23170846287497],
                    [22.4883427989595, 48.24068685048064],
                    [22.632538355600126, 48.08588320355503],
                    [22.797333277475126, 48.11523099474695],
                    [22.8838506114595, 47.94993169273058],
                    [22.66137746692825, 47.785947450409274],
                    [22.32629445911575, 47.75641210869344],
                    [21.08372335749673, 46.25502306753509],
                    [20.777149374534243, 46.28494439816479],
                    [20.650806601096743, 46.13479029511236],
                    [19.587868068187312, 46.17854840482007],
                    [19.264659522727815, 45.992378012008224],
                    [18.682384132102815, 45.91217562337861],
                    [18.426952003196565, 45.74950611091704],
                    [17.65623452184994, 45.8378968103764],
                    [17.58756997106869, 45.93158021522503],
                    [17.36509682653744, 45.94877019784456],
                    [17.13463982236171, 46.17438234022671],
                    [16.884839029786825, 46.27068912728944],
                    [16.871106119630575, 46.35226730262052],
                    [16.552502604005575, 46.48859108766984],
                    [16.310803385255575, 46.78655164535568],
                    [16.354748697755575, 46.84669831632225],
                    [16.124035807130575, 46.863602446490724],
                    [16.302563639161825, 47.00239023986432],
                    [16.514050455568075, 46.99864394724188],
                    [16.453625650880575, 47.40730309493294],
                    [16.67548626207849, 47.457187271434584],
                    [16.66175335192224, 47.624058567381084],
                    [16.44477337145349, 47.66476855373905],
                    [16.62604778551599, 47.76455857257616],
                    [16.82929485582849, 47.6795643193153],
                    [17.10395305895349, 47.71283945498082],
                    [17.02979534410974, 47.86415752062494],
                    [17.236801648249628, 48.01597391617546]
                ]
            ]
        },
        "Budapest": {
            "size": 392,
            "radius": 500,
            "rings": [
                [
                    [18.85872219170428, 47.35633461895761],
                    [18.875888329399594, 47.472032081678016],
                    [18.966525536430844, 47.479457765662445],
                    [18.88069484795428, 47.62358609644518],
                    [18.997424584282406, 47.59256943839524],
                    [19.079822045219906, 47.72576439474686],
                    [19.16084621514178, 47.72299296542598],
                    [19.161532860649594, 47.63700551366325],
                    [19.30092189873553, 47.59442169545652],
                    [19.27620266045428, 47.536971238542364],
                    [19.35791347588397, 47.49245018763065],
                    [19.232943993462094, 47.43953237549901],
                    [19.31122158135272, 47.40143574259576],
                    [19.21234462822772, 47.361451118835085],
                    [19.153293114555844, 47.38470168332706],
                    [19.026950341118344, 47.29489791738796],
                    [18.85872219170428, 47.35633461895761]
                ]
            ]
        },
        "Debrecen": {
            "size": 58,
            "radius": 300,
            "rings": [
                [
                    [21.677301646831395, 47.5574323716089],
                    [21.697557689311864, 47.49298250178416],
                    [21.675585033061864, 47.48161442352749],
                    [21.627176524761083, 47.49854964245221],
                    [21.606577159526708, 47.49019871011081],
                    [21.568125011089208, 47.53194009198548],
                    [21.601083995464208, 47.5671625171492],
                    [21.635416270854833, 47.55326175599781],
                    [21.677301646831395, 47.5574323716089]
                ]
            ]
        },
        "Szeged": {
            "size": 38,
            "radius": 300,
            "rings": [
                [
                    [20.1529035933085, 46.24476942575788],
                    [20.10998824907022, 46.21769518013858],
                    [20.097628629929595, 46.22672141262909],
                    [20.101576841599517, 46.24120778805548],
                    [20.121317899949126, 46.24761856944147],
                    [20.116168058640532, 46.28274584116085],
                    [20.14243224931436, 46.276101867483106],
                    [20.160285032517486, 46.29247306338902],
                    [20.214015043503814, 46.26459164961413],
                    [20.189810789353423, 46.24251374872696],
                    [20.199423826462798, 46.22695892502337],
                    [20.17315963578897, 46.22684016895467],
                    [20.1529035933085, 46.24476942575788]
                ]
            ]
        },
        "Miskolc": {
            "size": 40,
            "radius": 300,
            "rings": [
                [
                    [20.75916017198894, 48.0944468515689],
                    [20.734955917838548, 48.09845956534695],
                    [20.727231155875657, 48.075296162186746],
                    [20.67144120836589, 48.10006456316963],
                    [20.656678329947923, 48.11737242642506],
                    [20.69890702867839, 48.103732941463996],
                    [20.75435365343425, 48.107859554134805],
                    [20.769974838736985, 48.124018930450916],
                    [20.826108109000657, 48.10510851583366],
                    [20.817696701529954, 48.08355362120321],
                    [20.79435075426433, 48.08642048447644],
                    [20.804135452750657, 48.05430248826046],
                    [20.79280580187175, 48.04764696853116],
                    [20.76911653185222, 48.07162575496371],
                    [20.75984681749675, 48.049942072499206],
                    [20.73718751573894, 48.067152092175675],
                    [20.76636994982097, 48.08401233006484],
                    [20.75916017198894, 48.0944468515689]
                ]
            ]
        },
        "Pecs": {
            "size": 59,
            "radius": 300,