{
    "searchArea": {
        "Ireland1": {
            "size": 337,
            "radius": 1000,
            "rings": [
                [
                    [-6.901652152392095, 55.223288487632644],
                    [-7.374064261767095, 55.03642660346374],
                    [-7.569071585985845, 54.75211379076178],
                    [-7.840983207079595, 54.73308819624673],
                    [-7.923380668017095, 54.67278150542165],
                    [-7.689921195360845, 54.61397564972013],
                    [-7.857462699267095, 54.53277943242686],
                    [-8.000284964892094, 54.54234032522816],
                    [-8.170573050829594, 54.457808256601204],
                    [-7.819010550829595, 54.198341927971526],
                    [-7.483927543017095, 54.125977220820786],
                    [-7.266947562548345, 54.12758670045602],
                    [-7.027994925829595, 54.4290594665362],
                    [-6.736857230517095, 54.18870061129952],
                    [-6.646220023485845, 54.18227181738814],
                    [-6.637980277392095, 54.042198101189],
                    [-6.260446847197147, 54.09860301151329],
                    [-6.087412179228397, 53.997012691438485],
                    [-6.160196603056522, 53.96794125453939],
                    [-6.330484688994022, 54.00831277136585],
                    [-6.368936837431522, 53.900028973919596],
                    [-6.241650896178814, 53.863988382299674],
                    [-6.219678239928814, 53.661039302127364],
                    [-6.076855974303814, 53.55348621093693],
                    [-6.115308122741314, 53.408018457227286],
                    [-6.027417497741314, 53.3850904741828],
                    [-6.052136736022564, 53.35231478124561],
                    [-6.197705583678814, 53.33345733785518],
                    [-6.085095720397564, 53.27437141250837],
                    [-6.037470487160472, 52.984670541955],
                    [-6.004805179978276, 52.96272466367005],
                    [-6.221785160447026, 52.63808603309308],
                    [-6.194344931085764, 52.549549775291354],
                    [-6.440164022882639, 52.33441320814745],
                    [-6.305581503351389, 52.23696444703812],
                    [-6.357766561945139, 52.17047574892618],
                    [-6.467629843195139, 52.191527236231515],
                    [-6.580239706476389, 52.16457954672295],
                    [-6.706582479913889, 52.21509307315011],
                    [-6.925856097044678, 52.11934641024534],
                    [-7.418867571654053, 52.13283599079617],
                    [-7.612501604857178, 52.08560459129869],
                    [-7.534224016966553, 52.047614526861786],
                    [-7.591902239622803, 51.990991648166705],
                    [-7.896772845091553, 51.90126273857964],
                    [-8.165716650329053, 51.78431361348978],
                    [-8.272833349547803, 51.79365769700051],
                    [-8.311285497985303, 51.7290590532254],
                    [-8.7175827531364, 51.584715151988796],
                    [-9.1405563859489, 51.52921655065419],
                    [-9.393533518913593, 51.470009006119504],
                    [-9.430612376335468, 51.538394184599255],
                    [-9.806894114616718, 51.44776172289248],
                    [-9.830240061882343, 51.492245446386576],
                    [-9.534982493522968, 51.611793823542364],
                    [-9.846719554069843, 51.537540003212456],
                    [-9.451211741569843, 51.6952908273331],
                    [-9.526742747429218, 51.73613121193726],
                    [-9.861811457410118, 51.611864168870014],
                    [-10.229853449597618, 51.58883289630011],
                    [-9.617365656628868, 51.86867780319481],
                    [-10.128229914441368, 51.74555541063408],
                    [-10.336970148816368, 51.79059776650561],
                    [-10.423487482800743, 51.89834662890268],
                    [-9.791631196159013, 52.144401319776186],
                    [-10.465917084830888, 52.096338524893945],
                    [-10.456304047721513, 52.18567703967128],
                    [-10.154608259110933, 52.293109743907294],
                    [-10.144995222001558, 52.24604839200747],
                    [-10.032385358720308, 52.31746116928928],
                    [-9.962347516923433, 52.23848030026034],
                    [-9.752233991532808, 52.251933793270176],
                    [-9.878576764970308, 52.282189239701545],
                    [-9.831884870439058, 52.3795386103798],
                    [-9.952683967601825, 52.410898792571004],
                    [-9.686265510570575, 52.50127761814099],
                    [-9.645066780101825, 52.58980245884709],
                    [-9.933457893383075, 52.55391296133233],
                    [-9.5722823562737, 52.752188725915985],
                    [-9.496278498096624, 52.751395505946604],
                    [-9.437226984424749, 52.88087264866003],
                    [-9.353456232471624, 52.93719074453248],
                    [-9.474305841846624, 52.93719074453248],
                    [-9.264931702202688, 53.1505957894189],
                    [-9.155068420952688, 53.119288282539145],
                    [-9.117989563530813, 53.15883081563007],
                    [-8.947701477593313, 53.17282673533389],
                    [-8.997139954155813, 53.26574247141454],
                    [-9.525856995171438, 53.22136540671715],
                    [-9.756130585515505, 53.22881423068211],
                    [-9.706692108953005, 53.30109622578722],
                    [-9.852260956609255, 53.29206765760558],
                    [-10.145564300870287, 53.41350911924102],
                    [-10.134577972745287, 53.488747256719144],
                    [-10.205989105557787, 53.55406342511498],
                    [-9.870906097745287, 53.642080578787315],
                    [-9.931330902432787, 53.76889291763443],
                    [-9.579768402432787, 53.81107880409854],
                    [-9.640193207120287, 53.87589735530019],
                    [-9.991755707120287, 53.86618096946921],
                    [-10.227961761807787, 53.982628685787546],
                    [-9.936824066495287, 54.04718156184437],
                    [-10.184016449307787, 54.108414055786476],
                    [-10.010727746324353, 54.32765559866532],
                    [-8.631943566636853, 54.279577515111455],
                    [-8.708847863511853, 54.3660776465827],
                    [-8.252915246324353, 54.51621839306468],
                    [-8.203476769761853, 54.61494637805168],
                    [-8.703354699449353, 54.611765335374315],
                    [-8.758286340074353, 54.75783611002291],
                    [-8.38181259968497, 54.85789137760533],
                    [-8.57956650593497, 55.00937720548166],
                    [-8.23349716999747, 55.175980645512794],
                    [-7.66220810749747, 55.28249308496171],
                    [-7.57431748249747, 55.19793299499932],
                    [-7.38205674030997, 55.382479728700716],
                    [-6.901652152392095, 55.223288487632644]
                ]
            ]
        },
        "Dublin": {
            "size": 193,
            "radius": 400,