{
    "searchArea": {
        "Israel1": {
            "size": 514,
            "radius": 5000,
            "rings": [
                [
                    [35.104222426056886, 33.0952994936637],
                    [35.20721925222876, 33.08609506698351],
                    [35.376134047150636, 33.01357654728385],
                    [35.543675551056886, 33.12405711533787],
                    [35.55603517019751, 33.271148544217155],
                    [35.68512452566626, 33.243587726518385],
                    [35.60822022879126, 32.89430943633814],
                    [35.524449476838136, 32.84586530786614],
                    [35.59517396414282, 32.69055082440783],
                    [35.5608416887522, 32.6194432061006],
                    [35.54674406929063, 32.395997971230074],
                    [35.42177458686876, 32.423823106493565],
                    [35.38606902046251, 32.5176695643774],
                    [35.20204802436876, 32.548929970819735],
                    [35.03313322944688, 32.373963656180734],
                    [35.01920521769687, 32.2401566103081],
                    [34.96290028605625, 32.187871543451344],
                    [34.98899281535312, 31.95746061890816],
                    [35.02553541121756, 31.876224883016157],
                    [34.94863111434256, 31.85814722359544],
                    [34.96579725203787, 31.809144783013306],
                    [35.0990064805535, 31.828982238503638],
                    [35.22328931746756, 31.80155874742336],
                    [35.22964078841483, 31.76624631200743],
                    [35.22328931746756, 31.737928259975245],
                    [35.195995158532014, 31.7501907478197],
                    [35.13042051253592, 31.731942408431212],
                    [34.94130694256869, 31.66324572473462],
                    [34.84901652442159, 31.534117593204048],
                    [34.916174375525266, 31.34021659725275],
                    [35.13178106497839, 31.356636038064103],
                    [35.380346738806516, 31.15118725291764],
                    [35.38446661185339, 30.935869219077457],
                    [35.15097843394932, 30.41204447453131],
                    [35.146706980718, 30.07103263627472],
                    [34.97218744376348, 29.55380507278219],
                    [34.910389348060356, 29.48449359617218],
                    [34.87331049063848, 29.596802097552693],
                    [35.00789301016973, 30.358120719590893],
                    [35.157581730872856, 30.587738231588112],
                    [34.93098871329473, 30.50849856091372],
                    [34.767567082435356, 30.594831165262],
                    [34.805052041353385, 30.84735794432823],
                    [34.969846963228385, 30.925141708713006],
                    [34.467222451509635, 31.428019540393045],
                    [34.57658838622876, 31.55069569131974],
                    [34.49419092529126, 31.6068525887087],
                    [34.72952134277848, 31.992857307868245],
                    [34.95644322094229, 32.844712733894134],
                    [35.03334751781729, 32.828558600827684],
                    [35.104222426056886, 33.0952994936637]
                ],
                [
                    [35.03371381567646, 30.913501448201288],
                    [35.24245405005146, 30.931172914971246],
                    [35.19164228247333, 30.63622298819956],
                    [35.06117963598896, 30.659852243380676],
                    [34.90050458716083, 30.600768282155876],
                    [34.85793256567646, 30.643312371021572],
                    [34.96092939184833, 30.700008721125307],
                    [34.88951825903583, 30.78381101910381],
                    [35.03371381567646, 30.913501448201288]
                ]
            ]
        },
        "Jerusalem": {
            "size": 79,
            "radius": 150,
            "rings": [
                [
                    [35.22423615703587, 31.74574367424652],
                    [35.21427979717259, 31.74005030483836],
                    [35.2094732786179, 31.74851724024195],
                    [35.20174851665501, 31.747349433106194],
                    [35.19694199810032, 31.750414895424758],
                    [35.19144883403782, 31.74632758978083],
                    [35.187328960990946, 31.748079314292006],
                    [35.177372601127665, 31.74224010372215],
                    [35.161923077201884, 31.755669737561327],
                    [35.15574326763157, 31.78442011850877],
                    [35.18252244243626, 31.805867626471365],
                    [35.20604005107884, 31.807180577510643],
                    [35.22372117290501, 31.80149098824958],
                    [35.22397866497044, 31.794998593072204],
                    [35.228785183525126, 31.789454164258764],
                    [35.22552361736302, 31.77829134505537],
                    [35.229300167655985, 31.76836770787648],
                    [35.22792687664036, 31.75683743975145],
                    [35.22535195598606, 31.75742128532264],
                    [35.22423615703587, 31.74574367424652]
                ]
            ]
        },
        "TelAviv": {
            "size": 315,
            "radius": 500,
            "rings": [
                [
                    [34.73102009269522, 31.998075314595273],
                    [34.749559521406155, 32.05716180451404],
                    [34.75676929923819, 32.059198589726414],
                    [34.804491162031155, 32.19323553903461],
                    [34.82234394523428, 32.20311332771469],
                    [34.83401691886709, 32.18568121244134],
                    [34.88482868644522, 32.20398484582011],
                    [34.94319355460928, 32.1789980163153],
                    [34.90508472892569, 32.12638705290682],
                    [34.84740650626944, 32.12435176495886],
                    [34.846719860761624, 32.10312391424148],
                    [34.900621533124905, 32.11039428189774],
                    [34.93255054923819, 32.041156914431184],
                    [34.85152637931631, 32.01466995082571],
                    [34.86285603019522, 31.982351309585223],
                    [34.81582081291006, 31.992834279088463],
                    [34.83401691886709, 31.933414951019756],
                    [34.73102009269522, 31.998075314595273]
                ]
            ]
        },
        "Hafta": {
            "size": 48,
            "radius": 300,
            "rings": [
                [
                    [34.95493743608453, 32.789423649650075],
                    [34.95596740434625, 32.80818196876108],
                    [34.95270583818414, 32.823762793007404],
                    [34.96580638444026, 32.83265480090861],
                    [34.980225940104326, 32.83568378501771],
                    [35.003400225993, 32.81923948643458],
                    [35.02657451188167, 32.79269138948498],
                    [35.04580058610042, 32.79947345086372],
                    [35.03996409928401, 32.77854840638332],
                    [35.058675189371904, 32.76397012217716],
                    [35.04854716813167, 32.75025569562465],
                    [35.027432818766435, 32.76815621053146],
                    [34.98331584488948, 32.76209353591452],
                    [34.97370280778011, 32.74866757296107],
                    [34.96288814103206, 32.75906204378296],
                    [34.97232951676448, 32.7729194509313],
                    [35.00357188736995, 32.769455301375146],
                    [34.95493743608453, 32.789423649650075]
                ]
            ]
        },
        "Ashdod": {
            "size": 18,
            "radius": 100,