{
    "searchArea": {
        "IsleOfMan1": {
            "size": 605,
            "radius": 1200,
            "rings": [
                [
                    [-4.794777870594948, 54.064613174322304],
                    [-4.7020807270402605, 54.227095519884465],
                    [-4.608010292469948, 54.272829210265634],
                    [-4.5359125141496355, 54.372144983401256],
                    [-4.3889703754777605, 54.41691870311609],
                    [-4.3587579731340105, 54.39493771433017],
                    [-4.378670692860573, 54.32451935381672],
                    [-4.2997064594621355, 54.30008481554857],
                    [-4.395150185048073, 54.21424887679966],
                    [-4.406136513173073, 54.177292510498994],
                    [-4.4603815082902605, 54.15920399027368],
                    [-4.465188026844948, 54.136682785542156],
                    [-4.6004571918840105, 54.09039546418252],
                    [-4.616250038563698, 54.055343751991416],
                    [-4.7144403461808855, 54.06904564508507],
                    [-4.794777870594948, 54.064613174322304]
                ]
            ]
        }
    }
}
