{
    "searchArea": {
        "DangerIsland": {
            "size": 1,
            "radius": 100,
            "rings": [
                [
                    [71.23712302418397, -6.378847684761698],
                    [71.2415218469684, -6.378634436439915],
                    [71.24272347660707, -6.396589634059193],
                    [71.23785258503602, -6.397165384124452],
                    [71.23712302418397, -6.378847684761698]
                ]
            ]
        },
        "SeaCowIsland": {
            "size": 1,
            "radius": 100,
            "rings": [
                [
                    [71.29791111703946, -6.236402577877973],
                    [71.29467100854947, -6.239111568351015],
                    [71.29162401910855, -6.233629581007488],
                    [71.29419893976285, -6.231944444978667],
                    [71.29791111703946, -6.236402577877973]
                ]
            ]
        },
        "MiddleBrother": {
            "size": 1,
            "radius": 100,
            "rings": [
                [
                    [71.51609295618408, -6.157946833390839],
                    [71.51822799455994, -6.155152090302043],
                    [71.51556724321716, -6.15337070058469],
                    [71.51401156198853, -6.155354763005245],
                    [71.51609295618408, -6.157946833390839]
                ]
            ]
        },
        "IleDuCoin": {
            "size": 2,
            "radius": 150,
            "rings": [
                [
                    [71.78239123159483, -5.458316284566224],
                    [71.75488249593809, -5.444004662113114],
                    [71.75505415731504, -5.452463513033875],
                    [71.77432314687803, -5.460580480129086],
                    [71.78239123159483, -5.458316284566224]
                ]
            ]
        },
        "GrandeIleMepou": {
            "size": 1,
            "radius": 150,
            "rings": [
                [
                    [71.75561738376508, -5.263679798733978],
                    [71.74744201068769, -5.274427400482649],
                    [71.74617600803266, -5.273359058732697],
                    [71.75033879642378, -5.268786535272505],
                    [71.74763512973676, -5.26733357684582],
                    [71.75046754245649, -5.26235503177611],
                    [71.75561738376508, -5.263679798733978]
                ]
            ]
        },
        "area": {
            "size": 1,
            "radius": 150,
            "rings": [
                [
                    [71.8214734469013, -5.239840123022858],
                    [71.82076534372136, -5.23642123311779],
                    [71.83160146814153, -5.235331458030296],
                    [71.83353265863225, -5.237831527469871],
                    [71.8214734469013, -5.239840123022858]
                ]
            ]
        },
        "IleStBrandon": {
            "size": 1,
            "radius": 100,
            "rings": [
                [
                    [71.84537703290418, -5.265440774475408],
                    [71.84561306729749, -5.262534838586013],
                    [71.84207255139783, -5.262673725536748],
                    [71.84225494161085, -5.265034798953973],
                    [71.84537703290418, -5.265440774475408]
                ]
            ]
        },
        "GrandeIleBoisMangue": {
            "size": 1,
            "radius": 100,
            "rings": [
                [
                    [71.88345678983993, -5.273325493160151],
                    [71.88897141157454, -5.270782832263202],
                    [71.88761957823104, -5.269030740544904],
                    [71.88229807554549, -5.2710606024475855],
                    [71.88345678983993, -5.273325493160151]
                ]
            ]
        },
        "PetiteIleBoisMangue": {
            "size": 1,
            "radius": 100,
            "rings": [
                [
                    [71.89898141561812, -5.2701204567067945],
                    [71.89449676214522, -5.271466574032055],
                    [71.89349898039168, -5.268988006538822],
                    [71.89804800688094, -5.268923905524191],
                    [71.89898141561812, -5.2701204567067945]
                ]
            ]
        },
        "PetiteIleCoquillage": {
            "size": 1,
            "radius": 100,
            "rings": [
                [
                    [71.97374264132776, -5.33642367464762],
                    [71.97063127887048, -5.336808238582704],
                    [71.97279850375452, -5.343281695284935],
                    [71.97603861224451, -5.3413588935014324],
                    [71.97374264132776, -5.33642367464762]
                ]
            ]
        },
        "IleFouquet": {
            "size": 4,
            "radius": 200,
            "rings": [
                [
                    [72.21555129257378, -5.361107399083061],
                    [72.20610991684136, -5.356791894613946],
                    [72.26095572677788, -5.343076079150799],
                    [72.26760686812217, -5.334359326505423],
                    [72.27125467238243, -5.341666024626356],
                    [72.26108373579795, -5.347776237454674],
                    [72.21555129257378, -5.361107399083061]
                ]
            ]
        }
    }
}
