{
    "searchArea": {
        "Iceland1": {
            "size": 102,
            "radius": 10000,
            "rings": [
                [
                    [-23.261800476900152, 66.16631942885297],
                    [-21.311727234712652, 65.76360750767975],
                    [-21.064534851900152, 65.36595920306824],
                    [-20.196614930025152, 65.9254542531169],
                    [-18.922200867525152, 66.19737608286148],
                    [-17.63440157377437, 65.83791381355522],
                    [-17.19494844877437, 66.24831499919921],
                    [-15.865602745649369, 66.33445503956966],
                    [-14.709402661799082, 66.03724927174571],
                    [-14.215017896174082, 65.28340182952876],
                    [-13.918387036799082, 65.30406545208861],
                    [-13.566824536799082, 65.12444169136847],
                    [-13.879934888361582, 64.70290050360408],
                    [-15.072155654781861, 64.23733121005851],
                    [-19.027233779781863, 63.352024245446835],
                    [-19.95921957395242, 63.52618158493792],
                    [-20.32176840207742, 63.3320701795848],
                    [-20.32726156613992, 63.68003893742089],
                    [-21.27208578488992, 63.83064305191232],
                    [-22.79196174751965, 63.796705828841304],
                    [-22.74252327095715, 64.11746358746858],
                    [-22.12179573189465, 64.0574509743723],
                    [-21.94052131783215, 64.27527631561593],
                    [-22.46237190376965, 64.73162639951279],
                    [-23.939291645121266, 64.7258590789403],
                    [-24.082113910746266, 64.94542135650666],
                    [-21.840902973246266, 65.1885667957694],
                    [-23.199637961197972, 65.54448414030608],
                    [-23.628104758072972, 65.76639471783818],
                    [-23.261800476900152, 66.16631942885297]
                ],
                [
                    [-21.116136053330827, 64.74611006696615],
                    [-20.182298162705827, 65.53126108506171],
                    [-18.204759100205827, 65.2843732390488],
                    [-17.633470037705827, 65.6311801064266],
                    [-14.645188787705827, 65.17850980805584],
                    [-14.853929022080827, 64.46341707872803],
                    [-17.765305975205827, 63.956768854172275],
                    [-18.907884100205827, 63.48495967705464],
                    [-20.116380193955827, 63.90849190237968],
                    [-19.226487615830827, 64.14904676143354],
                    [-19.676927068955827, 64.60041889004009],
                    [-20.885423162705827, 64.25423540412255],
                    [-20.775559881455827, 64.7414225617725],
                    [-21.116136053330827, 64.74611006696615]
                ]
            ]
        },
        "Reykjavik": {
            "size": 78,
            "radius": 300,
            "rings": [
                [
                    [-22.016649015855144, 64.1646303193686],
                    [-21.970643766831707, 64.15176040002049],
                    [-21.938028105210613, 64.16059040609518],
                    [-21.916742094468425, 64.14711977931242],
                    [-21.86490035862858, 64.15669956321948],
                    [-21.827821501206707, 64.13289369021034],
                    [-21.791085966538738, 64.15864505285218],
                    [-21.722764738511394, 64.126302295225],
                    [-21.779412992905925, 64.12135772274337],
                    [-21.759156950425457, 64.10037096384491],
                    [-21.804818876694988, 64.08507063497852],
                    [-21.80378890843327, 64.07831781540708],
                    [-21.879319914292644, 64.0922718375662],
                    [-21.932191618394207, 64.05144038147733],
                    [-21.99501968235905, 64.05534597577926],
                    [-21.958627470444988, 64.06720961738107],
                    [-21.97957015843327, 64.07996865587425],
                    [-21.90609908909733, 64.10561913852884],
                    [-21.94661117405827, 64.11011678595347],
                    [-21.94558120579655, 64.11731150907157],
                    [-21.899575956773113, 64.11836058398542],
                    [-21.958627470444988, 64.1275008469859],
                    [-21.966867216538738, 64.14247838279263],
                    [-22.020425566148113, 64.15370623590613],
                    [-22.016649015855144, 64.1646303193686]
                ]
            ]
        },
        "Akureyri": {
            "size": 9,
            "radius": 100,
            "rings": [
                [
                    [-18.0731816978464, 65.68627160151783],
                    [-18.08519799423312, 65.68217191774967],
                    [-18.08073479843234, 65.66194674011977],
                    [-18.105110713959682, 65.66067329857002],
                    [-18.140987941742885, 65.6808287767194],
                    [-18.14957101059054, 65.6953168824285],
                    [-18.13738305282687, 65.703158277929],
                    [-18.0731816978464, 65.68627160151783]
                ]
            ]
        },
        "Reykjanesbaer": {
            "size": 11,
            "radius": 300,
            "rings": [
                [
                    [-22.58814996870881, 64.01091856433312],
                    [-22.55467600020295, 64.00933885784457],
                    [-22.553302709187324, 64.00429824465617],
                    [-22.544032994831856, 64.0017399736618],
                    [-22.5409430900467, 63.99940722831155],
                    [-22.546607915486153, 63.99835366657962],
                    [-22.542831365193184, 63.989020385816914],
                    [-22.53493494185334, 63.98713829848172],
                    [-22.544547978962715, 63.98457845638563],
                    [-22.545234624470528, 63.97501462057143],
                    [-22.532016698445137, 63.97320691411248],
                    [-22.514850560749824, 63.98096416269518],
                    [-22.479831639851387, 63.97403546073847],
                    [-22.479831639851387, 63.964769406112836],
                    [-22.54866785200959, 63.97200171158141],
                    [-22.556220952595528, 63.966728340074425],
                    [-22.579223577107246, 63.95776132758432],
                    [-22.593299810017403, 63.966426974543204],
                    [-22.581970159138496, 63.977650649790945],
                    [-22.555534307087715, 63.97463802469129],
                    [-22.562057439411934, 63.99338634054565],
                    [-22.57510370406037, 63.99225727968908],
                    [-22.58814996870881, 64.01091856433312]
                ]
            ]
        },
        "Selfoss": {
            "size": 4,
            "radius": 200,
            "rings": [
                [
                    [-21.032693805225925, 63.928454898236616],
                    [-21.01758760405405, 63.93773297393139],
                    [-20.971582355030613, 63.93976921362533],
                    [-20.978277148731785, 63.93124618708869],
                    [-20.965574206837253, 63.92762500200476],
                    [-20.98462861967905, 63.922796027526076],
                    [-21.00539964629038, 63.92128680243139],
                    [-21.032693805225925, 63.928454898236616]
                ]
            ]
        }
    }
}
