{
    "searchArea": {
        "Jersey1": {
            "size": 121,
            "radius": 400,
            "rings": [
                [
                    [-2.154842546317468, 49.19658190034115],
                    [-2.168232133719812, 49.18985095245734],
                    [-2.172695329520593, 49.17099942585574],
                    [-2.194667985770593, 49.18356790811526],
                    [-2.2392999437784056, 49.17571298070825],
                    [-2.242733171317468, 49.18379231629439],
                    [-2.223507097098718, 49.19882534611466],
                    [-2.2351800707315306, 49.22955030713392],
                    [-2.253719499442468, 49.24232805956414],
                    [-2.230030229422937, 49.26092834968987],
                    [-2.2046243456338743, 49.24658657583195],
                    [-2.173725297782312, 49.24770717696732],
                    [-2.154842546317468, 49.2622726773601],
                    [-2.133899858329187, 49.25174113046883],
                    [-2.0961343553994993, 49.253533892891426],
                    [-2.077594926688562, 49.23605168195706],
                    [-2.043262651297937, 49.24053489020893],
                    [-2.0164834764932493, 49.226187191304874],
                    [-2.0291864183877806, 49.21654499049777],
                    [-2.0164834764932493, 49.199722695931584],
                    [-2.0360528734659056, 49.19119721530265],
                    [-2.026783159110437, 49.165387465834975],
                    [-2.0357095507119993, 49.16269349908331],
                    [-2.050472429129968, 49.168754718178306],
                    [-2.0772516039346556, 49.16134646074777],
                    [-2.0933877733682493, 49.17593742450638],
                    [-2.1112405565713743, 49.1692036678557],
                    [-2.1194803026651243, 49.17346848675302],
                    [-2.1102105883096556, 49.18244585195464],
                    [-2.154842546317468, 49.19658190034115]
                ]
            ]
        }
    }
}
