{
    "searchArea": {
        "Jordan1": {
            "size": 325,
            "radius": 10000,
            "rings": [
                [
                    [34.97395356591551, 29.492909197849762],
                    [35.02407868798582, 29.656537619520893],
                    [35.028198561032696, 29.754944892252368],
                    [35.22432202277241, 30.317100416023454],
                    [35.25187389508096, 30.619420373893263],
                    [35.502021368048986, 31.14613965579778],
                    [35.5709213142203, 31.818920145585246],
                    [35.82282701903159, 32.32100118269258],
                    [35.63743273192222, 32.41147659064163],
                    [35.648273449250155, 32.610841597399364],
                    [35.80620191604703, 32.675598527087985],
                    [35.958637218781405, 32.637443867038996],
                    [35.90233228714078, 32.54256485448332],
                    [36.08360670120328, 32.46496724792606],
                    [36.24565504104703, 32.32349830677678],
                    [36.11931226760953, 32.288676932528794],
                    [36.14403150589078, 32.04338911350953],
                    [36.01768873245328, 31.753078682283906],
                    [36.002884335082285, 31.620114596980763],
                    [36.112197736023404, 31.398835500961564],
                    [35.97342585177307, 30.74680892110349],
                    [35.72965004354592, 30.167790665463176],
                    [35.14153589820489, 29.50523234263281],
                    [34.97395356591551, 29.492909197849762]
                ]
            ]
        },
        "Amman": {
            "size": 301,
            "radius": 1000,
            "rings": [
                [
                    [35.87136642552241, 32.07132623860864],
                    [35.92629806614741, 31.998274290881664],
                    [36.00594894505366, 31.997109644736284],
                    [35.96234695530757, 31.962745930389076],
                    [36.01041214085444, 31.838580095012038],
                    [35.913938447006785, 31.793652660708855],
                    [35.884756012924754, 31.849079459654245],
                    [35.8157481393896, 31.862785164856493],
                    [35.86758987522944, 31.928660732278612],
                    [35.82261459446772, 31.992159733604538],
                    [35.87136642552241, 32.07132623860864]
                ]
            ]
        },
        "Madaba": {
            "size": 11,
            "radius": 200,
            "rings": [
                [
                    [35.7921688701872, 31.693849438365003],
                    [35.77508856318036, 31.701882450494605],
                    [35.77483107111493, 31.72006369935996],
                    [35.784959092355166, 31.736708462969016],
                    [35.81688810846845, 31.726123323415745],
                    [35.7921688701872, 31.693849438365003]
                ]
            ]
        },
        "Akaba": {
            "size": 13,
            "radius": 200,
            "rings": [
                [
                    [34.99691896476338, 29.530045349685064],
                    [34.99717645682881, 29.568498778690227],
                    [35.02017908134053, 29.568424126016524],
                    [35.02996377982686, 29.55020722436373],
                    [35.01176767386983, 29.518693192399024],
                    [35.00138216056416, 29.517796915205967],
                    [34.99691896476338, 29.530045349685064]
                ]
            ]
        }
    }
}
