{
    "searchArea": {
        "Kenya1": {
            "size": 711,
            "radius": 12000,
            "rings": [
                [
                    [34.849316607893115, 1.3038798810665868],
                    [36.552197467268115, 0.051551024851236],
                    [37.398144732893115, 0.21634543958073452],
                    [37.903515826643115, 2.528147252923455],
                    [38.134228717268115, 2.4238745904396874],
                    [37.617871295393115, 0.1778935194290853],
                    [38.227612506330615, 0.37015197260353444],
                    [38.738476764143115, -0.70648770548841],
                    [39.793164264143115, -0.31099626920179246],
                    [39.826123248518115, -0.5087450173970038],
                    [38.255078326643115, -1.030546718343639],
                    [38.55861070896276, -1.8443983494015888],
                    [38.15211656833776, -2.3164977246357084],
                    [38.48170641208776, -2.936570122636064],
                    [39.27272203708776, -3.013370769988735],
                    [39.01454332615026, -3.61660493852633],
                    [39.67921617771276, -3.863270706796925],
                    [40.02528551365026, -3.073710341171664],
                    [40.22853258396276, -3.1888945370758632],
                    [39.60780504490026, -4.427584055039848],
                    [39.32216051365026, -4.345427960440652],
                    [39.45399645115026, -3.9235560537368332],
                    [38.59706285740026, -3.5782285585246476],
                    [38.34437731052526, -3.101136295044421],
                    [37.08094957615026, -2.706137043897738],
                    [36.72389391208776, -2.5140758524054125],
                    [36.72389391208776, -1.6028086657831946],
                    [36.31739977146276, -1.1415164492381533],
                    [35.60208899177485, -1.119548070318604],
                    [35.38236242927485, -1.7263526766510848],
                    [34.78360754646235, -1.3968856989200724],
                    [35.38236242927485, -0.9685111804025943],
                    [34.77884397164894, -0.7519205365350343],
                    [34.45200070993019, -1.1995473517503197],
                    [34.39706906930519, -1.1583573435602303],
                    [34.18558225289894, -0.6612902315005489],
                    [34.09783251536669, 0.46485833912429686],
                    [34.849316607893115, 1.3038798810665868]
                ],
                [
                    [35.20116654902256, -0.6882884874633947],
                    [35.62963334589756, -0.22413210760563446],
                    [35.90703813105381, -0.30927522030400995],
                    [35.83562699824131, -1.0288259221544496],
                    [35.20116654902256, -0.6882884874633947]
                ],
                [
                    [37.03828224902338, -0.22001226550506708],
                    [37.26899513964838, -0.18842677318181136],
                    [37.07536110644526, -0.07856380696345101],
                    [37.19895729785151, 0.0038336293521466273],
                    [37.31431374316401, -0.1774405010705574],
                    [37.34177956347651, -0.14997479313376555],
                    [37.27448830371088, 0.05189880780486864],
                    [37.54365334277338, 0.10683039362721884],
                    [37.63429054980463, -0.31339503252757894],
                    [37.36787209277338, -0.5070240109023764],
                    [37.04652199511713, -0.40128393957228675],
                    [37.03828224902338, -0.22001226550506708]
                ],
                [
                    [37.67333321201909, 0.19190260455446767],
                    [37.99193672764409, 0.2852855735978488],
                    [38.02214912998784, -0.05528941088143931],
                    [38.57970528233159, -0.39036940707374573],
                    [38.78020577061284, -0.7528995866722077],
                    [38.29680733311284, -0.7474068934168321],
                    [37.75298409092534, -1.0275243758772836],
                    [37.71727852451909, -0.6595229014370725],
                    [37.54699043858159, -0.5414263809164159],
                    [37.75023750889409, -0.2557890580710759],
                    [37.67333321201909, 0.19190260455446767]
                ],
                [
                    [37.25681197644053, -1.7105165783327383],
                    [37.61386764050303, -1.8258180780401418],
                    [37.61661422253428, -1.4496907275685185],
                    [37.95169723034678, -1.400267541728983],
                    [38.20438277722178, -2.2567567987476043],
                    [38.19888961315928, -2.671106350510493],
                    [37.78964889050303, -2.204611287013462],
                    [37.25681197644053, -1.7105165783327383]
                ],
                [
                    [37.02609908581553, -1.5540249766437795],
                    [37.29526412487803, -2.048163962060771],
                    [37.80887496472178, -2.341832283484085],
                    [37.48477828503428, -2.341832283484085],
                    [37.53421676159678, -2.5366628194866325],
                    [37.87479293347178, -2.7835886398745058],
                    [37.78964889050303, -2.9344625782914857],
                    [37.18814742565928, -2.468063749853639],
                    [37.01785933972178, -2.662875529321263],
                    [36.86130416394053, -2.5997707523935274],
                    [37.02609908581553, -1.5540249766437795]
                ]
            ]
        },
        "Nairobi": {
            "size": 496,
            "radius": 500,
            "rings": [
                [
                    [36.767025721566824, -1.3437443705283874],
                    [36.779728663461356, -1.400719600898438],
                    [36.73338009168401, -1.3969441760646597],
                    [36.653385890023856, -1.3149130211161038],
                    [36.72411037732854, -1.2510710014101911],
                    [36.8041045789887, -1.19580864108576],
                    [36.90195156385198, -1.1995843662948118],
                    [36.98160244275823, -1.2558763697763904],
                    [36.991110557357615, -1.2423056186904826],
                    [37.10063051585371, -1.2635865399115531],
                    [37.06389498118574, -1.309580189521621],
                    [36.975661033431834, -1.3009993478984234],
                    [36.92313265208418, -1.267018930309191],
                    [36.91180300120527, -1.2941346535770353],
                    [36.926222556869334, -1.3136989830775818],
                    [36.88536714915449, -1.3366954550455747],
                    [36.81292604808027, -1.3161016095176157],
                    [36.767025721566824, -1.3437443705283874]
                ]
            ]
        },
        "Mombasa": {
            "size": 120,
            "radius": 300,