{
    "searchArea": {
        "Kyrgyzstan1": {
            "size": 168,
            "radius": 10000,
            "rings": [
                [
                    [72.76530079255576, 40.61141964039518],
                    [73.24320606599326, 40.79257222368902],
                    [72.19675831208701, 41.045771935553866],
                    [71.91752109410163, 41.7849840692572],
                    [72.3422471482969, 41.528259882974346],
                    [72.8586045701719, 41.82367061361462],
                    [72.0456162889219, 42.641174026857755],
                    [73.5342637498594, 42.24797947738163],
                    [73.8144151170469, 42.867048871125185],
                    [74.5614854295469, 43.1241831607482],
                    [75.8743516404844, 42.78647379249381],
                    [76.0226670701719, 42.52387964394741],
                    [77.3959580857969, 42.858996089618294],
                    [78.3957139451719, 42.822745574942196],
                    [78.5165635545469, 42.42258671292032],
                    [77.59099803612821, 42.10578768367073],
                    [76.86040721581571, 42.03646763942007],
                    [76.16277537987821, 42.29297990351148],
                    [75.76177440331571, 42.12208727974153],
                    [76.05840526269071, 41.4915291733599],
                    [76.51433787987821, 41.49564371742134],
                    [75.25640330956571, 40.7591422850306],
                    [75.19048534081571, 40.9751545730477],
                    [75.90459666894071, 41.339107351371425],
                    [74.76201854394071, 41.343231562369375],
                    [73.04815135644071, 41.36797134334669],
                    [73.05913768456571, 40.92951843509235],
                    [73.53154979394071, 40.821525829978064],
                    [72.93828807519071, 40.354314814969115],
                    [72.76530079255576, 40.61141964039518]
                ],
                [
                    [72.27014642531083, 41.13070324546958],
                    [72.37451654249833, 41.4361643525675],
                    [73.42920404249833, 41.75248999528537],
                    [72.99524408156083, 41.92846449149246],
                    [73.06116205031083, 42.14062415331154],
                    [74.16528802687333, 42.112105454366386],
                    [73.95654779249833, 42.384543365259105],
                    [73.98950677687333, 42.7728502551795],
                    [74.38501458937333, 42.793008306605316],
                    [74.41797357374833, 42.477795473870756],
                    [74.75305658156083, 42.546631763925284],
                    [74.83545404249833, 42.817189304325794],
                    [75.34082513624833, 42.61539223191057],
                    [75.67590814406083, 42.72040860637822],
                    [75.75830560499833, 42.315528733707495],
                    [75.51111322218583, 42.13247726363024],
                    [75.79126458937333, 41.48967873454657],
                    [74.79150872999833, 41.485563811600485],
                    [74.79700189406083, 41.34137689374545],
                    [72.88538080031083, 41.37848409611065],
                    [72.85516839796708, 41.155523618661306],
                    [72.27014642531083, 41.13070324546958]
                ],
                [
                    [76.30163595007116, 42.43548797050804],
                    [78.27729249821004, 42.75427516251865],
                    [78.3075049005538, 42.51179419307196],
                    [77.53022218571004, 42.19312230569935],
                    [76.8573095880538, 42.15648345587731],
                    [76.30163595007116, 42.43548797050804]
                ]
            ]
        },
        "Bishkek": {
            "size": 139,
            "radius": 500,
            "rings": [
                [
                    [74.51278618964102, 42.8948736691951],
                    [74.65766839178946, 42.8961312541443],
                    [74.73560265692618, 42.876006817488516],
                    [74.7757714191332, 42.88456050525362],
                    [74.78160790594961, 42.86795520459415],
                    [74.71054009589102, 42.86543886015257],
                    [74.70539025458243, 42.844800966624824],
                    [74.65320519598868, 42.84857670647835],
                    [74.65698174628164, 42.789900832103],
                    [74.56926278265861, 42.79909622431996],
                    [74.53990868719963, 42.82541520238012],
                    [74.51278618964102, 42.8948736691951]
                ]
            ]
        },
        "Osh": {
            "size": 29,
            "radius": 300,
            "rings": [
                [
                    [72.76738116672368, 40.56366442778288],
                    [72.78437564304204, 40.573705119618765],
                    [72.80875155856938, 40.56718536136097],
                    [72.81063983371587, 40.526618202904054],
                    [72.83776233127446, 40.4815873044193],
                    [72.80600497653813, 40.47597263894919],
                    [72.80566165378423, 40.50991461444158],
                    [72.76051471164556, 40.51800593481379],
                    [72.77802417209477, 40.54566565246734],
                    [72.76738116672368, 40.56366442778288]
                ]
            ]
        }
    }
}
