{
    "searchArea": {
        "Cambodia1": {
            "size": 484,
            "radius": 10000,
            "rings": [
                [
                    [107.33813605027879, 14.1238272484127],
                    [107.55786261277879, 12.40764444231352],
                    [105.83850226121629, 11.644741023393076],
                    [105.86596808152879, 11.265187658317556],
                    [106.21478399949754, 10.990303611459073],
                    [105.92364630418504, 10.841975049636753],
                    [105.77533087449754, 11.025352234323975],
                    [105.04748663621629, 10.920193885784665],
                    [104.98980841356004, 10.674680133897871],
                    [104.00653204637254, 9.97754372620368],
                    [103.03424200731004, 10.879738429750054],
                    [102.43823370652879, 13.416882386471709],
                    [103.23752451331141, 14.337244712426507],
                    [104.95139170081141, 14.39045918052012],
                    [106.09671640784266, 13.921741567918431],
                    [107.33813605027879, 14.1238272484127]
                ],
                [
                    [106.181809339376, 13.289930415653744],
                    [106.47020045265725, 12.285522859406031],
                    [107.06895533546975, 12.320408430701308],
                    [106.82725611671975, 13.407514995262742],
                    [106.181809339376, 13.289930415653744]
                ],
                [
                    [105.81651392921975, 13.66653180027598],
                    [105.962082776876, 12.344557263552122],
                    [105.544602308126, 12.395530813636817],
                    [105.324875745626, 13.610479947218614],
                    [105.81651392921975, 13.66653180027598]
                ],
                [
                    [103.14271632179788, 12.281497303253003],
                    [103.74009791359475, 11.740178905657244],
                    [103.567063245626, 11.224737259853422],
                    [104.15071192726663, 11.449601677031456],
                    [103.99827662453225, 12.23721212593663],
                    [103.14271632179788, 12.281497303253003]
                ]
            ]
        },
        "PhnomPenh": {
            "size": 407,
            "radius": 1000,
            "rings": [
                [
                    [105.002502720522, 11.447921189016547],
                    [104.78174618976028, 11.442369007896456],
                    [104.76217679278763, 11.591062388117278],
                    [104.91323880450638, 11.642851050330256],
                    [105.002502720522, 11.447921189016547]
                ]
            ]
        },
        "SiemReap": {
            "size": 54,
            "radius": 400,
            "rings": [
                [
                    [103.84553971309906, 13.40019482238891],
                    [103.91077103634125, 13.356272995789624],
                    [103.87867035885101, 13.319359117979785],
                    [103.8014227392221, 13.35209750069375],
                    [103.84553971309906, 13.40019482238891]
                ]
            ]
        },
        "Battambang": {
            "size": 23,
            "radius": 300,
            "rings": [
                [
                    [103.2269051341509, 13.077224172641072],
                    [103.18690803332082, 13.084079667206682],
                    [103.18647887987844, 13.130808991020851],
                    [103.22484519762746, 13.129889537193083],
                    [103.2269051341509, 13.077224172641072]
                ]
            ]
        }
    }
}
