{
    "searchArea": {
        "Seoul": {
            "size": 8309,
            "radius": 1200,
            "rings": [
                [
                    [126.33672775160244, 37.771181122820686],
                    [126.44384445082119, 37.82326848912373],
                    [126.58117355238369, 37.760324965974945],
                    [126.74596847425869, 37.85580443956137],
                    [126.91076339613369, 38.050718567239805],
                    [127.16070236097744, 38.24942911185672],
                    [127.13872970472744, 38.02475990478383],
                    [127.27331222425869, 38.193326667016755],
                    [127.59466232191494, 37.894828632647126],
                    [127.52874435316494, 37.7755231393415],
                    [127.54247726332119, 37.57770339311534],
                    [127.38042892347744, 37.62775159020959],
                    [127.32549728285244, 37.547222790908805],
                    [127.44085372816494, 37.10166414601926],
                    [127.05358566175869, 37.110425965508064],
                    [126.89703048597744, 37.27015103634574],
                    [126.65807784925869, 37.32477370394775],
                    [126.67181075941494, 37.21330139538635],
                    [126.86956466566494, 37.20892657017497],
                    [126.85583175550869, 36.99863687152846],
                    [126.44659103285244, 37.259221743450944],
                    [126.61413253675869, 37.34879510933679],
                    [126.59765304457119, 37.46660690114086],
                    [126.43011154066494, 37.40117877707619],
                    [126.34496749769619, 37.468786853497186],
                    [126.59215988050869, 37.547222790908805],
                    [126.56744064222744, 37.59293901732898],
                    [126.38616622816494, 37.60164368818803],
                    [126.33672775160244, 37.771181122820686]
                ]
            ]
        },
        "Wonju": {
            "size": 5111,
            "radius": 1200,
            "rings": [
                [
                    [127.78437658570783, 37.14212832331455],
                    [127.72532507203596, 37.24714701959473],
                    [127.79261633180158, 37.54172804302203],
                    [128.77039953492658, 37.71357498099569],
                    [128.79649206422346, 37.82864186798402],
                    [128.54657261469856, 38.057972312005795],
                    [128.49713413813606, 38.31594924998857],
                    [128.3790311107923, 38.388093423626295],
                    [128.41885655024544, 38.527892126307364],
                    [128.6193570385267, 38.18328527905844],
                    [128.61851741707937, 38.150054998864576],
                    [129.12800838387625, 37.57108569447531],
                    [129.09642269051687, 37.46978949651819],
                    [128.6473565284075, 37.608084375495096],
                    [128.50041438973562, 37.40654592191216],
                    [128.53062679207937, 37.21430745520163],
                    [128.89126784117786, 37.142950637516655],
                    [128.74844557555286, 37.05532447080524],
                    [128.29251295836536, 37.15499130812526],
                    [128.10299879820911, 37.33209539853804],
                    [127.78437658570783, 37.14212832331455]
                ]
            ]
        },
        "Asan": {
            "size": 311,
            "radius": 1200,
            "rings": [
                [
                    [126.86115790627821, 36.736485640326286],
                    [126.81858588479383, 36.75904356775737],
                    [126.8604712607704, 36.79369282329266],
                    [126.84124518655165, 36.8277767968244],
                    [126.86321784280165, 36.88326818737275],
                    [126.97788764260633, 36.89699745905903],
                    [127.01015998147352, 36.80688841953077],
                    [127.04037238381727, 36.791493336223816],
                    [127.07813788674696, 36.70126001295789],
                    [127.02801276467665, 36.748590718562824],
                    [126.98544074319227, 36.64067823445868],
                    [126.95660163186415, 36.71006793415407],
                    [126.86115790627821, 36.736485640326286]
                ]
            ]
        },
        "Daejeon": {
            "size": 482,
            "radius": 1500,
            "rings": [
                [
                    [127.20174505158889, 36.26077025205761],
                    [127.29238225862014, 36.326075420691794],
                    [127.28963567658889, 36.42669311283583],
                    [127.3617334549092, 36.41177453577074],
                    [127.38507940217482, 36.49627523517955],
                    [127.40224553987014, 36.45210334645804],
                    [127.48601629182326, 36.47640100068223],
                    [127.5210352127217, 36.334926149612244],
                    [127.4661035720967, 36.30615760481675],
                    [127.48601629182326, 36.23031272911885],
                    [127.37546636506545, 36.26243123009586],
                    [127.34113408967482, 36.19762692006983],
                    [127.20174505158889, 36.26077025205761]
                ]
            ]
        },
        "Jeonju": {
            "size": 1152,
            "radius": 1500,
            "rings": [
                [
                    [126.69088079377639, 35.855550518962424],
                    [126.79525091096389, 35.872244470140714],
                    [126.83644964143264, 35.91563228366758],
                    [127.01772405549514, 35.898947477144205],
                    [127.12209417268264, 35.99789248941809],
                    [127.13926031037795, 36.08228672717406],
                    [127.34937383576857, 36.10392592748271],
                    [127.23951055451857, 35.99233706647105],
                    [127.33495428010451, 35.95732890556025],
                    [127.29306890412795, 35.83996632567325],
                    [127.19007207795607, 35.85109820481393],
                    [127.1249848991157, 35.74794953060937],
                    [127.08378616864695, 35.766337579481146],
                    [127.02473465497508, 35.69220222757703],
                    [126.91281143720164, 35.7468349668348],
                    [126.83796707685008, 35.709488062898174],
                    [126.69088079377639, 35.855550518962424]
                ]
            ]
        },
        "Mokpo": {
            "size": 2568,
            "radius": 1500,