{
    "searchArea": {
        "Laos": {
            "size": 105481,
            "radius": 80000,
            "rings": [
                [
                    [101.1249941980726, 19.73188527753415],
                    [102.44610015510385, 17.97489480526668],
                    [102.52094451545541, 17.96999625037587],
                    [102.61089507697885, 17.95725937200951],
                    [102.6132983362562, 17.88898714465399],
                    [102.59063903449838, 17.841932616884854],
                    [102.68405356733572, 17.806023714474026],
                    [102.69160666792166, 17.824001024004758],
                    [102.66585746137869, 17.848512614224067],
                    [103.43786526739503, 18.564446604126935],
                    [104.01739407598878, 18.340384821222358],
                    [105.81402098994862, 15.448630982379866],
                    [105.52837645869862, 14.371080596196252],
                    [107.24773681026112, 15.506864428448788],
                    [102.45671665370784, 20.869003017489653],
                    [101.1249941980726, 19.73188527753415]
                ]
            ]
        },
        "Vientiane": {
            "size": 51,
            "radius": 100,
            "rings": [
                [
                    [102.57139261057367, 17.970162004834908],
                    [102.59671266367425, 18.00567341482465],
                    [102.64477784922113, 18.00404086308806],
                    [102.6803975849389, 17.980203886703485],
                    [102.6445203571557, 17.969100634365557],
                    [102.63233239939203, 17.91716734447673],
                    [102.61550958445062, 17.912675542338985],
                    [102.60984475901117, 17.96085438506148],
                    [102.57139261057367, 17.970162004834908]
                ]
            ]
        },
        "Pakse": {
            "size": 5,
            "radius": 200,
            "rings": [
                [
                    [105.79812052791347, 15.125034319866813],
                    [105.8298778826498, 15.117328441330507],
                    [105.8261871630453, 15.104153226331945],
                    [105.79597476070155, 15.114594030025797],
                    [105.79812052791347, 15.125034319866813]
                ]
            ]
        }
    }
}
