{
    "searchArea": {
        "Vientiane": {
            "size": 60,
            "radius": 350,
            "rings": [
                [
                    [102.51611764719476, 17.976366812261002],
                    [102.54727418711175, 18.0314657248628],
                    [102.63035829355707, 18.05594859835927],
                    [102.66185815622796, 18.04485011800885],
                    [102.691941812539, 17.978652738991258],
                    [102.66709382822503, 17.907203556856388],
                    [102.68674905588617, 17.873387842950745],
                    [102.67496879389276, 17.84264998292821],
                    [102.69477422525873, 17.817136591225623],
                    [102.6705270557641, 17.804021000650557],
                    [102.6364522724389, 17.833029269212886],
                    [102.59379442026605, 17.856273331221225],
                    [102.61671121408929, 17.900587945937467],
                    [102.60984475901117, 17.96085438506148],
                    [102.51611764719476, 17.976366812261002]
                ]
            ]
        },
        "Pakse": {
            "size": 5,
            "radius": 150,
            "rings": [
                [
                    [105.79812052791347, 15.125034319866813],
                    [105.81584456508388, 15.118239903931677],
                    [105.83768847530116, 15.11890278336306],
                    [105.8368301684164, 15.104236091875395],
                    [105.81468585078944, 15.111714573960505],
                    [105.79554560725917, 15.114718322213438],
                    [105.79812052791347, 15.125034319866813]
                ]
            ]
        },
        "LuangParabang": {
            "size": 6,
            "radius": 150,
            "rings": [
                [
                    [102.1431907795725, 19.8998387460761],
                    [102.14636651504614, 19.89652977944926],
                    [102.13872758377173, 19.88894310710494],
                    [102.14645234573462, 19.875948068698538],
                    [102.12808457840063, 19.86149891789927],
                    [102.12902871597387, 19.870943483968045],
                    [102.11932984817602, 19.880145340494394],
                    [102.1431907795725, 19.8998387460761]
                ]
            ]
        },
        "VangVieng": {
            "size": 2,
            "radius": 200,
            "rings": [
                [
                    [102.44600212654917, 18.93195764250592],
                    [102.4444571741566, 18.916450084048755],
                    [102.45475685677378, 18.909710748949504],
                    [102.45767510018199, 18.912065487263906],
                    [102.45149529061167, 18.919454278426393],
                    [102.45235359749644, 18.932525955005374],
                    [102.44600212654917, 18.93195764250592]
                ]
            ]
        },
        "Savannakhet": {
            "size": 14,
            "radius": 350,
            "rings": [
                [
                    [104.74545608491394, 16.543332587198595],
                    [104.74288116425964, 16.56694484053193],
                    [104.74863182038757, 16.593926728493216],
                    [104.76039062470886, 16.600507102675067],
                    [104.77875839204285, 16.598697522231163],
                    [104.76923118562195, 16.572374426860396],
                    [104.76699958772156, 16.53987689292932],
                    [104.74545608491394, 16.543332587198595]
                ],
                [
                    [104.76674209565613, 16.565134944404857],
                    [104.75189338654968, 16.55024379000039],
                    [104.76459632844421, 16.542674364491365],
                    [104.76674209565613, 16.565134944404857]
                ],
                [
                    [104.74869619340393, 16.593803344326073],
                    [104.75961814851257, 16.588004199164587],
                    [104.77043281526062, 16.594173496590038],
                    [104.7664846035907, 16.59894428420402],
                    [104.75704322785828, 16.59845075994152],
                    [104.74869619340393, 16.593803344326073]
                ]
            ]
        }
    }
}
