{
    "searchArea": {
        "Lebanon": {
            "size": 6184,
            "radius": 30000,
            "rings": [
                [
                    [35.27937880436278, 33.444417099511426],
                    [35.90834608951903, 33.481078233676946],
                    [35.95366469303465, 33.76125050934074],
                    [36.26677504459715, 34.032543821358196],
                    [35.94088424628203, 34.14234264847056],
                    [36.41192306464141, 34.61949266075775],
                    [36.33501876776641, 34.647741361354605],
                    [35.98757614081328, 34.59688677498007],
                    [35.80080856268828, 34.462254579741966],
                    [35.64974655096953, 34.27635475998781],
                    [35.45748580878203, 33.90332019219685],
                    [35.47030016938378, 33.79116080475345],
                    [35.27937880436278, 33.444417099511426]
                ]
            ]
        },
        "Beirut": {
            "size": 33,
            "radius": 3000,
            "rings": [
                [
                    [35.46883821358512, 33.89289456477575],
                    [35.48188447823356, 33.865959150675224],
                    [35.49544572701286, 33.86211054036286],
                    [35.49836397042106, 33.87672008459152],
                    [35.52505731453727, 33.865602805156364],
                    [35.536472796104654, 33.849708282683274],
                    [35.57423829903434, 33.89624308275455],
                    [35.56359529366325, 33.90080255539619],
                    [35.510981081627115, 33.90051759549873],
                    [35.47888040413688, 33.90514807582496],
                    [35.46943902840446, 33.90094503498776],
                    [35.46883821358512, 33.89289456477575]
                ]
            ]
        }
    }
}
