{
    "searchArea": {
        "SriLanka": {
            "size": 70720,
            "radius": 8000,
            "rings": [
                [
                    [79.76032421250726, 9.561511947048741],
                    [80.07892772813226, 9.577762115097425],
                    [80.02948925156976, 9.02482846670025],
                    [79.6861664976635, 9.122468105022252],
                    [79.89765331406976, 8.862037128784397],
                    [79.94159862656976, 8.318885485882179],
                    [79.66694042344476, 8.269964145688327],
                    [79.84272167344476, 6.690555241969779],
                    [80.12836620469476, 5.991736472649322],
                    [80.58979198594476, 5.849676114766661],
                    [81.38630077500726, 6.182913048104148],
                    [81.36982128281976, 6.619625296761618],
                    [81.68293163438226, 6.788748910232304],
                    [81.78730175156976, 6.565056859628071],
                    [81.92463085313226, 7.028692981223804],
                    [81.79279491563226, 7.709662863812421],
                    [80.77655956406976, 9.366449736164668],
                    [80.23273632188226, 9.875542746564834],
                    [79.90863964219476, 9.810595115456042],
                    [79.76032421250726, 9.561511947048741]
                ]
            ]
        }
    }
}
