{
    "searchArea": {
        "Lesotho1": {
            "size": 149,
            "radius": 6000,
            "rings": [
                [
                    [27.034690685413707, -29.656230540070005],
                    [27.442558117054332, -29.381374147079413],
                    [27.431571788929332, -29.329905227094827],
                    [27.776267833851207, -28.917220613977364],
                    [28.226340785169466, -28.705280910892448],
                    [28.349936976575716, -28.688416325948225],
                    [28.624595179700716, -28.72575568152801],
                    [28.88414718165384, -28.95311647735219],
                    [29.184897914075716, -29.49363788706061],
                    [29.121726527356966, -29.935544855119247],
                    [28.90611983790384, -30.088946176998686],
                    [27.601400471614554, -30.43512033245779],
                    [27.409139729427054, -30.276327880916252],
                    [27.034690685413707, -29.656230540070005]
                ],
                [
                    [28.554464436458304, -28.785176092211],
                    [28.378683186458304, -29.03762421667233],
                    [28.543478108333304, -29.0616348210616],
                    [28.678060627864554, -29.55022681972981],
                    [28.980184651302054, -29.342142792324033],
                    [28.867574788020804, -29.265498956754886],
                    [28.790670491145804, -28.93912235410639],
                    [28.554464436458304, -28.785176092211]
                ],
                [
                    [28.246847248958304, -29.080839279693823],
                    [27.799154377864554, -29.354113191744712],
                    [28.532491780208304, -29.49286695502805],
                    [28.246847248958304, -29.080839279693823]
                ],
                [
                    [27.804647541927054, -29.485694686128436],
                    [28.109518147395804, -29.853213547230215],
                    [28.049093342708304, -29.922271121033074],
                    [27.779928303645804, -29.72449625062743],
                    [27.472311116145804, -29.93179254828308],
                    [27.670065022395804, -29.94607298111139],
                    [27.508016682552054, -30.23599629602615],
                    [27.664571858333304, -30.378269085247318],
                    [27.711263752864554, -30.243114837809056],
                    [28.299032307552054, -29.998417023191998],
                    [28.768697834895804, -30.088764451803375],
                    [28.985677815364554, -29.988901976130055],
                    [29.048849202083304, -29.841302235527003],
                    [29.133993245052054, -29.798409752402446],
                    [29.155965901302054, -29.507209969410756],
                    [28.650594807552054, -29.643367187334004],
                    [27.804647541927054, -29.485694686128436]
                ]
            ]
        },
        "Maseru": {
            "size": 137,
            "radius": 400,
            "rings": [
                [
                    [27.489608284884213, -29.298246789706518],
                    [27.525485512667416, -29.263359991810407],
                    [27.576468941622494, -29.26485752388124],
                    [27.560504433565853, -29.316209591124377],
                    [27.585395333224056, -29.325938121808452],
                    [27.557414528780697, -29.385336846527906],
                    [27.51364087765765, -29.399844618344318],
                    [27.439139840059994, -29.35182645866975],
                    [27.436564919405697, -29.33177479485227],
                    [27.46969556515765, -29.31965210035144],
                    [27.45750760739398, -29.30004321209483],
                    [27.477077004366635, -29.292707621717657],
                    [27.489608284884213, -29.298246789706518]
                ]
            ]
        },
        "Teyateyaneng": {
            "size": 12,
            "radius": 300,
            "rings": [
                [
                    [27.758250138922406, -29.16006221826849],
                    [27.718768022223188, -29.147244511503317],
                    [27.73293008582182, -29.13217603949517],
                    [27.758335969610883, -29.124078634699227],
                    [27.769579789801313, -29.14529548033386],
                    [27.758250138922406, -29.16006221826849]
                ]
            ]
        }
    }
}
