{
    "searchArea": {
        "Lithuania": {
            "size": 753,
            "radius": 2500,
            "rings": [
                [
                    [21.057160115129452, 56.05527303703833],
                    [21.551544880754452, 56.316640325526464],
                    [22.136566853410702, 56.43527003449327],
                    [22.771027302629452, 56.35926784888415],
                    [22.971527790910702, 56.41552406084667],
                    [23.059418415910702, 56.321209838203494],
                    [23.328583454973202, 56.382084436841886],
                    [23.998749470598202, 56.32273288757925],
                    [24.122345662004452, 56.25871248622667],
                    [24.567291951066952, 56.295308701835275],
                    [24.880402302629452, 56.44893431881719],
                    [25.119354939348202, 56.17624290167251],
                    [25.6623445230013, 56.141279402601704],
                    [26.6346345620638, 55.65777110919777],
                    [26.4698396401888, 55.34509259053216],
                    [26.85161454253255, 55.31071818843261],
                    [26.66484696440755, 55.15880254109436],
                    [26.2226472573763, 55.12269615295911],
                    [26.2061677651888, 54.987400046780756],
                    [25.76693799886747, 54.828383786005766],
                    [25.76144483480497, 54.550564743549344],
                    [25.56094434652372, 54.323734649918755],
                    [25.82736280355497, 54.214666636290964],
                    [25.64059522542997, 54.12623862342849],
                    [25.49777295980497, 54.30450832205994],
                    [25.05831983480497, 54.132676126251745],
                    [24.920980589045467, 54.160794289137414],
                    [24.791891233576717, 54.11252141626192],
                    [24.844076292170467, 54.00128018991811],
                    [24.300253049982967, 53.90754250109731],
                    [23.572408811701717, 53.93503917310037],
                    [23.470785276545467, 54.16401048050356],
                    [22.99288000310797, 54.383725073402644],
                    [22.78688635076422, 54.3821255594551],
                    [22.67152990545172, 54.51945605972339],
                    [22.75667394842047, 54.74837465867683],
                    [22.87477697576422, 54.79748729383263],
                    [22.57539953435797, 55.05474497157897],
                    [22.06453527654547, 55.026416918253275],
                    [21.27901281560797, 55.26343754422313],
                    [20.934970509027554, 55.28344267999895],
                    [21.084213524040326, 55.54072519815062],
                    [21.057160115129452, 56.05527303703833]
                ]
            ]
        },
        "Vilnius": {
            "size": 377,
            "radius": 350,
            "rings": [
                [
                    [25.145639504664125, 54.68166547841359],
                    [25.162805642359437, 54.770883853927536],
                    [25.277475442164125, 54.770883853927536],
                    [25.44913681911725, 54.73046252662739],
                    [25.467676247828187, 54.678092657374236],
                    [25.361932839625062, 54.65267686107188],
                    [25.412057961695375, 54.60299076025922],
                    [25.267175759546937, 54.57354798233082],
                    [25.166925515406312, 54.56439251323189],
                    [25.084528054468812, 54.62764265226536],
                    [25.145639504664125, 54.68166547841359]
                ]
            ]
        },
        "Kaunas": {
            "size": 242,
            "radius": 300,
            "rings": [
                [
                    [23.926843728296937, 54.94104143561219],
                    [23.985208596461, 54.93670255660272],
                    [24.049066628687562, 54.96667071002372],
                    [24.131464089625062, 54.932363209392854],
                    [23.999628152125062, 54.87037784501393],
                    [24.047693337671937, 54.83717450675477],
                    [23.843759621851625, 54.81027559222736],
                    [23.857492532007875, 54.87867440953572],
                    [23.780588235132875, 54.875909077777465],
                    [23.763422097437562, 54.952083742378385],
                    [23.917230691187562, 54.974947444118364],
                    [23.926843728296937, 54.94104143561219]
                ]
            ]
        },
        "Klaipėda": {
            "size": 37,
            "radius": 200,
            "rings": [
                [
                    [21.131163651095857, 55.700438894619936],
                    [21.10438447629117, 55.72519510033098],
                    [21.127043778048982, 55.738727015437036],
                    [21.182662064181795, 55.72654850292662],
                    [21.176482254611482, 55.70469498399704],
                    [21.21974092160367, 55.66404976870824],
                    [21.1500464025607, 55.64119248773316],
                    [21.131163651095857, 55.700438894619936]
                ]
            ]
        },
        "Siauliai": {
            "size": 46,
            "radius": 250,
            "rings": [
                [
                    [23.27892090313373, 55.93114976279813],
                    [23.262784733700137, 55.95191535369989],
                    [23.286130680965762, 55.97017218021058],
                    [23.3705880784267, 55.9640234741914],
                    [23.336942448543887, 55.9296111279673],
                    [23.367498173641543, 55.924225424902914],
                    [23.364408268856387, 55.9011353616355],
                    [23.312223210262637, 55.9044072899654],
                    [23.282010807918887, 55.88785234821206],
                    [23.235318913387637, 55.91729984967708],
                    [23.27892090313373, 55.93114976279813]
                ]
            ]
        },
        "Panevezys": {
            "size": 26,
            "radius": 150,
            "rings": [
                [
                    [24.345327690907464, 55.71131142154653],
                    [24.304300621815667, 55.69718955171469],
                    [24.2924559868059, 55.70734620630094],
                    [24.320265129872308, 55.7184671329241],
                    [24.30618889696215, 55.73741376496989],
                    [24.33794625169848, 55.737896977160815],
                    [24.341551140614495, 55.758379670182684],
                    [24.363695458241448, 55.76417470650421],
                    [24.38360817796801, 55.757317153438784],
                    [24.37588341600512, 55.74098939351897],
                    [24.413992241688714, 55.711698250269194],
                    [24.376055077382073, 55.70657245884343],
                    [24.345327690907464, 55.71131142154653]
                ]
            ]
        },
        "Alytus": {
            "size": 25,
            "radius": 150,
            "rings": [
                [
                    [24.040462985688244, 54.405215659086764],
                    [24.06655551498512, 54.41250882919314],
                    [24.102604404145275, 54.39642216799176],
                    [24.059689059906994, 54.393324011878065],
                    [24.06329394882301, 54.37832962887124],
                    [23.97385837143043, 54.39462326711897],
                    [24.006474033051525, 54.408912359469944],
                    [23.987076297455822, 54.446559746258764],
                    [24.03153659408668, 54.43857380178537],
                    [24.040462985688244, 54.405215659086764]
                ]
            ]
        }
    }
}
