{
    "searchArea": {
        "Luxembourg1": {
            "size": 49,
            "radius": 800,
            "rings": [
                [
                    [6.513186885058291, 49.808390504879576],
                    [6.512500239550478, 49.71124909078803],
                    [6.361438227831728, 49.5689572253183],
                    [6.368991328417666, 49.458394935484115],
                    [6.237842036425478, 49.51147819143638],
                    [6.029788447558291, 49.4503605240234],
                    [5.942584468066103, 49.50077695767304],
                    [5.868426753222353, 49.498101283497064],
                    [5.816928340136416, 49.54312230421881],
                    [5.912372065722353, 49.66327206991641],
                    [5.863620234667666, 49.67971397412133],
                    [5.885592890917666, 49.70858494289779],
                    [5.755816889941103, 49.79642468320912],
                    [5.777789546191103, 49.96210321568348],
                    [5.840790289792417, 49.98533391535568],
                    [5.862076300534604, 50.07090903149372],
                    [5.956626072293019, 50.13306948562791],
                    [5.966925754910206, 50.17442517392546],
                    [6.024603977566456, 50.18014176236049],
                    [6.058936252957081, 50.1533118447041],
                    [6.112494602566456, 50.16606892960465],
                    [6.142707004910206, 50.12646686418877],
                    [6.116614475613331, 50.055100497753855],
                    [6.260810032253956, 49.88241404166784],
                    [6.409125461941456, 49.81998887356235],
                    [6.513186885058291, 49.808390504879576]
                ]
            ]
        },
        "LuxembourgCity": {
            "size": 35,
            "radius": 150,
            "rings": [
                [
                    [6.0755474148, 49.625433631651084],
                    [6.104386526128125, 49.623209598608696],
                    [6.174081045171094, 49.639109202786955],
                    [6.181462484380078, 49.61920608328879],
                    [6.1469585476125, 49.58994819948293],
                    [6.156399923344922, 49.565126427631796],
                    [6.093056875249219, 49.584940338521456],
                    [6.103184896489453, 49.5975146584992],
                    [6.063531118413281, 49.609752033511015],
                    [6.0755474148, 49.625433631651084]
                ]
            ]
        },
        "EschSurAlzette": {
            "size": 4,
            "radius": 150,
            "rings": [
                [
                    [5.978301244756055, 49.488355166598126],
                    [5.966370779057812, 49.49532415009145],
                    [5.965855794926953, 49.50446595165246],
                    [5.978816228886914, 49.5070298088188],
                    [5.974868017216992, 49.51332740928568],
                    [5.992806631108594, 49.51566790367549],
                    [5.998213964482617, 49.50836742009189],
                    [5.986540990849805, 49.50468890108746],
                    [5.988944250127148, 49.49727528767205],
                    [5.978301244756055, 49.488355166598126]
                ]
            ]
        },
        "Dudelange": {
            "size": 5,
            "radius": 150,
            "rings": [
                [
                    [6.099368918960608, 49.49329870713679],
                    [6.1018580089264285, 49.474897681425674],
                    [6.0908716808014285, 49.476124631622575],
                    [6.078168738906897, 49.46686597565283],
                    [6.079456199234046, 49.48041871526285],
                    [6.066238273208655, 49.4847124223894],
                    [6.07610880238346, 49.49759128477549],
                    [6.099368918960608, 49.49329870713679]
                ]
            ]
        },
        "Ettelbruck": {
            "size": 5,
            "radius": 150,
            "rings": [
                [
                    [6.085998870778226, 49.8505894016113],
                    [6.113979675221586, 49.85191759549747],
                    [6.100933410573148, 49.836862594089766],
                    [6.106598236012601, 49.82451620914175],
                    [6.089861251759672, 49.820529259314426],
                    [6.085998870778226, 49.8505894016113]
                ]
            ]
        }
    }
}
