{
    "searchArea": {
        "Latvia": {
            "size": 296,
            "radius": 3000,
            "rings": [
                [
                    [21.07128212530547, 56.09258782605509],
                    [21.51073525030547, 56.324776938424556],
                    [22.12871620733672, 56.457042720833385],
                    [22.84557411749297, 56.39020709959564],
                    [23.806877828430466, 56.38260470951119],
                    [24.253945502384237, 56.287861943410206],
                    [24.726357611759237, 56.42025569445642],
                    [24.899392279727987, 56.476421855526915],
                    [25.212502631290487, 56.190175167219465],
                    [25.709633978946737, 56.15806738204971],
                    [26.182046088321737, 55.87713285570792],
                    [26.581560040924792, 55.68018285892284],
                    [27.084184552643542, 55.86094453305387],
                    [27.570329572174792, 55.79306411412743],
                    [27.691179181549792, 56.03473156846937],
                    [28.160844708893542, 56.193988703214465],
                    [28.15329379167177, 56.46706122085999],
                    [27.81271761979677, 56.84899048379977],
                    [27.59573763932802, 57.40796357807625],
                    [26.89810580339052, 57.61450257290567],
                    [26.52731722917177, 57.49809931134651],
                    [25.34851550056175, 58.028185381759464],
                    [24.3569993872805, 57.84008540489522],
                    [24.34651624760001, 57.2148621795091],
                    [23.67085706791251, 56.97314064795829],
                    [22.630596377662226, 57.77607163432339],
                    [21.603374697974726, 57.54392903776219],
                    [20.969522394539187, 56.57052815470052],
                    [21.07128212530547, 56.09258782605509]
                ]
            ]
        },
        "Riga": {
            "size": 178,
            "radius": 100,
            "rings": [
                [
                    [23.966994753445306, 56.953936079692774],
                    [24.064841738308587, 56.87278232106328],
                    [24.158225527371087, 56.90541496539016],
                    [24.22929333742968, 56.88553870100274],
                    [24.269118776882806, 56.9881813044002],
                    [24.12423657473437, 57.01267631454438],
                    [23.966994753445306, 56.953936079692774]
                ]
            ]
        },
        "Daugvapils": {
            "size": 52,
            "radius": 100,
            "rings": [
                [
                    [26.49219826032777, 55.85953037887687],
                    [26.438811572095346, 55.91623346924573],
                    [26.481726916333628, 55.92065840676306],
                    [26.579917223950815, 55.89381243923964],
                    [26.578372271558237, 55.87609740095599],
                    [26.627810748120737, 55.875134395476486],
                    [26.63347557356019, 55.86675523995856],
                    [26.530307086011362, 55.84642586964535],
                    [26.47314384748597, 55.85028059579827],
                    [26.49219826032777, 55.85953037887687]
                ]
            ]
        },
        "Liepaja": {
            "size": 35,
            "radius": 200,
            "rings": [
                [
                    [20.996131770018675, 56.4783608355978],
                    [21.032867304686643, 56.477792029423156],
                    [21.042137019042112, 56.52724628470409],
                    [21.09741198242102, 56.538795261984006],
                    [21.06788622558508, 56.55696357056051],
                    [20.997848383788206, 56.56245019896475],
                    [20.996131770018675, 56.52535267376233],
                    [20.97930895507727, 56.52194393555026],
                    [20.996131770018675, 56.4783608355978]
                ]
            ]
        },
        "Jelgava": {
            "size": 16,
            "radius": 150,
            "rings": [
                [
                    [23.706242062296912, 56.632958618809816],
                    [23.737570263590857, 56.64518322879032],
                    [23.775764919962928, 56.666696468402456],
                    [23.757654644694373, 56.67362904103044],
                    [23.73027465507035, 56.66999785254272],
                    [23.738857723918006, 56.65650751679767],
                    [23.727957226481482, 56.65386548712294],
                    [23.713366009440467, 56.669290437433496],
                    [23.67265765012516, 56.66446392075038],
                    [23.6816698724152, 56.638465670974426],
                    [23.706242062296912, 56.632958618809816]
                ]
            ]
        },
        "Ventspils": {
            "size": 15,
            "radius": 500,
            "rings": [
                [
                    [21.53110685945525, 57.39000593958939],
                    [21.577627092609546, 57.361964278679054],
                    [21.598398119220874, 57.37177667098747],
                    [21.591188341388843, 57.38686041844008],
                    [21.629297167072437, 57.39823852587935],
                    [21.592904955158374, 57.41183211918565],
                    [21.53110685945525, 57.39000593958939]
                ]
            ]
        }
    }
}
