{
    "searchArea": {
        "Monaco": {
            "size": 3,
            "radius": 75,
            "rings": [
                [
                    [7.41811992773306, 43.72497189984479],
                    [7.409021874754544, 43.72960823246301],
                    [7.413013001768705, 43.731778967192774],
                    [7.412219067900296, 43.734600804720635],
                    [7.423088955542201, 43.741682199240714],
                    [7.424478339811915, 43.740891571467316],
                    [7.427629774368789, 43.743559782018885],
                    [7.429867867627271, 43.74808941316263],
                    [7.43742320671839, 43.75117559868687],
                    [7.437416415097484, 43.75188165078363],
                    [7.438414196851024, 43.75147090568812],
                    [7.439111571194896, 43.749215632386736],
                    [7.43226657378889, 43.74527838804338],
                    [7.432760100247631, 43.74347715521655],
                    [7.429348330380687, 43.73798991162597],
                    [7.4339617298863025, 43.73692017029668],
                    [7.427627477525074, 43.72885255787846],
                    [7.41811992773306, 43.72497189984479]
                ]
            ]
        }
    }
}
