{
    "searchArea": {
        "Montenegro1": {
            "size": 137,
            "radius": 5000,
            "rings": [
                [
                    [19.13906414152813, 43.53624414576174],
                    [19.467280694262506, 43.34379654203894],
                    [19.739192315356256, 43.042436602920944],
                    [19.763911553637506, 43.166765128696234],
                    [19.887507745043756, 43.05949657786285],
                    [19.777644463793756, 43.01533159554414],
                    [20.340693780200006, 42.90377415910497],
                    [20.225337334887506, 42.78092819457182],
                    [19.890254327075006, 42.821232473804756],
                    [19.860041924731256, 42.697213061407716],
                    [20.05916912199688, 42.67803345913086],
                    [19.83944255949688, 42.53146779284887],
                    [19.62795574309063, 42.73353711955873],
                    [19.46834275701417, 42.39628323831188],
                    [19.14149949529542, 42.25718759132668],
                    [19.379078840998545, 42.08110198701411],
                    [19.359852766779795, 41.827177877409575],
                    [19.12227342107667, 41.96109257810561],
                    [18.868214583186045, 42.25552931648414],
                    [18.774830794123545, 42.25857858013668],
                    [18.45210740545167, 42.47976367246146],
                    [18.44936082342042, 42.558714066482295],
                    [18.634755110529795, 42.50305428725279],
                    [18.56746385076417, 42.7415350657895],
                    [18.88081339852328, 42.79358160920996],
                    [18.77918986336703, 43.166319482599114],
                    [18.85334757821078, 43.34734698167786],
                    [19.00440958992953, 43.13225428042726],
                    [19.3574271238018, 43.24751740238822],
                    [19.045690063254924, 43.38440516088684],
                    [19.13906414152813, 43.53624414576174]
                ],
                [
                    [18.9509329831768, 42.835004598592114],
                    [19.045690063254924, 42.80377802738224],
                    [19.0717825925518, 42.75035413690927],
                    [19.001744750754924, 42.72816464612292],
                    [19.1541800534893, 42.57261590294984],
                    [19.31073522927055, 42.524053668234465],
                    [19.37116003395805, 42.80982311062704],
                    [19.180272582786174, 42.9356279758809],
                    [18.9509329831768, 42.835004598592114]
                ],
                [
                    [19.158299926536174, 43.14840660558356],
                    [19.097875121848674, 42.987887262210485],
                    [19.3299613034893, 42.91652216434263],
                    [19.42059851052055, 42.816874961101426],
                    [19.49200964333305, 42.81486022872983],
                    [19.537328246848674, 42.95271762634537],
                    [19.397252563254924, 42.97884556230801],
                    [19.312108520286174, 43.110321325303886],
                    [19.158299926536174, 43.14840660558356]
                ],
                [
                    [19.47061548746097, 43.00482682438797],
                    [19.64639673746097, 42.99980520635115],
                    [19.58322535074222, 43.15528448492298],
                    [19.47336206949222, 43.176319071529925],
                    [19.419803719882847, 43.24138021737159],
                    [19.342899423007847, 43.15027518246196],
                    [19.47061548746097, 43.00482682438797]
                ],
                [
                    [18.842360026471013, 42.44761258504357],
                    [18.834120280377263, 42.72465338539778],
                    [18.630873210064763, 42.73171493898284],
                    [18.842360026471013, 42.44761258504357]
                ],
                [
                    [19.610029704205388, 42.96931964323447],
                    [19.818769938580388, 42.95826515882317],
                    [19.770704753033513, 42.75390315943531],
                    [19.538618571392888, 42.80631647568724],
                    [19.647108561627263, 42.81135387936588],
                    [19.610029704205388, 42.96931964323447]
                ],
                [
                    [18.905531413189763, 42.75894482933753],
                    [19.007154948346013, 42.52255517111199],
                    [19.143110758892888, 42.48306959196784],
                    [19.166456706158513, 42.417204882003276],
                    [18.895918376080388, 42.41923252116923],
                    [18.932997233502263, 42.547853322922776],
                    [18.889051921002263, 42.57920879798844],
                    [18.905531413189763, 42.75894482933753]
                ]
            ]
        },
        "Podgorica": {
            "size": 35,
            "radius": 250,
            "rings": [
                [
                    [19.27624010580362, 42.41686213201925],
                    [19.28550982015909, 42.43143441025591],
                    [19.30044435995401, 42.41546808444111],
                    [19.309542412932526, 42.465381009431354],
                    [19.279673333342682, 42.46766034559565],
                    [19.250662560637604, 42.44904333829081],
                    [19.216673608000885, 42.45778262283453],
                    [19.20431398886026, 42.4249723396263],
                    [19.251692528899323, 42.41458094712023],
                    [19.27624010580362, 42.41686213201925]
                ]
            ]
        },
        "Niksic": {
            "size": 17,
            "radius": 300,
            "rings": [
                [
                    [18.933015516675116, 42.794408034897415],
                    [18.938852003491522, 42.75017871567521],
                    [18.971038511670233, 42.738643660385584],
                    [18.97790496674836, 42.75919095352825],
                    [18.978248289502265, 42.77922745587487],
                    [18.94666259614289, 42.795856609250784],
                    [18.933015516675116, 42.794408034897415]
                ]
            ]
        },
        "HercegNovi": {
            "size": 7,
            "radius": 200,
            "rings": [
                [
                    [18.50245218135043, 42.448417474311874],
                    [18.490350054275236, 42.456460274311546],
                    [18.506915377151213, 42.4692506315154],
                    [18.52193574763461, 42.4600063776928],
                    [18.569829271804533, 42.45601699726908],
                    [18.566052721511564, 42.451964033108055],
                    [18.549744890701017, 42.44803747395917],
                    [18.53240709162875, 42.4486708065997],
                    [18.517386721145353, 42.45861328959947],
                    [18.50245218135043, 42.448417474311874]
                ]
            ]
        },
        "Pljeva": {
            "size": 2,
            "radius": 150,
            "rings": [
                [
                    [19.352104724608743, 43.362451521344866],
                    [19.34798485156187, 43.34915864416612],
                    [19.358542026244486, 43.34822241630336],
                    [19.367725909911478, 43.3547757080833],
                    [19.352104724608743, 43.362451521344866]
                ]
            ]
        }
    }
}
