{
    "searchArea": {
        "Madagascar1": {
            "size": 18,
            "radius": 2000,
            "rings": [
                [
                    [48.471093662105424, -13.821021298195268],
                    [48.41753531249605, -13.635587209777642],
                    [48.30217886718355, -13.449339608022909],
                    [48.35230398925386, -13.428636451896878],
                    [48.40277243407808, -13.51277361226606],
                    [48.4752135351523, -13.52679359128013],
                    [48.4737544134482, -13.561047268923293],
                    [48.38852453979097, -13.537892156091822],
                    [48.428864963374956, -13.649099491013589],
                    [48.47452688964449, -13.661276563055283],
                    [48.492036350093706, -13.81668728632545],
                    [48.471093662105424, -13.821021298195268]
                ]
            ]
        },
        "Madagascar2": {
            "size": 1,
            "radius": 75,
            "rings": [
                [
                    [47.530667265831894, -18.920354584667365],
                    [47.53354259389586, -18.921937846046507],
                    [47.531868895470566, -18.92632218389801],
                    [47.532126387535996, -18.930665812586877],
                    [47.52925105947203, -18.9281895521258],
                    [47.530667265831894, -18.920354584667365]
                ]
            ]
        },
        "Madagascar3": {
            "size": 5,
            "radius": 300,
            "rings": [
                [
                    [46.7607160574597, -22.074618094602183],
                    [46.75651035372435, -22.101022536650227],
                    [46.76535091463744, -22.102772054110645],
                    [46.778654671351305, -22.086230294870322],
                    [46.77504978243529, -22.07748146553742],
                    [46.7607160574597, -22.074618094602183]
                ]
            ]
        },
        "Madagascar4": {
            "size": 2,
            "radius": 150,
            "rings": [
                [
                    [43.769402497460845, -23.575533661189436],
                    [43.75987529103995, -23.561687590325327],
                    [43.76459597890616, -23.553819854421498],
                    [43.77532481496573, -23.555393439285975],
                    [43.782877915551666, -23.540128871253525],
                    [43.77772807424307, -23.53855510368224],
                    [43.7750673229003, -23.553269095267943],
                    [43.76021861379385, -23.551852846847346],
                    [43.757901185204986, -23.563025058579544],
                    [43.76133441274405, -23.573881649884708],
                    [43.769402497460845, -23.575533661189436]
                ]
            ]
        },
        "Madagascar5": {
            "size": 16,
            "radius": 700,
            "rings": [
                [
                    [43.27747994852075, -22.226176147656766],
                    [43.31112557840356, -22.25477641194521],
                    [43.29842263650903, -22.223315800211857],
                    [43.26271707010278, -22.199159429199824],
                    [43.250357450962156, -22.11394328721927],
                    [43.29842263650903, -22.14129438810823],
                    [43.26031381082544, -22.020082362344628],
                    [43.27130013895044, -21.94240121176857],
                    [43.24795419168481, -21.95991501750944],
                    [43.25173074197778, -22.003849243572283],
                    [43.23319131326684, -22.050315565028846],
                    [43.234907927036375, -22.242701456892647],
                    [43.27747994852075, -22.226176147656766]
                ]
            ]
        },
        "Madagascar6": {
            "size": 1,
            "radius": 100,
            "rings": [
                [
                    [43.28906346938945, -21.84361699195287],
                    [43.29275418899394, -21.824893718012014],
                    [43.29189588210917, -21.817563087866894],
                    [43.29515744827128, -21.813499207205744],
                    [43.29627324722148, -21.82680599454487],
                    [43.28906346938945, -21.84361699195287]
                ]
            ]
        },
        "Madagascar7": {
            "size": 1,
            "radius": 50,
            "rings": [
                [
                    [44.163894511177084, -20.792907256990265],
                    [44.16466698737337, -20.794973435817376],
                    [44.166619635536215, -20.790319478551595],
                    [44.163894511177084, -20.792907256990265]
                ]
            ]
        },
        "Madagascar8": {
            "size": 1,
            "radius": 100,
            "rings": [
                [
                    [43.994110926400545, -20.745915559356494],
                    [44.001320704232576, -20.73540041784486],
                    [44.00638471485269, -20.735480688868385],
                    [43.99514089466226, -20.74655768172498],
                    [43.994110926400545, -20.745915559356494]
                ]
            ]
        },
        "Madagascar9": {
            "size": 1,
            "radius": 150,
            "rings": [
                [
                    [44.28250113239287, -20.297243852147414],
                    [44.27340307941436, -20.288992271177012],
                    [44.26361838092803, -20.298894115605872],
                    [44.26915446033477, -20.302637330962696],
                    [44.27353182544707, -20.292292956296095],
                    [44.28250113239287, -20.297243852147414]
                ]
            ]
        },
        "Madagascar10": {
            "size": 1,
            "radius": 50,
            "rings": [
                [
                    [44.417833722165724, -20.25134811218292],
                    [44.420558846524855, -20.248147214053454],
                    [44.42115966134419, -20.248630372715375],
                    [44.41839162164082, -20.25171047385189],
                    [44.417833722165724, -20.25134811218292]
                ]
            ]
        },
        "Madagascar11": {
            "size": 7,
            "radius": 500,
            "rings": [
                [
                    [44.42788645239062, -20.17408866898174],
                    [44.434924568845695, -20.164984569905354],
                    [44.49320360632128, -20.156524532623642],
                    [44.49912592382616, -20.148950395944965],
                    [44.54796358556933, -20.135332141147288],
                    [44.541526283933585, -20.143471004215982],
                    [44.49929758520312, -20.152092901507725],
                    [44.4927744528789, -20.158458295864307],
                    [44.42788645239062, -20.17408866898174]
                ]
            ]
        }
    }
}
