{
    "searchArea": {
        "NorthMacedonia1": {
            "size": 79,
            "radius": 5000,
            "rings": [
                [
                    [20.883929736801665, 42.01903663241542],
                    [21.58568144578604, 42.07920281643386],
                    [21.702411182114165, 42.23902840963048],
                    [22.465960986801665, 42.22682668979276],
                    [22.150104053207915, 42.037398458034474],
                    [22.866961963364165, 42.014955506482146],
                    [22.905414111801665, 41.70709970638344],
                    [22.35197783250479, 41.86479249457535],
                    [22.196795947739165, 41.74604695695853],
                    [22.96721220750479, 41.3957023198823],
                    [22.62797977071791, 41.37214782478646],
                    [22.75157596212416, 41.1688103802195],
                    [22.50438357931166, 41.12744625653854],
                    [22.307316318569473, 41.38296782732334],
                    [21.621357456264786, 41.35256419726358],
                    [21.346699253139786, 41.004233729830474],
                    [20.73283816915541, 40.90466718727756],
                    [20.725499081283903, 41.17570066727976],
                    [20.883929736801665, 42.01903663241542]
                ],
                [
                    [20.95894007929166, 41.30088941180942],
                    [20.789338638861974, 41.25444682846839],
                    [21.29779963739713, 41.07313450756886],
                    [21.49421989202939, 41.37147223641271],
                    [21.888354413513763, 41.481650057829555],
                    [21.594470136170013, 41.920490423591936],
                    [20.97511588812314, 41.953180551255],
                    [20.95894007929166, 41.30088941180942]
                ],
                [
                    [21.82761429840617, 41.73762146985895],
                    [22.06656693512492, 41.792934205219076],
                    [22.224495401921796, 41.610426605816194],
                    [22.10227250153117, 41.52926011558633],
                    [21.82761429840617, 41.73762146985895]
                ]
            ]
        },
        "Skopje": {
            "size": 50,
            "radius": 200,
            "rings": [
                [
                    [21.413567057195234, 41.9875567003612],
                    [21.337692728581953, 42.00631028562101],
                    [21.35297059113078, 42.02493082521871],
                    [21.420261850896406, 42.00771339288754],
                    [21.4309048562675, 42.03258152113962],
                    [21.45013093048625, 42.03207150339146],
                    [21.467297068181562, 42.00618272888045],
                    [21.498711100163984, 41.976072186049095],
                    [21.484634867253828, 41.94620275513638],
                    [21.413567057195234, 41.9875567003612]
                ]
            ]
        },
        "Bitola": {
            "size": 9,
            "radius": 100,
            "rings": [
                [
                    [21.341868612817393, 41.04282774514394],
                    [21.350580427697764, 41.032534053971865],
                    [21.34118196730958, 41.02223875308618],
                    [21.3141882157837, 41.01673431562354],
                    [21.29328844313966, 41.03447638306283],
                    [21.341868612817393, 41.04282774514394]
                ]
            ]
        },
        "Kumanovo": {
            "size": 5,
            "radius": 100,
            "rings": [
                [
                    [21.725903459991137, 42.12590383212547],
                    [21.732684084380786, 42.114316966686054],
                    [21.742640444244067, 42.113680264323044],
                    [21.746502825225512, 42.119474020091396],
                    [21.70238585134856, 42.140352612509716],
                    [21.70410246511809, 42.11960134943441],
                    [21.719208666289965, 42.119919671672626],
                    [21.725903459991137, 42.12590383212547]
                ]
            ]
        },
        "Prilep": {
            "size": 12,
            "radius": 150,
            "rings": [
                [
                    [21.58130302250506, 41.357187332342306],
                    [21.572033308149592, 41.33695475615618],
                    [21.55289306461932, 41.32677165545533],
                    [21.529547117353694, 41.33444135394373],
                    [21.52860297978045, 41.360215234301265],
                    [21.58130302250506, 41.357187332342306]
                ]
            ]
        },
        "Tetovo": {
            "size": 3,
            "radius": 100,
            "rings": [
                [
                    [20.98453145410962, 41.99830770612207],
                    [20.967665723823977, 42.00669505549032],
                    [20.96663575556226, 42.014762450867885],
                    [20.987921766304446, 42.02560239842841],
                    [20.992985776924563, 42.02187238971543],
                    [20.9826002636189, 42.01903488612256],
                    [20.98453145410962, 41.99830770612207]
                ]
            ]
        }
    }
}
