{
    "searchArea": {
        "Mali1": {
            "size": 1,
            "radius": 200,
            "rings": [
                [
                    [-3.0059246396604, 16.77625187271242],
                    [-3.007319388348144, 16.772512752089757],
                    [-3.0106345986905514, 16.7719785859967],
                    [-3.0105273103299557, 16.771095154164442],
                    [-3.0068365907254635, 16.7719785859967],
                    [-3.006552276569885, 16.774336096197334],
                    [-3.0051843499722897, 16.776262144920512],
                    [-3.0059246396604, 16.77625187271242]
                ]
            ]
        },
        "Mali2": {
            "size": 1,
            "radius": 20,
            "rings": [
                [
                    [-0.04527729795835045, 16.28969656593389],
                    [-0.04519683168790367, 16.288980844247444],
                    [-0.04437071131131676, 16.28916106218438],
                    [-0.04455846594235924, 16.2897789509963],
                    [-0.04527729795835045, 16.28969656593389]
                ]
            ]
        },
        "Mali3": {
            "size": 1,
            "radius": 20,
            "rings": [
                [
                    [-4.555918076543253, 13.905502415233094],
                    [-4.555912712125223, 13.904747369245609],
                    [-4.555129507092874, 13.904882756983225],
                    [-4.5551160960478, 13.905512829643275],
                    [-4.555918076543253, 13.905502415233094]
                ]
            ]
        },
        "Mali4": {
            "size": 1,
            "radius": 20,
            "rings": [
                [
                    [-5.982594242168393, 14.25165628313729],
                    [-5.982433309627499, 14.251167546378063],
                    [-5.982009520603146, 14.251339124297125],
                    [-5.982218732906308, 14.25176026954517],
                    [-5.982594242168393, 14.25165628313729]
                ]
            ]
        },
        "Mali5": {
            "size": 1,
            "radius": 20,
            "rings": [
                [
                    [-8.031711505650271, 12.645656949495722],
                    [-8.031429873703708, 12.645204182895897],
                    [-8.030772732495059, 12.645198948595251],
                    [-8.031373547314395, 12.645735463853324],
                    [-8.031711505650271, 12.645656949495722]
                ]
            ]
        }
    }
}
