{
    "searchArea": {
        "Mongolia": {
            "size": 71,
            "radius": 50000,
            "rings": [
                [
                    [91.48379709875616, 45.915428103173156],
                    [91.34097483313116, 47.99231106926133],
                    [88.22330526066285, 48.529073195859226],
                    [92.02457479191285, 50.18191852028739],
                    [95.16666463566285, 49.977464207935036],
                    [95.48526815128785, 48.32494692878221],
                    [100.40714315128785, 49.21554168772108],
                    [98.92398885441285, 50.5114255175269],
                    [99.11075643253785, 51.499945292193324],
                    [100.36319783878785, 50.76921776962496],
                    [100.30826619816285, 49.793418604927744],
                    [101.69254354191285, 49.47321856147464],
                    [102.94498494816285, 47.99516817304616],
                    [106.24088338566285, 47.99516817304616],
                    [103.74698690128785, 49.05020797194973],
                    [106.12574351798494, 50.32592080367449],
                    [107.80665172110994, 49.78632591183852],
                    [107.01750016698136, 48.22994206192939],
                    [110.78581071385636, 48.3979899532128],
                    [111.67570329198136, 49.12220594559956],
                    [115.09245133885636, 49.70117802450578],
                    [114.70792985448136, 47.92900504334063],
                    [117.4658176012419, 47.661411889904386],
                    [117.9272433824919, 47.971262310860666],
                    [119.4543429918669, 47.36459632900995],
                    [119.5312472887419, 46.90121254056729],
                    [113.8623019762419, 45.12363976527001],
                    [111.0388156481169, 47.2528575665897],
                    [107.7539035387419, 47.49094807507631],
                    [111.9726535387419, 43.74302475574447],
                    [111.5551730699919, 43.55535952326064],
                    [109.8742648668669, 44.495372585905905],
                    [107.2595187731169, 47.158760209418176],
                    [107.4023410387419, 45.66669550867043],
                    [106.0290500231169, 44.275534266551745],
                    [105.2050754137419, 44.72219185862484],
                    [105.8203097887419, 47.58286546465619],
                    [102.7187894053876, 46.04427464136424],
                    [99.3679593272626, 48.042847461914455],
                    [96.45645269949893, 47.5308683614481],
                    [91.27090582449894, 49.75885820968952],
                    [92.67715582449894, 46.542557846266234],
                    [93.47915777762393, 46.97157409760638],
                    [94.55581793387393, 46.542557846266234],
                    [93.24844488699893, 45.72031183956411],
                    [91.48379709875616, 45.915428103173156]
                ]
            ]
        },
        "Mongolia2": {
            "size": 5,
            "radius": 20000,
            "rings": [
                [
                    [101.85073980887393, 43.912475053261595],
                    [103.70742926199893, 44.20459292885493],
                    [104.69070562918643, 43.47159671257902],
                    [104.03152594168643, 43.38383064488797],
                    [103.58657965262393, 44.17308210112064],
                    [102.11990484793643, 43.61493938477477],
                    [101.85073980887393, 43.912475053261595]
                ]
            ]
        },
        "Ulaanbaatar": {
            "size": 65,
            "radius": 200,
            "rings": [
                [
                    [106.82595765234078, 47.90975300976406],
                    [106.87917267919624, 47.9298854104262],
                    [106.90011536718453, 47.92378899614198],
                    [106.91453492284859, 47.94058115541102],
                    [106.9507554733857, 47.9562182615564],
                    [107.02027833105171, 47.94736548102298],
                    [107.02903306127632, 47.92229353949788],
                    [107.09546601415718, 47.9271248590184],
                    [107.10113083959664, 47.914585500430114],
                    [107.04894578100289, 47.91285966271127],
                    [107.02542817236031, 47.897554717062945],
                    [106.95230042577828, 47.907106454596764],
                    [106.90578019262398, 47.89697925490338],
                    [106.86612641454781, 47.911363890128044],
                    [106.82595765234078, 47.90975300976406]
                ]
            ]
        },
        "Erdenet": {
            "size": 3,
            "radius": 100,
            "rings": [
                [
                    [104.05636876460488, 49.03867121001184],
                    [104.06572430964883, 49.02471521897029],
                    [104.039460118975, 49.02150703868578],
                    [104.03422444697793, 49.03034310574465],
                    [104.05636876460488, 49.03867121001184]
                ]
            ]
        },
        "Choibalsan": {
            "size": 8,
            "radius": 500,
            "rings": [
                [
                    [114.48675959086707, 48.05233566109807],
                    [114.57370607829382, 48.08124386411978],
                    [114.57147448039343, 48.08972969693865],
                    [114.53628389811804, 48.0795809355396],
                    [114.50735895610144, 48.08112918111587],
                    [114.51001970744421, 48.064841598714374],
                    [114.4859012839823, 48.05973633057813],
                    [114.48675959086707, 48.05233566109807]
                ]
            ]
        }
    }
}
