{
    "searchArea": {
        "Macau1": {
            "size": 45,
            "radius": 400,
            "rings": [
                [
                    [113.54885748903244, 22.10816953758688],
                    [113.54971579591721, 22.145061982417804],
                    [113.52465323488205, 22.18464699924748],
                    [113.53340796510666, 22.218023287298475],
                    [113.56276206056565, 22.215957366573132],
                    [113.56688193361252, 22.167002042766054],
                    [113.58147315065354, 22.162868669782988],
                    [113.59177283327072, 22.13234154084623],
                    [113.57220343629807, 22.11119126465277],
                    [113.54885748903244, 22.10816953758688]
                ]
            ]
        }
    }
}
