{
    "searchArea": {
        "MarianaIslands1": {
            "size": 122,
            "radius": 600,
            "rings": [
                [
                    [145.7093654024222, 15.246014487612616],
                    [145.71554521199252, 15.197150956429406],
                    [145.68550447102572, 15.11861433005185],
                    [145.73013642903354, 15.099389959511827],
                    [145.7558856355765, 15.112316883244564],
                    [145.73889115925815, 15.13767125321144],
                    [145.7606921541312, 15.164182380634466],
                    [145.7914195406058, 15.147116223203016],
                    [145.79090455647494, 15.179590446154641],
                    [145.76532701130893, 15.19516304748566],
                    [145.79145051194337, 15.22520375140273],
                    [145.76209641648438, 15.239862048645422],
                    [145.82767106248048, 15.255181775863386],
                    [145.81576770477892, 15.290586132546263],
                    [145.78675693207384, 15.271377428067971],
                    [145.7326835983336, 15.225832529005338],
                    [145.7093654024222, 15.246014487612616]
                ]
            ]
        },
        "MarianaIslands2": {
            "size": 48,
            "radius": 2000,
            "rings": [
                [
                    [145.6441411464468, 15.103798534718054],
                    [145.6577023952261, 15.074462052068746],
                    [145.65306753804836, 14.932031613768942],
                    [145.6173619716421, 14.96404112334141],
                    [145.65564245870266, 15.0182639392754],
                    [145.60397238423977, 15.061201296739627],
                    [145.6441411464468, 15.103798534718054]
                ]
            ]
        },
        "MarianaIslands3": {
            "size": 25,
            "radius": 1900,
            "rings": [
                [
                    [145.124816832065, 14.13013881323825],
                    [145.17854684305132, 14.109995349395884],
                    [145.26884072732867, 14.152111467896232],
                    [145.28549188089312, 14.194719042933357],
                    [145.2240371079439, 14.19488546307642],
                    [145.1419829697603, 14.148782414283662],
                    [145.124816832065, 14.13013881323825]
                ],
                [
                    [145.13408654642046, 14.126892672968628],
                    [145.1599215836519, 14.158353311955583],
                    [145.2389357227983, 14.193209556876537],
                    [145.26519991347212, 14.150934603231763],
                    [145.17284609267134, 14.112980307114071],
                    [145.13408654642046, 14.126892672968628]
                ]
            ]
        }
    }
}
