{
    "searchArea": {
        "Martinique": {
            "size": 1300,
            "radius": 10000,
            "rings": [
                [
                    [-60.873055225080115, 14.391089312305395],
                    [-60.958199268048865, 14.464238289295677],
                    [-61.073555713361365, 14.44495589197864],
                    [-61.1030814701973, 14.52739302995797],
                    [-61.06600261277543, 14.571258343070934],
                    [-61.18753886765824, 14.68021915930259],
                    [-61.241097217267615, 14.830283500111276],
                    [-61.17723918504105, 14.886696767881958],
                    [-61.068062549298865, 14.86413322931247],
                    [-60.958199268048865, 14.75858425233841],
                    [-60.86069560593949, 14.782486633914615],
                    [-60.87099528855668, 14.747296103135941],
                    [-60.93416667527543, 14.737335485301218],
                    [-60.9273002201973, 14.619101456846963],
                    [-60.8668754155098, 14.617772621997506],
                    [-60.82224345750199, 14.564612643945395],
                    [-60.80782390183793, 14.469557276846034],
                    [-60.873055225080115, 14.391089312305395]
                ]
            ]
        }
    }
}
