{
    "searchArea": {
        "Malta1": {
            "size": 336,
            "radius": 500,
            "rings": [
                [
                    [14.184900273600185, 36.06400748073572],
                    [14.212022771158779, 36.08259968137791],
                    [14.251504887857998, 36.082044753956275],
                    [14.306436528482998, 36.057624070211624],
                    [14.336648930826748, 36.0376378721822],
                    [14.308238972941005, 36.01611928106854],
                    [14.333902348795498, 35.98883081325196],
                    [14.367376317301357, 35.99765025672921],
                    [14.377847661295498, 35.98695568635637],
                    [14.352093770737273, 35.96962805409099],
                    [14.384194448227507, 35.96921126167722],
                    [14.399300649399382, 35.958373886631534],
                    [14.388829305405242, 35.9487857381938],
                    [14.426251485581023, 35.96087495134507],
                    [14.491659485239987, 35.93072809235764],
                    [14.576409278214046, 35.86719270842884],
                    [14.559758124649592, 35.8190458691169],
                    [14.549115119278499, 35.832129115644086],
                    [14.539063001934153, 35.80878645027524],
                    [14.515030409160715, 35.80474917264821],
                    [14.415123487773997, 35.827717151987635],
                    [14.338562513652903, 35.88170051431881],
                    [14.34486633445478, 35.94977635355593],
                    [14.321692048566108, 35.971451975833936],
                    [14.299547730939155, 36.02075573312786],
                    [14.257373759533717, 36.014974536889916],
                    [14.199045635409346, 36.02923271541561],
                    [14.184900273600185, 36.06400748073572]
                ]
            ]
        }
    }
}
