{
    "searchArea": {
        "Mexico1": {
            "size": 5928,
            "radius": 25000,
            "rings": [
                [
                    [-117.1606767963396, 32.53172843254521],
                    [-114.71896537055835, 32.71909813181264],
                    [-114.8315752338396, 32.498145578104726],
                    [-112.81101861367547, 31.877408412924858],
                    [-112.11270013223016, 30.731651460462807],
                    [-111.08547845254266, 31.331788415341922],
                    [-108.66024651894891, 31.329442336857372],
                    [-108.22903314004266, 30.9250489307951],
                    [-107.66598382363641, 31.78348382564336],
                    [-106.53337256947447, 31.78348382564336],
                    [-106.49080054799009, 31.74612080802774],
                    [-106.43998878041197, 31.760133707481973],
                    [-106.15571754017759, 31.4349579387649],
                    [-106.40939060744834, 31.427598076483967],
                    [-106.12374607619834, 28.84358038113655],
                    [-104.92623631057334, 29.62968627168155],
                    [-104.40987888869834, 29.569982699408783],
                    [-104.3412143379171, 29.251767003815143],
                    [-104.64566071620152, 27.029276065867112],
                    [-103.59126268555609, 26.265179868080917],
                    [-102.36628709961859, 27.35355793835782],
                    [-101.24568163086859, 27.47546478184497],
                    [-103.00349413086859, 29.134253523164396],
                    [-102.84419237305609, 29.249345196614453],
                    [-101.17976366211859, 28.17985497841598],
                    [-101.09187303711859, 29.46001048995713],
                    [-100.66308337989689, 29.093772498869647],
                    [-100.48592883888126, 28.654837969150545],
                    [-99.84933022444008, 27.76532052337383],
                    [-99.53064967548261, 27.5945655223258],
                    [-99.44275905048261, 27.00637287775399],
                    [-99.08021022235761, 26.402786770502075],
                    [-98.3365809697565, 26.163614602341124],
                    [-98.19101212210025, 26.050162018462775],
                    [-97.6554286260065, 26.030419904314225],
                    [-97.52061231114882, 25.887237910258957],
                    [-97.4972663638832, 25.89526831039787],
                    [-97.42448194005507, 25.840280028064154],
                    [-97.1457038638832, 25.82482927967931],
                    [-97.5195940443622, 25.79275406878825],
                    [-97.45286743466221, 25.513881844458506],
                    [-98.18620483700596, 24.25316699452206],
                    [-98.1200236181308, 23.838396093530456],
                    [-97.69430340328705, 23.798193570729314],
                    [-97.7574747900058, 22.968793695225127],
                    [-97.88656414547455, 22.548359865641157],
                    [-95.85990063487085, 18.92873310066684],
                    [-94.45365063487085, 18.283185215410427],
                    [-91.65213696299585, 18.77277727561766],
                    [-90.82816235362085, 19.333535045292066],
                    [-90.35575024424585, 21.116887024917066],
                    [-88.01566235362085, 21.699896691443893],
                    [-86.53250805674585, 21.475151261528946],
                    [-86.70828930674585, 20.408065888836347],
                    [-87.33451000987085, 19.7683556977744],
                    [-87.81241528330835, 18.173617710139673],
                    [-88.48258129893335, 18.486483909553417],
                    [-88.83414379893335, 17.89155752412986],
                    [-91.08084790049585, 17.844503676908435],
                    [-90.96549145518335, 17.226435060235517],
                    [-91.48184887705835, 17.26840429585682],
                    [-90.38356835796594, 16.350387684296965],
                    [-90.43300683452844, 16.044431146199436],
                    [-91.74587304546594, 16.06554679650238],
                    [-92.21279199077844, 15.277498670155449],
                    [-92.06996972515344, 15.070734682182334],
                    [-92.22927148296594, 14.48116024780565],
                    [-93.81130273296594, 15.912407727075784],
                    [-95.10219628765344, 16.16581548928758],
                    [-96.16787011577844, 15.653390676583317],
                    [-97.09621484234094, 15.732716727404004],
                    [-103.51984214329433, 18.27306502337217],
                    [-104.94651697206302, 19.25386002214828],
                    [-105.80345056581302, 20.339229759215335],
                    [-105.25413415956302, 21.232817103124024],
                    [-107.42159229781353, 24.297538858953153],
                    [-109.4702126921366, 25.775356019253863],
                    [-109.3603494108866, 26.524844558467485],
                    [-112.0629861296366, 28.724503724702352],
                    [-113.4033181608866, 31.128101520655143],
                    [-114.6667458952616, 31.587797162519635],
                    [-114.5129373015116, 30.0594868370027],
                    [-113.3703591765116, 28.998431908791776],
                    [-113.2275369108866, 27.64450519616179],
                    [-112.1838357390116, 27.488679839391672],
                    [-110.9094216765116, 25.770110983805868],
                    [-111.4257790983866, 24.886332871889735],
                    [-109.2065408171366, 23.54374041978849],
                    [-109.9316384733866, 22.61390543100367],
                    [-112.2387673796366, 24.71679169517849],
                    [-112.2167947233866, 26.706257817574226],
                    [-114.1174294890116, 26.63753678508855],
                    [-115.2380349577616, 27.80982674847103],
                    [-114.1723611296366, 28.110648009380192],
                    [-115.8642556608866, 30.021882430406098],
                    [-117.1606767963396, 32.53172843254521]
                ],
                [
                    [-109.34360866702576, 27.884658132830413],
                    [-108.34385280765076, 26.870072417029967],
                    [-108.23398952640076, 25.955012162762404],
                    [-106.11362819827576, 23.64143456824613],
                    [-104.99302272952576, 24.594013420071928],
                    [-106.80576687015076, 25.85618850259116],
                    [-107.37705593265076, 27.124589281000553],
                    [-105.86094265140076, 27.212556826048843],
                    [-106.71787624515076, 28.204636367052814],
                    [-107.56382351077576, 27.534509639544265],
                    [-110.87070827640076, 28.7454395212924],
                    [-109.34360866702576, 27.884658132830413]
                ],
                [
                    [-102.4435487515229, 25.406862845162518],
                    [-101.2625184780854, 25.16348593853057],
                    [-102.5534120327729, 23.310278766146418],
                    [-103.1961122280854, 24.61536240405673],
                    [-102.6413026577729, 24.57040860248944],
                    [-102.4435487515229, 25.406862845162518]
                ]
            ]
        },
        "MexicoCity": {
            "size": 2357,
            "radius": 500,