{
    "searchArea": {
        "Malaysia1": {
            "size": 1000,
            "radius": 15000,
            "rings": [
                [
                    [100.10355831636137, 6.353860118805251],
                    [100.19144894136137, 6.714053435114446],
                    [100.80119015229887, 6.424827686242926],
                    [101.16099239839262, 5.523387595614011],
                    [101.82566524995512, 5.739320268035693],
                    [102.09483028901762, 6.247390446081397],
                    [102.38871456636137, 6.1791292388985495],
                    [103.19620968354887, 5.315580565984798],
                    [103.47361446870512, 4.771128887055215],
                    [103.51755978120512, 4.28102537961711],
                    [103.36924435151762, 3.711127593185638],
                    [103.47887626625176, 3.519105497480629],
                    [103.45141044593926, 2.8993544492801804],
                    [103.88537040687676, 2.561908938650024],
                    [104.35713497676429, 1.3612174244401316],
                    [104.12916866817054, 1.309046535360685],
                    [104.06874386348304, 1.435353051462274],
                    [103.69246212520179, 1.4573187071823683],
                    [103.49745480098304, 1.24314491871691],
                    [103.32716671504554, 1.542433570395036],
                    [101.43629811831585, 2.677904907697667],
                    [101.2577702862846, 3.262975133573776],
                    [100.68550044162619, 3.9025494213284873],
                    [100.51246577365744, 4.247743263867299],
                    [100.66352778537619, 4.737869217380513],
                    [100.15993708429001, 5.28034073559034],
                    [100.14345759210251, 5.485425851579411],
                    [100.34670466241501, 5.501829650960991],
                    [100.32473200616501, 5.977337657299119],
                    [100.10355831636137, 6.353860118805251]
                ],
                [
                    [101.27895207563235, 5.461368730846359],
                    [101.26247258344485, 4.684400837854037],
                    [101.69643254438235, 4.832205055673443],
                    [101.71291203656985, 5.03469904063437],
                    [101.91066594281985, 5.001866393890279],
                    [101.80629582563235, 5.5761904483104745],
                    [101.27895207563235, 5.461368730846359]
                ],
                [
                    [102.21828313031985, 4.728197982028439],
                    [102.80055852094485, 5.029227047654838],
                    [103.04225773969485, 3.824358645823851],
                    [102.49843449750735, 4.087402081265215],
                    [102.54787297406985, 4.547517196019418],
                    [102.21828313031985, 4.728197982028439]
                ]
            ]
        },
        "Malaysia2": {
            "size": 915,
            "radius": 15000,
            "rings": [
                [
                    [109.59010930219485, 1.8767926020215704],
                    [110.46901555219485, 0.8224125735799034],
                    [111.92470402875735, 1.0640788609394007],
                    [111.50173039594485, 1.7175692553416477],
                    [115.97526677626438, 4.838934681610819],
                    [118.04405681816029, 4.17763433969309],
                    [118.74168865409779, 4.413176757552969],
                    [118.35716716972279, 4.905926034851358],
                    [119.37889568534779, 5.086511611403469],
                    [119.17015545097279, 5.524081105747418],
                    [118.53844158378529, 5.091983119931063],
                    [118.11546795097279, 6.065123481757874],
                    [117.08275310722279, 6.808114396427752],
                    [117.19261638847279, 7.456739007987353],
                    [116.60484783378529, 6.977171706324959],
                    [115.74242107597279, 5.688723760874318],
                    [115.11070720878529, 5.3087063633942355],
                    [113.94615642753529, 4.591790741407319],
                    [112.92966381059561, 3.204884983326866],
                    [111.28136108304807, 2.796339740659795],
                    [110.94454702270816, 1.5827475199231622],
                    [109.59010930219485, 1.8767926020215704]
                ],
                [
                    [117.72293101041747, 5.641554383598423],
                    [118.06350718229247, 4.49251756773848],
                    [116.63528452604247, 4.755331037490746],
                    [116.55838022916747, 5.789132486343831],
                    [116.98135386197997, 5.18765737238179],
                    [117.72293101041747, 5.641554383598423]
                ],
                [
                    [115.10992036949465, 5.280895198084187],
                    [115.3488730062134, 4.30654416173432],
                    [114.6402548421509, 3.923014579126854],
                    [114.0305136312134, 4.632393048909935],
                    [115.10992036949465, 5.280895198084187]
                ]
            ]
        },
        "KualaLumpur": {
            "size": 1045,
            "radius": 500,
            "rings": [
                [
                    [101.67871446046794, 3.2739159004385376],
                    [101.78995103273357, 3.129259866661208],
                    [101.7528721753117, 3.0963495117570257],
                    [101.83389634523357, 2.961955065029419],
                    [101.68352097902263, 3.0051550945177965],
                    [101.6814610424992, 2.8913228262814625],
                    [101.5715977612492, 2.98321243454216],
                    [101.41023606691326, 2.974298103649217],
                    [101.36217088136638, 3.023668870858762],
                    [101.41504258546794, 3.105262834302764],
                    [101.52147263917888, 3.090178706041744],
                    [101.52627915773357, 3.2033043702368342],
                    [101.67871446046794, 3.2739159004385376]
                ]
            ]
        },
        "SungaiPetani": {
            "size": 120,
            "radius": 400,
            "rings": [
                [
                    [100.46665961243122, 5.6801977307850375],
                    [100.45876318909137, 5.613916357852523],
                    [100.51644141174762, 5.586239940678471],
                    [100.57137305237262, 5.605716074654146],
                    [100.53841406799762, 5.674731513127343],
                    [100.55283362366168, 5.7140187972558625],
                    [100.51575476623981, 5.716410110318789],
                    [100.46665961243122, 5.6801977307850375]
                ]
            ]
        },
        "BukitMertajm": {
            "size": 144,
            "radius": 400,
            "rings": [
                [
                    [100.38014227844684, 5.447952360774171],
                    [100.36331946350543, 5.394633583790692],
                    [100.3997116754195, 5.346437579237396],
                    [100.47009283997028, 5.3259274883188565],
                    [100.47249609924762, 5.295161069378154],
                    [100.52330786682575, 5.3460957500117035],
                    [100.58510596252887, 5.363870616409367],
                    [100.60261542297809, 5.430863522234187],
                    [100.53807074524372, 5.416166733467485],
                    [100.51060492493122, 5.341310120819108],
                    [100.42786414123981, 5.3751505516571],
                    [100.40039832092731, 5.443851083798765],
                    [100.38014227844684, 5.447952360774171]
                ]
            ]
        },
        "JohorBahru": {
            "size": 174,
            "radius": 400,