{
    "searchArea": {
        "Nigeria": {
            "size": 1936,
            "radius": 20000,
            "rings": [
                [
                    [2.6951477642374355, 6.387931169483269],
                    [3.1172906923466703, 7.219116213014011],
                    [3.8780939150029203, 7.589535955165193],
                    [3.2793390321904203, 8.919384135755283],
                    [4.52628727437792, 8.772832967891366],
                    [4.965678584223365, 9.475871974088781],
                    [5.866557490473365, 9.253654028131528],
                    [6.053325068598365, 10.011848062186134],
                    [4.531718623285865, 10.708908379107632],
                    [4.241036350512926, 12.374587227904021],
                    [5.317696506762926, 13.317175018665989],
                    [7.289742405200426, 11.912747558679627],
                    [8.344429905200425, 12.787403886097373],
                    [9.909981663012925, 12.396048520375171],
                    [9.723214084887925, 11.77296542343699],
                    [12.480782444262925, 11.853617692576801],
                    [11.376656467700425, 10.203814792634155],
                    [12.315987522387925, 9.440637948487407],
                    [12.048521370996447, 8.913185489860181],
                    [8.807554574121447, 5.879317458105379],
                    [8.318662972558947, 4.634908537587412],
                    [7.527647347558948, 4.459680675630559],
                    [6.357603402246448, 4.7115571647706185],
                    [5.544615120996448, 5.652508921770405],
                    [5.467710824121448, 6.510074263069341],
                    [4.822264046777698, 6.3353963542200935],
                    [2.6951477642374355, 6.387931169483269]
                ],
                [
                    [5.331209302548325, 12.700054778466072],
                    [4.474275708798325, 12.201206683357277],
                    [4.875276685360825, 10.780116804808145],
                    [6.265047193173325, 10.11566386783369],
                    [7.083528638485825, 9.352284409709998],
                    [7.369173169735825, 9.606937281257622],
                    [7.094514966610825, 10.747737733267622],
                    [7.819612622860825, 11.566910018829967],
                    [7.220857740048325, 11.47002442101729],
                    [6.737459302548325, 12.050829922232957],
                    [5.331209302548325, 12.700054778466072]
                ],
                [
                    [8.753450513485825, 10.547990414301708],
                    [8.671053052548325, 10.007490239322847],
                    [9.698274732235825, 10.402146835100332],
                    [9.077547193173325, 11.572291571667066],
                    [7.880037427548325, 11.136054485726577],
                    [8.753450513485825, 10.547990414301708]
                ],
                [
                    [7.544954419735825, 10.348113343513683],
                    [7.561433911923325, 9.249286408770674],
                    [8.588655591610825, 8.923833087511342],
                    [8.665559888485825, 7.836948181996442],
                    [9.390657544735825, 7.406823325702162],
                    [9.692781568173325, 8.239447683379906],
                    [11.423128247860825, 9.173373827133007],
                    [12.087801099423325, 9.026925227234655],
                    [12.241609693173325, 9.341443944828153],
                    [11.373689771298325, 9.650263520462566],
                    [10.923250318173325, 10.250829638120456],
                    [9.044588208798325, 9.975031103847208],
                    [8.605135083798325, 9.162527843408633],
                    [7.896516919735825, 9.401062316182326],
                    [7.544954419735825, 10.348113343513683]
                ],
                [
                    [5.127962232235825, 9.23844275380279],
                    [4.908235669735825, 8.48944515438565],
                    [5.842073560360825, 8.369901160995763],
                    [6.089265943173325, 7.940330598502618],
                    [6.677034497860825, 8.016490489783067],
                    [6.957185865048325, 8.934686269340244],
                    [6.232088208798325, 9.184219479312992],
                    [6.006868482235825, 8.950965435958924],
                    [5.127962232235825, 9.23844275380279]
                ],
                [
                    [6.808870435360825, 6.292368224648776],
                    [7.204378247860825, 6.385181098310869],
                    [7.319734693173325, 7.481216019359646],
                    [7.792146802548325, 7.61191002504971],
                    [7.671297193173325, 8.742851823397356],
                    [7.023103833798325, 8.710274384088702],
                    [6.808870435360825, 6.292368224648776]
                ]
            ]
        },
        "Lagos": {
            "size": 799,
            "radius": 500,
            "rings": [
                [
                    [3.113756392728342, 6.501681848838554],
                    [3.201990340482248, 6.519419499247617],
                    [3.1954672081580293, 6.579791019106952],
                    [3.2397558434119356, 6.615942206407215],
                    [3.256921981107248, 6.755065359318358],
                    [3.3410360558142793, 6.7332447442688705],
                    [3.3400060875525606, 6.681757847905427],
                    [3.4069540245642793, 6.650726700558275],
                    [3.434076522122873, 6.608098305101241],
                    [3.403864119779123, 6.566489447679428],
                    [3.396654341947092, 6.475074200314595],
                    [3.540849898587717, 6.456993843685587],
                    [3.553552840482248, 6.422195869961243],
                    [3.413477156888498, 6.419807686345286],
                    [3.2246496422400606, 6.433113138027996],
                    [3.0955602867713106, 6.45733498847245],
                    [3.113756392728342, 6.501681848838554]
                ],
                [
                    [3.210230086575998, 6.462793273788488],
                    [3.228254531156076, 6.462110991344191],
                    [3.2462789757361543, 6.481043987277944],
                    [3.284559462796701, 6.484796388635728],
                    [3.2864477379431856, 6.494518389444156],
                    [3.2413007958045137, 6.4938361498968895],
                    [3.2052519066443574, 6.489060447179934],
                    [3.210230086575998, 6.462793273788488]
                ]
            ]
        },
        "Kano": {
            "size": 331,
            "radius": 300,
            "rings": [
                [
                    [8.440713367773268, 12.018381115537402],
                    [8.524484119726393, 12.032484237124068],
                    [8.579415760351393, 12.07546061215861],
                    [8.647393665624831, 12.025096979946735],
                    [8.619927845312331, 11.963976444934477],
                    [8.641213856054518, 11.926692846692747],
                    [8.536157093359206, 11.858494280819022],
                    [8.536157093359206, 11.912920130560565],
                    [8.460282764745925, 11.88839624897132],
                    [8.440713367773268, 12.018381115537402]
                ]
            ]
        },
        "Ibadan": {
            "size": 329,
            "radius": 400,