{
    "searchArea": {
        "Netherlands1": {
            "size": 1562,
            "radius": 900,
            "rings": [
                [
                    [7.208309581428751, 53.243352639299374],
                    [7.191830089241251, 52.95309988486268],
                    [7.080593516975626, 52.82383832572054],
                    [7.047634532600626, 52.63172326793688],
                    [6.730404307991251, 52.64672368904163],
                    [6.695437817944514, 52.48967110210556],
                    [7.064853101147639, 52.405133487531465],
                    [6.978335767163264, 52.17750247689774],
                    [6.683078198803889, 52.050159648983545],
                    [6.839633374585139, 51.981699967550334],
                    [6.724276929272639, 51.893647462915204],
                    [6.300030664961356, 51.85010860718043],
                    [5.944348291914481, 51.83229056007897],
                    [6.220379786055106, 51.51662507702544],
                    [6.212140039961356, 51.34538787893582],
                    [5.953961329023856, 51.030360172998876],
                    [5.910016016523856, 51.06791478333296],
                    [5.866757349531668, 51.05281026772464],
                    [5.898343042891043, 50.978943053246915],
                    [5.991040186445731, 50.985859595697555],
                    [6.090081119635817, 50.8665664453121],
                    [5.974724674323317, 50.802384804823134],
                    [6.024163150885817, 50.75723138128699],
                    [5.68152704248738, 50.76678670311163],
                    [5.639641666510817, 50.87349971493669],
                    [5.757058048346755, 50.95705105045052],
                    [5.82434930811238, 51.168072205144846],
                    [5.55754969137765, 51.22621743260332],
                    [5.51909754294015, 51.295826307038816],
                    [5.399464957854616, 51.26974199482744],
                    [5.224370353362429, 51.27103078575429],
                    [5.075368278167116, 51.3954433320033],
                    [5.090830988792949, 51.47396747028475],
                    [5.022853083519512, 51.4889341990923],
                    [4.927008906805916, 51.39906013360595],
                    [4.825385371649666, 51.425184637783445],
                    [4.837744990790291, 51.48508608080351],
                    [4.769784925610496, 51.50987460972802],
                    [4.653741834790184, 51.42860492800452],
                    [4.527399061352684, 51.43117355274807],
                    [4.540463995950148, 51.48052082924575],
                    [4.3804755926298355, 51.4548558385143],
                    [4.422360968606398, 51.370058917918215],
                    [4.239105434993489, 51.37065242016994],
                    [4.152753726212426, 51.289993605471366],
                    [3.8952616607827384, 51.205321178441075],
                    [3.787458316056176, 51.217365343083415],
                    [3.792951480118676, 51.26207323493228],
                    [3.5854339309211003, 51.30828680197193],
                    [3.5099029250617253, 51.2872490965461],
                    [3.5236358352179753, 51.24858329334458],
                    [3.436431855725788, 51.24385524172096],
                    [3.362751294249815, 51.31257902673407],
                    [3.365497876281065, 51.373485295177325],
                    [3.50694685089044, 51.41033284371065],
                    [3.53441267120294, 51.45913153452571],
                    [3.423176098937315, 51.53394040164498],
                    [3.56680091417648, 51.59727488832137],
                    [3.669797740348355, 51.60154002729845],
                    [3.708249888785855, 51.669727782972366],
                    [3.6759775499186675, 51.710591238299386],
                    [3.8133066514811675, 51.74844211918652],
                    [3.8582507984453462, 51.81996459512406],
                    [4.061497868757846, 51.85178629783515],
                    [3.9447681324297212, 51.963619859404126],
                    [3.9881399743070522, 51.99269632373181],
                    [4.080150472353927, 51.98212482212318],
                    [4.381544789651395, 52.20051022569951],
                    [4.516127309182645, 52.3748179252908],
                    [4.61363097129202, 52.57932764116364],
                    [4.645903310159207, 52.774580775292236],
                    [4.716674516014763, 52.96357012731433],
                    [4.709808060936638, 53.07096780937203],
                    [4.942300053626147, 53.27395171675995],
                    [5.248543950110522, 53.41087452480983],
                    [5.687997075110522, 53.468136606196694],
                    [6.209847661048022, 53.5089908580502],
                    [6.224953862219897, 53.4141487227768],
                    [6.767403813391772, 53.47304119429517],
                    [6.877267094641772, 53.45423719519267],
                    [6.912972661048022, 53.3527155588722],
                    [7.208309581428751, 53.243352639299374]
                ],
                [
                    [5.570520949425277, 52.60984127340645],
                    [5.602106642784652, 52.803712986845554],
                    [5.326075148644027, 52.87588212190396],
                    [5.335688185753402, 53.066096874707895],
                    [5.058283400597152, 52.927239830841714],
                    [5.332941603722152, 52.70896491609143],
                    [5.161280226769027, 52.61734587772202],
                    [5.025324416222152, 52.625682818416834],
                    [5.147547316612777, 52.400027684556974],
                    [5.570520949425277, 52.60984127340645]
                ],
                [
                    [5.377680323477048, 53.11374264684311],
                    [4.920374415273923, 52.909661077116006],
                    [4.806391260977048, 52.92373811108877],
                    [4.806391260977048, 53.01388804768991],
                    [4.913507960195798, 53.05847985826662],
                    [4.886042139883298, 53.22076664230656],
                    [5.433985255117673, 53.40946348117693],
                    [6.156336329336423, 53.45936927371956],
                    [6.160456202383298, 53.42092245151813],
                    [5.876184962148923, 53.40045783834769],
                    [5.420252344961423, 53.23638626043204],
                    [5.377680323477048, 53.11374264684311]
                ]
            ]
        },
        "Amsterdam": {
            "size": 181,
            "radius": 200,
            "rings": [
                [
                    [4.898058436270016, 52.331702515496936],
                    [4.871279261465329, 52.272289030150205],
                    [4.807421229238766, 52.27502001856341],
                    [4.850679896230954, 52.33526898548478],
                    [4.786821864004391, 52.32729647904952],
                    [4.751116297598141, 52.35351641859022],
                    [4.832140467520016, 52.40423404374054],
                    [4.791285059805173, 52.467862912591706],
                    [4.962603114004391, 52.398787835586994],
                    [5.001741907949704, 52.291192423309674],
                    [4.948526881094235, 52.288462431456544],
                    [4.898058436270016, 52.331702515496936]
                ]
            ]
        },
        "Rotterdam": {
            "size": 195,
            "radius": 200,