{
    "searchArea": {
        "Norway1": {
            "size": 751,
            "radius": 9000,
            "rings": [
                [
                    [29.12600038683177, 69.07551970284024],
                    [29.15346620714427, 69.68102987488074],
                    [27.93947694933177, 70.09654882740186],
                    [27.043112714406593, 69.91278652838501],
                    [26.526755292531593, 69.95425125379286],
                    [25.79906233148372, 69.43528191982878],
                    [25.68095930413997, 68.90992094433871],
                    [25.023650095866, 69.41041616586753],
                    [23.265837595866, 68.9969594835344],
                    [23.34988402755892, 68.65260632258155],
                    [21.74588012130892, 69.57677830004755],
                    [20.76740697361892, 69.11081835779254],
                    [19.78962377049392, 68.6996035748098],
                    [18.27900365330642, 68.60762481180399],
                    [17.590602720333848, 68.15398963558884],
                    [16.739162290646348, 68.25189615358558],
                    [15.82729705627135, 67.45155948090377],
                    [16.151393735958848, 67.112133524646],
                    [15.348858305836712, 66.31964081322674],
                    [14.533123442555462, 66.12474002137806],
                    [14.499739986837787, 65.42993282888963],
                    [13.653792721212787, 64.57931826474625],
                    [14.104232174337787, 64.4611626478397],
                    [14.03311299699273, 64.05436464178456],
                    [13.13223409074273, 64.31867391592213],
                    [12.14895772355523, 63.58908464638413],
                    [11.94394405464536, 62.90345154576134],
                    [12.252049479318611, 62.04923729100774],
                    [12.139870539635606, 61.709201292295496],
                    [12.881447688073106, 61.355724941878236],
                    [12.667214289635606, 61.04345428504211],
                    [12.255226984948106, 61.01418634793364],
                    [12.628762141198106, 60.4366861553256],
                    [12.485939875573106, 60.04131820146209],
                    [11.876198664635606, 59.81561263177029],
                    [11.700417414635606, 59.56054963528973],
                    [11.789098596311408, 59.14736804265542],
                    [11.624303674436408, 58.88153752580029],
                    [11.465001916623908, 58.88153752580029],
                    [11.366124963498908, 59.119185761339196],
                    [11.053014611936408, 58.99207823584515],
                    [10.695958947873908, 59.12200503320576],
                    [9.498449182248908, 58.80480177201546],
                    [8.26967793680343, 58.11499097482165],
                    [7.46767598367843, 57.972529842588585],
                    [6.710389127667122, 58.01100656982255],
                    [5.545838346417122, 58.57970749841223],
                    [5.007508268292122, 59.422726175703794],
                    [4.562561979229622, 61.296105944627634],
                    [5.013001432354622, 62.252077349236295],
                    [8.454077437622542, 63.85541434950925],
                    [9.565943085433139, 63.88059792296508],
                    [10.719507538558139, 64.98051961326384],
                    [11.488550507308139, 65.11954904528234],
                    [12.095859425680002, 66.59725010088877],
                    [15.262243848235947, 68.16622091794571],
                    [11.922400098235947, 67.43994041394451],
                    [14.350597997080579, 68.9692919364808],
                    [19.514172215830577, 70.3067624650421],
                    [25.732433934580577, 71.22585156331786],
                    [28.347180028330577, 71.11237597905486],
                    [31.467297215830577, 70.41752872064909],
                    [30.86599114718125, 69.63756668183835],
                    [29.12600038683177, 69.07551970284024]
                ]
            ]
        },
        "Oslo": {
            "size": 343,
            "radius": 350,
            "rings": [
                [
                    [10.46053965264479, 59.79516728861276],
                    [10.39187510186354, 59.83107437410617],
                    [10.479079081355728, 59.8903743193971],
                    [10.433760477840103, 59.92996359934404],
                    [10.667219950496353, 59.985996263731344],
                    [10.83956797295729, 59.95678859833842],
                    [10.885573221980728, 59.976034190453085],
                    [11.08401377373854, 59.95300690011903],
                    [10.956984354793228, 59.89691841276864],
                    [10.904799296199478, 59.933403914736466],
                    [10.857420756160415, 59.910002732716535],
                    [10.849867655574478, 59.8131256668794],
                    [10.774336649715103, 59.80207550189823],
                    [10.777083231746353, 59.86797688149603],
                    [10.722838236629165, 59.90518279356445],
                    [10.546370341121353, 59.86625337652669],
                    [10.46053965264479, 59.79516728861276]
                ]
            ]
        },
        "Bergen": {
            "size": 77,
            "radius": 350,
            "rings": [
                [
                    [5.247342412477973, 60.28208513849818],
                    [5.2572987723412545, 60.346695498804095],
                    [5.2998707938256295, 60.38014058794431],
                    [5.260731999880317, 60.36401652944616],
                    [5.250775640017036, 60.396256669215155],
                    [5.311543767458442, 60.38811480397591],
                    [5.321156804567817, 60.418805786340535],
                    [5.366818730837348, 60.384552097672234],
                    [5.383298223024848, 60.29705891095389],
                    [5.247342412477973, 60.28208513849818]
                ]
            ]
        },
        "Trondheim": {
            "size": 86,
            "radius": 200,
            "rings": [
                [
                    [10.352994256501281, 63.432523113167726],
                    [10.3155720763255, 63.40517788753281],
                    [10.317288690095031, 63.34948517521648],
                    [10.369473748688781, 63.323447990683825],
                    [10.452214532380188, 63.399797948194454],
                    [10.618726068024719, 63.43743634315591],
                    [10.6012166075755, 63.44403716914611],
                    [10.5462849669505, 63.431141115405104],
                    [10.451871209626281, 63.456927417947085],
                    [10.352994256501281, 63.432523113167726]
                ]
            ]
        },
        "Stavanger": {
            "size": 106,
            "radius": 300,
            "rings": [
                [
                    [5.764560233176241, 58.81251290946978],
                    [5.690402518332491, 58.808957000773894],
                    [5.71340514284421, 58.883199715361684],
                    [5.635814200461398, 58.87610203370923],
                    [5.683879386008273, 58.92912197006931],
                    [5.64199401003171, 59.01459785029979],
                    [5.720614920676241, 58.98382972357415],
                    [5.709285269797335, 59.011769745175634],
                    [5.758380423605929, 59.00575924995969],
                    [5.770396719992648, 58.96241728427301],
                    [5.746020804465304, 58.87290760180429],
                    [5.782413016379366, 58.852846929558616],
                    [5.764560233176241, 58.81251290946978]
                ]
            ]
        },
        "Kristiansand": {
            "size": 35,
            "radius": 250,