{
    "searchArea": {
        "Nepal1": {
            "size": 251,
            "radius": 3000,
            "rings": [
                [
                    [86.73419233969959, 27.677930382535916],
                    [86.64012190512928, 27.832879178335567],
                    [86.73144575766834, 27.837129562865965],
                    [86.67531248740467, 28.009090981258296],
                    [86.76869627646717, 27.955123819687028],
                    [86.83238264731678, 27.98408146940597],
                    [86.81864973716053, 27.86729375519849],
                    [86.73007246665271, 27.810522808096863],
                    [86.73419233969959, 27.677930382535916]
                ]
            ]
        }
    }
}
