{
    "searchArea": {
        "NewZaeland1": {
            "size": 515,
            "radius": 10000,
            "rings": [
                [
                    [167.45675128323126, -46.19722421746122],
                    [167.43477862698126, -45.33119491048945],
                    [167.7890877090125, -44.64745106840575],
                    [168.44277423245, -44.70409055157687],
                    [168.50731891018438, -45.033060631801945],
                    [169.04770892483282, -44.74116916108253],
                    [169.2327598891883, -44.04248482364427],
                    [168.51143878323126, -44.01088743417226],
                    [170.83504718166876, -42.8641837788503],
                    [171.46246300697396, -41.74729452655286],
                    [172.01727257728646, -41.37325846767565],
                    [172.1000355331756, -40.79137914091137],
                    [172.7097767441131, -40.44947918273025],
                    [173.3634632675506, -41.119114041174],
                    [173.8468617050506, -40.84957734315542],
                    [174.2808216659881, -41.17702386370826],
                    [174.2478626816131, -41.89248738186698],
                    [172.8251331894256, -43.379523483019064],
                    [173.2096546738006, -43.836926927046136],
                    [172.8965443222381, -43.931946255213916],
                    [172.5120228378631, -43.809184408195726],
                    [171.4024036972381, -44.27118739757652],
                    [171.1716908066131, -44.96558195669364],
                    [170.6937855331756, -45.92135819971912],
                    [169.3479603378631, -46.691659574865696],
                    [168.33290184184278, -46.6338236069929],
                    [167.45675128323126, -46.19722421746122]
                ],
                [
                    [172.8756140944161, -41.86825529436895],
                    [172.44440071550986, -41.722872052119975],
                    [172.4471472975411, -42.55178880805458],
                    [173.5567664381661, -42.324766276166166],
                    [174.03741829363486, -41.845752720048296],
                    [173.31232063738486, -41.66955063758182],
                    [172.8756140944161, -41.86825529436895]
                ],
                [
                    [171.63690559832236, -42.434326247730084],
                    [171.76874153582236, -42.584153446392214],
                    [171.5957068678536, -42.68720365027191],
                    [171.7824744459786, -42.98327561839599],
                    [171.82367317644736, -43.28392711752419],
                    [172.5679969069161, -43.1257682254115],
                    [172.4801062819161, -42.85454788866514],
                    [172.7053260084786, -42.624585629074176],
                    [172.3537635084786, -42.60437281779675],
                    [171.84564583269736, -42.184494850865505],
                    [171.63690559832236, -42.434326247730084]
                ],
                [
                    [171.18097298113486, -42.94508764290448],
                    [170.86786262957236, -42.97925694782372],
                    [170.2114295241036, -43.461614845000014],
                    [169.09906380144736, -43.88673244534855],
                    [169.45062630144736, -43.948065140814776],
                    [169.36822884050986, -44.65763837726599],
                    [169.87359993425986, -44.44233348082268],
                    [169.7774695631661, -44.22032735334155],
                    [170.0081824537911, -44.196702123314616],
                    [170.0850867506661, -43.67057689747335],
                    [170.2663611647286, -43.916417450171465],
                    [170.87884895769736, -43.94608765354447],
                    [171.1013221022286, -44.07448748222067],
                    [171.12604134050986, -43.58310008267525],
                    [171.3869666334786, -43.62287805255102],
                    [171.4968299147286, -43.335889719375956],
                    [171.7220496412911, -43.33389197923954],
                    [171.4199256178536, -42.77798857001226],
                    [171.18097298113486, -42.94508764290448]
                ]
            ]
        },
        "NewZaeland2": {
            "size": 600,
            "radius": 8000,