{
    "searchArea": {
        "Peru": {
            "size": 1618,
            "radius": 15000,
            "rings": [
                [
                    [-80.28707985131763, -3.354379136438399],
                    [-80.18545631616138, -3.71486701935802],
                    [-81.17285255639575, -4.486044848673711],
                    [-80.86660865991138, -4.8036016052624015],
                    [-80.42440895288013, -4.480568492867222],
                    [-79.97671608178638, -4.386094941318243],
                    [-79.66635231225513, -4.6311531600014],
                    [-79.51529030053638, -5.8291253020647025],
                    [-79.11154274194263, -4.962325149817844],
                    [-76.00515846459888, -5.771742397609744],
                    [-75.990052263427, -6.657761370514653],
                    [-73.21188453881763, -3.6545671278773884],
                    [-73.55795387475513, -4.565447367885837],
                    [-76.74270080643248, -7.441769109605457],
                    [-76.97341369705748, -6.252822612673995],
                    [-77.76442932205748, -5.941483848424932],
                    [-77.52822326736998, -8.285195422366417],
                    [-74.46303772049498, -8.263451493220957],
                    [-74.86953186111998, -10.74997993567004],
                    [-74.00161193924498, -11.095173012924917],
                    [-74.74868225174498, -12.160481599987712],
                    [-71.27256756618141, -13.239429309943093],
                    [-69.56968670680641, -10.940671148201165],
                    [-68.71275311305641, -12.4038710391678],
                    [-70.23985272243141, -13.538685120949651],
                    [-69.30601483180641, -15.453169111478026],
                    [-69.0070845183875, -16.537288944997684],
                    [-70.385868698075, -18.40255552288819],
                    [-75.2308394012, -15.364784182872656],
                    [-76.44173553105156, -13.851309782641586],
                    [-79.97859527221652, -6.85053092298042],
                    [-81.09920074096652, -5.889714677693525],
                    [-81.40681792846652, -4.281135284403722],
                    [-80.28707985131763, -3.354379136438399]
                ],
                [
                    [-74.73553572741378, -14.745986526936163],
                    [-73.46112166491378, -13.835733773619141],
                    [-74.43890486803878, -13.41398699517961],
                    [-75.55951033678878, -13.974370636926112],
                    [-74.73553572741378, -14.745986526936163]
                ],
                [
                    [-73.76599227038253, -15.818998753653439],
                    [-71.47808943835128, -15.382509753265238],
                    [-72.39544783678878, -13.536851523601399],
                    [-73.11505232897628, -14.629085951674046],
                    [-74.91406355944504, -15.051224676465685],
                    [-73.76599227038253, -15.818998753653439]
                ]
            ]
        },
        "Lima": {
            "size": 991,
            "radius": 600,
            "rings": [
                [
                    [-76.83497688214175, -12.3178856050299],
                    [-77.04440376202456, -12.201804995999707],
                    [-77.02929756085268, -12.14475250274049],
                    [-77.08560249249331, -12.095744716612506],
                    [-77.17005988995425, -12.074594744193547],
                    [-77.14259406964175, -12.041019930820521],
                    [-77.13538531744024, -11.912041933279195],
                    [-77.17589740240118, -11.832078966518024],
                    [-77.1384752222254, -11.793769084615676],
                    [-76.99359302007696, -11.83611127382761],
                    [-77.0286119409754, -11.971159082478357],
                    [-76.94930438482305, -11.872399361131343],
                    [-76.92767505132696, -11.906667007895127],
                    [-76.99153308355352, -11.99735459666347],
                    [-76.88819293462774, -11.961754944828737],
                    [-76.86690692388555, -12.038321962480316],
                    [-76.95627764834671, -12.115590714004133],
                    [-76.90306262149124, -12.201174245827783],
                    [-76.84401110781937, -12.19446280825888],
                    [-76.83497688214175, -12.3178856050299]
                ]
            ]
        },
        "Arequipa": {
            "size": 296,
            "radius": 300,
            "rings": [
                [
                    [-71.63206843704774, -16.286360361427576],
                    [-71.57198695511414, -16.317335230484645],
                    [-71.52495173782899, -16.298223655828416],
                    [-71.44942073196961, -16.501435321579883],
                    [-71.5091588911493, -16.509006363717766],
                    [-71.55962733597352, -16.46456340473325],
                    [-71.61627559036805, -16.45797839538035],
                    [-71.65060786575867, -16.412865074168465],
                    [-71.59533290237977, -16.37367055641001],
                    [-71.64751796097352, -16.330185067773836],
                    [-71.63206843704774, -16.286360361427576]
                ]
            ]
        },
        "Trujillo": {
            "size": 154,
            "radius": 300,
            "rings": [
                [
                    [-79.12648552180275, -8.086839340008178],
                    [-79.041341478834, -8.159573232862904],
                    [-78.9421212029551, -8.077321782703539],
                    [-79.008382494459, -8.041968893187441],
                    [-79.0361916375254, -8.064064811175264],
                    [-79.06743400813087, -8.002533188458743],
                    [-79.09489982844337, -8.064064811175264],
                    [-79.12648552180275, -8.086839340008178]
                ]
            ]
        },
        "Chiclayo": {
            "size": 42,
            "radius": 250,
            "rings": [
                [
                    [-79.83239314443306, -6.784310798114631],
                    [-79.82870242482858, -6.812691448431417],
                    [-79.85445163137155, -6.809282449918143],
                    [-79.85822818166451, -6.788487034952967],
                    [-79.88071582204537, -6.792578007334512],
                    [-79.89427707082467, -6.778088990362169],
                    [-79.85101840383248, -6.739563135279998],
                    [-79.8135962236567, -6.745018310061826],
                    [-79.81488368398384, -6.767435023523735],
                    [-79.83239314443306, -6.784310798114631]
                ]
            ]
        },
        "Piura": {
            "size": 49,
            "radius": 250,
            "rings": [
                [
                    [-80.69035980127478, -5.1824710301481165],
                    [-80.63079330347205, -5.211875402399291],
                    [-80.62976333521033, -5.228115599823996],
                    [-80.61070892236853, -5.227431810522466],
                    [-80.62049362085486, -5.219568179916171],
                    [-80.61517211816931, -5.196489564857712],
                    [-80.59319946191931, -5.199395807434053],
                    [-80.58221313379431, -5.180419511149689],
                    [-80.60847732446814, -5.183154868333868],
                    [-80.61877700708533, -5.157510430533977],
                    [-80.65911743066931, -5.145713640937828],
                    [-80.69035980127478, -5.1824710301481165]
                ]
            ]
        },
        "Huancayo": {
            "size": 27,
            "radius": 150,