{
    "searchArea": {
        "Philippines1": {
            "size": 2036,
            "radius": 15000,
            "rings": [
                [
                    [119.82184106076227, 16.521143139904314],
                    [120.27228051388727, 16.09409910944701],
                    [120.29974633419977, 17.66573229790312],
                    [120.65680199826227, 18.82388428523465],
                    [121.95318871701227, 18.318795345202787],
                    [122.24432641232477, 18.615781565350904],
                    [122.29925805294977, 16.315645605712817],
                    [121.33246117794977, 15.152454085108904],
                    [122.06854516232477, 14.892488219775748],
                    [122.09601098263727, 14.238548284865592],
                    [122.63434106076227, 14.414185342733775],
                    [124.45807152951227, 14.05211718059835],
                    [124.2780074063669, 12.681349112084392],
                    [125.3381880704294, 12.61167046357744],
                    [125.8929976407419, 10.939314092222006],
                    [125.17081316438274, 11.019549117954],
                    [125.39603289094524, 9.939258210045814],
                    [126.30789812532024, 9.267655618429938],
                    [126.6569452971154, 7.390710567157586],
                    [126.1955195158654, 6.152485712637426],
                    [125.8933954924279, 6.954697556756425],
                    [125.4679929551671, 6.694885366388418],
                    [125.8085691270421, 6.154479492878205],
                    [125.4075681504796, 5.449495975305037],
                    [123.9903318223546, 6.263698279353572],
                    [124.0617429551671, 7.468957663948796],
                    [123.6222898301671, 7.752085721644208],
                    [123.4520017442296, 7.305530628205769],
                    [122.5840818223546, 7.632323609753026],
                    [122.1940671739171, 6.782168831877825],
                    [121.7601072129796, 7.022116239361883],
                    [122.2105466661046, 8.00238671906636],
                    [123.2872068223546, 8.746920040930723],
                    [122.2874509629796, 9.690374289165216],
                    [122.59028006646369, 10.322658058396367],
                    [121.84870291802619, 10.392905486319087],
                    [121.79377127740119, 12.599770202285082],
                    [121.14557791802619, 12.073873013639117],
                    [120.26667166802619, 13.423988555672848],
                    [120.54132987115119, 14.273781767306009],
                    [119.95905448052619, 14.869223731770099],
                    [119.71735526177619, 16.039295930212965],
                    [119.82184106076227, 16.521143139904314]
                ],
                [
                    [123.98784547419372, 8.466718898181893],
                    [124.52617555231872, 8.705709051263694],
                    [124.64153199763122, 9.362133231932741],
                    [125.41606813044372, 9.05848237748207],
                    [125.30620484919372, 9.833347676392371],
                    [124.72942262263122, 10.103859031932183],
                    [124.54265504450622, 9.584281416616172],
                    [123.87798219294372, 9.55178092730552],
                    [123.75163941950622, 9.047632905469897],
                    [123.24626832575622, 9.05848237748207],
                    [123.98784547419372, 8.466718898181893]
                ],
                [
                    [121.60707609789154, 13.121033165552426],
                    [121.57686369554779, 12.861434075451328],
                    [122.77437346117279, 12.497008546127116],
                    [122.71944182054779, 12.207244626381247],
                    [122.18385832445404, 12.443372828431778],
                    [122.01357023851654, 11.96553195080295],
                    [123.10121672289154, 11.597177696839097],
                    [123.22206633226654, 13.244046584171077],
                    [122.57936613695404, 13.780825852674573],
                    [122.76888029711029, 13.080906751186477],
                    [122.37886564867279, 13.431121530790236],
                    [121.92018644945404, 13.115683354971583],
                    [121.70869963304779, 13.569997242410919],
                    [122.18385832445404, 13.604703512645393],
                    [121.70320646898529, 13.871503859117478],
                    [121.25276701586029, 13.492557292118704],
                    [121.60707609789154, 13.121033165552426]
                ],
                [
                    [123.41081520568592, 11.633046760435573],
                    [123.12517067443594, 11.094501323159923],
                    [123.60582252990469, 10.88959082501547],
                    [123.69371315490469, 11.363901211479162],
                    [123.86949440490469, 11.18881985783117],
                    [124.27873512756094, 11.509271760496288],
                    [123.48771950256094, 12.154442502247548],
                    [123.13066383849842, 11.80247530189822],
                    [123.41081520568592, 11.633046760435573]
                ]
            ]
        },
        "Philippines2": {
            "size": 200,
            "radius": 6000,
            "rings": [
                [
                    [119.48620643495872, 11.470012163846881],
                    [119.61804237245872, 11.303075825463738],
                    [119.51092567323997, 10.272438524714522],
                    [118.34161285631762, 9.14585342741597],
                    [117.44073395006762, 8.431989077792753],
                    [117.28692535631762, 8.546081673353708],
                    [118.00652984850512, 9.002106336314073],
                    [117.95159820788012, 9.251592571691594],
                    [119.30893555617808, 10.668367411994312],
                    [119.29245606399058, 11.164591787604195],
                    [119.48620643495872, 11.470012163846881]
                ]
            ]
        },
        "Manila": {
            "size": 1243,
            "radius": 400,
            "rings": [
                [
                    [120.84055646952635, 14.414143649928628],
                    [121.15847333964354, 14.269785332418719],
                    [121.05616315897947, 14.389536141814832],
                    [121.07195600565916, 14.503239972449451],
                    [121.12826093729979, 14.531158320927915],
                    [121.20379194315916, 14.450717357581686],
                    [121.21271833476072, 14.652097011386362],
                    [121.1399339109326, 14.646118090314303],
                    [121.1728928953076, 14.770977144695792],
                    [121.07676252421385, 14.720510810770952],
                    [121.10491499003416, 14.854619179571968],
                    [120.99436506327635, 14.88647430553686],
                    [120.92158063944822, 14.803508438927194],
                    [120.93050703104979, 14.676011063885467],
                    [120.98166212138182, 14.560070036480358],
                    [120.97857221659666, 14.487617455850945],
                    [120.84055646952635, 14.414143649928628]
                ]
            ]
        },
        "Davao": {
            "size": 263,
            "radius": 400,
            "rings": [
                [
                    [125.49082701987838, 6.983908487447491],
                    [125.54507201499558, 7.043881104392964],
                    [125.58043425864793, 7.0374071600713215],
                    [125.61098998374558, 7.048310593172002],
                    [125.66454833335496, 7.124627419996497],
                    [125.64566558189011, 7.213874722623611],
                    [125.58798735923386, 7.131100139667519],
                    [125.45306151694871, 7.147451865907218],
                    [125.49082701987838, 6.983908487447491]
                ]
            ]
        },
        "Zamboanga": {
            "size": 37,