{
    "searchArea": {
        "Poland1": {
            "size": 1539,
            "radius": 2000,
            "rings": [
                [
                    [14.203681525596359, 53.935818133137666],
                    [16.20593982637761, 54.32527320639783],
                    [16.52235838676775, 54.5619768166286],
                    [16.90138670708025, 54.61290589459136],
                    [17.2556957891115, 54.75104766979624],
                    [18.36256834770525, 54.86659730294208],
                    [18.6729321172365, 54.419995289988655],
                    [19.23055721850114, 54.359545098375996],
                    [19.63430477709489, 54.45066806944745],
                    [21.288472082223844, 54.33393031811867],
                    [22.94813255141534, 54.36754644365363],
                    [23.50843528579034, 54.14291909599663],
                    [23.59083274672784, 53.62813729239621],
                    [23.91492942641534, 53.15643476637297],
                    [23.93140891860284, 52.689481774271066],
                    [23.46448997329034, 52.546074319720184],
                    [23.17884544204034, 52.264572818019396],
                    [23.70069602797784, 52.04888850874293],
                    [23.54139427016534, 51.59049647661815],
                    [23.71717552016534, 51.22385980918503],
                    [24.12916282485284, 50.857746912126],
                    [23.96986106704034, 50.80570467441858],
                    [24.10169700454034, 50.600441927123235],
                    [24.00831321547784, 50.401283284769896],
                    [23.710796877831175, 50.38032443634541],
                    [22.661602541893675, 49.52680991394682],
                    [22.893510013416716, 48.99653114260004],
                    [22.042069583729216, 49.21948376762232],
                    [21.926713138416716, 49.359215085640564],
                    [21.273026614979216, 49.45214934092951],
                    [20.926957279041716, 49.31626301334194],
                    [20.696244388416716, 49.41999969714003],
                    [20.317216068104216, 49.402129677254315],
                    [20.070023685291716, 49.183591419926266],
                    [19.789872318104216, 49.215895705066174],
                    [19.482255130604216, 49.59122100991441],
                    [19.042802005604216, 49.402129677254315],
                    [18.526444583729216, 49.89649508304429],
                    [18.048539310291716, 50.03782890399936],
                    [17.861771732166716, 49.98134517452675],
                    [17.625565677479216, 50.154117007161496],
                    [17.768387943104216, 50.259588633501835],
                    [16.889481693104216, 50.43835572717745],
                    [16.999344974354216, 50.252564442691785],
                    [16.691727786854216, 50.10834023350636],
                    [16.224808841541716, 50.43485695752587],
                    [16.450028568104216, 50.58855827241808],
                    [15.367875247791716, 50.807760041721515],
                    [15.236039310291716, 50.99828962216289],
                    [14.857010989979216, 50.88059972307368],
                    [15.043778568104216, 51.27403296105799],
                    [14.590641059940669, 51.830311592745645],
                    [14.744449653690669, 52.063939568255634],
                    [14.541202583378169, 52.41042737014461],
                    [14.618106880253169, 52.59100153288039],
                    [14.101749458378169, 52.88036838685016],
                    [14.442325630253169, 53.24020205121426],
                    [14.203681525596359, 53.935818133137666]
                ]
            ]
        },
        "Warsaw": {
            "size": 558,
            "radius": 400,
            "rings": [
                [
                    [20.769761811631827, 52.17520893791796],
                    [20.923570405381827, 52.271532822629894],
                    [20.928376923936515, 52.37016334627771],
                    [21.068452607530265, 52.35842315946746],
                    [21.184495698350577, 52.261027273652125],
                    [21.330064546006827, 52.24841732887881],
                    [21.19342208995214, 52.19920428474511],
                    [21.31427169932714, 52.10019271902633],
                    [21.244920503038077, 52.073611758669614],
                    [21.14398361338964, 52.17352456766092],
                    [21.03137375010839, 52.12212063284225],
                    [20.769761811631827, 52.17520893791796]
                ]
            ]
        },
        "Krakow": {
            "size": 123,
            "radius": 200,
            "rings": [
                [
                    [19.859554821389796, 50.070696941074445],
                    [19.914486462014796, 50.053726301704714],
                    [19.88118415488589, 50.00366103236623],
                    [19.913456493753078, 49.99174354785405],
                    [20.071041637796046, 50.011163118317185],
                    [19.98727088584292, 50.027928252998485],
                    [20.070354992288234, 50.06055935901955],
                    [20.016109997171046, 50.10528081482911],
                    [19.877750927346828, 50.09779343046232],
                    [19.859554821389796, 50.070696941074445]
                ]
            ]
        },
        "Lodz": {
            "size": 196,
            "radius": 200,
            "rings": [
                [
                    [19.412833362642008, 51.73972200909341],
                    [19.332495838227945, 51.735469861007104],
                    [19.410086780610758, 51.758001686768466],
                    [19.32013621908732, 51.79156600302509],
                    [19.35034862143107, 51.82552974804281],
                    [19.502097278657633, 51.82340776372331],
                    [19.55805888754435, 51.755238954265955],
                    [19.48819270712443, 51.683667862574175],
                    [19.344168811860758, 51.64139522864503],
                    [19.288550525727945, 51.662270274188025],
                    [19.419699817720133, 51.704417057252556],
                    [19.412833362642008, 51.73972200909341]
                ]
            ]
        },
        "Poznan": {
            "size": 178,
            "radius": 250,
            "rings": [
                [
                    [16.845165309637263, 52.48458010660912],
                    [16.963954982488826, 52.4787256185591],
                    [16.956745204656794, 52.42139414871766],
                    [17.107463893621638, 52.413646588118304],
                    [17.008243617742732, 52.33546675112095],
                    [16.96361165973492, 52.37090586199435],
                    [16.881557521551326, 52.314483479826265],
                    [16.803623256414607, 52.34511571433035],
                    [16.884647426336482, 52.427884300151106],
                    [16.845165309637263, 52.48458010660912]
                ]
            ]
        },
        "Gdansk": {
            "size": 94,
            "radius": 200,
            "rings": [
                [
                    [18.557177761829205, 54.462923424467775],
                    [18.59254000548155, 54.42918568475803],
                    [18.644038418567487, 54.408010549014925],
                    [18.696566799915143, 54.40161590552536],
                    [18.70188830260069, 54.34181776128526],
                    [18.63099215391905, 54.316892849336114],
                    [18.52507708433897, 54.34722117081544],
                    [18.593398312366315, 54.37112773294929],
                    [18.553916195667096, 54.403114739550794],
                    [18.558946282381967, 54.424415801252565],
                    [18.54212346744056, 54.44837724320668],
                    [18.557177761829205, 54.462923424467775]
                ]
            ]
        },
        "Szczecin": {
            "size": 65,
            "radius": 150,