{
    "searchArea": {
        "SaintPierre": {
            "size": 5,
            "radius": 500,
            "rings": [
                [
                    [-56.19048347243079, 46.776045932583365],
                    [-56.170442006671514, 46.78888811550006],
                    [-56.16782417067298, 46.781071499415],
                    [-56.146945855701055, 46.79120937310935],
                    [-56.13888313540229, 46.79258298156968],
                    [-56.15128835209617, 46.78113394868378],
                    [-56.157427928531256, 46.783437174050455],
                    [-56.15947981842765, 46.77399956960991],
                    [-56.18195941218146, 46.76385478028485],
                    [-56.18165095814475, 46.77446248796801],
                    [-56.19048347243079, 46.776045932583365]
                ]
            ]
        },
        "Miquelon": {
            "size": 1,
            "radius": 100,
            "rings": [
                [
                    [-56.3830797363716, 47.108874796575314],
                    [-56.367486680784616, 47.09449147008575],
                    [-56.38207789782563, 47.09741302921351],
                    [-56.3830797363716, 47.108874796575314]
                ]
            ]
        }
    }
}
