{
    "searchArea": {
        "PictarinIslands1": {
            "size": 5,
            "radius": 500,
            "rings": [
                [
                    [-128.35086401813504, -24.3553723022985],
                    [-128.34485586994168, -24.336291967972993],
                    [-128.3024555098342, -24.335040698074014],
                    [-128.30125388019553, -24.366005994635355],
                    [-128.31464346759793, -24.340827717750294],
                    [-128.33867606037137, -24.341296923974365],
                    [-128.35086401813504, -24.3553723022985]
                ]
            ]
        },
        "PictarinIslands2": {
            "size": 4,
            "radius": 200,
            "rings": [
                [
                    [-130.12057208020448, -25.064391533765956],
                    [-130.10198973614933, -25.063808420830856],
                    [-130.09426497418644, -25.0657521198212],
                    [-130.08808516461613, -25.075664504933386],
                    [-130.09962939221623, -25.07846315077705],
                    [-130.11289023358586, -25.071272056788764],
                    [-130.114177693913, -25.067851280092313],
                    [-130.12040041882756, -25.067384803140747],
                    [-130.12057208020448, -25.064391533765956]
                ]
            ]
        }
    }
}
