{
    "searchArea": {
        "PuertoRico": {
            "size": 144,
            "radius": 6000,
            "rings": [
                [
                    [-67.28429322104338, 18.373082816812065],
                    [-67.17031006674651, 18.41869180581078],
                    [-67.17580323080901, 18.513780199245712],
                    [-67.00826172690276, 18.521593337920443],
                    [-66.09639649252776, 18.481221615764078],
                    [-65.60750489096526, 18.390024707824754],
                    [-65.62398438315276, 18.247922039193465],
                    [-65.78328614096526, 18.127891635966332],
                    [-65.83409790854338, 18.009084867573378],
                    [-65.94945435385588, 17.95030462503852],
                    [-66.25707154135588, 17.924173796647416],
                    [-67.14009766440276, 17.982962731519507],
                    [-67.21288208823088, 17.911106936388734],
                    [-67.18953614096526, 18.259659702550596],
                    [-67.24721436362151, 18.29617180219779],
                    [-67.28429322104338, 18.373082816812065]
                ],
                [
                    [-67.13185791830901, 18.382857187867263],
                    [-67.11675171713713, 18.150729865224623],
                    [-66.86063294272307, 18.03585603945258],
                    [-66.80226807455901, 18.0469550874176],
                    [-66.6532659993637, 17.99471817148886],
                    [-66.64365296225432, 18.069151081480403],
                    [-66.75969605307463, 18.178784175833343],
                    [-66.70339112143401, 18.37373445878281],
                    [-66.74184326987151, 18.431069303931338],
                    [-66.86681275229338, 18.268136410519045],
                    [-67.13185791830901, 18.382857187867263]
                ],
                [
                    [-67.13803772787932, 18.416085903242482],
                    [-66.89633850912932, 18.31898795939068],
                    [-66.76793579916838, 18.44018899557242],
                    [-66.80226807455901, 18.476662920302456],
                    [-66.91625122885588, 18.445400030655613],
                    [-66.9553900228012, 18.472755370583563],
                    [-67.13803772787932, 18.416085903242482]
                ],
                [
                    [-66.69377808432463, 18.429115021347144],
                    [-66.50289063315276, 18.41869180581078],
                    [-66.53516297201995, 18.243357178184077],
                    [-66.38753418784026, 18.31833611091046],
                    [-66.40126709799651, 18.42260058565757],
                    [-66.23853211264495, 18.337238719698227],
                    [-66.36281494955901, 18.17617466268185],
                    [-66.3511419759262, 18.105050425973214],
                    [-66.6258001790512, 18.101787152837876],
                    [-66.71506409506682, 18.18139364995854],
                    [-66.66287903647307, 18.32029164898506],
                    [-66.69377808432463, 18.429115021347144]
                ],
                [
                    [-66.03528504233245, 18.165083796513205],
                    [-65.86705689291838, 18.15986432159653],
                    [-65.91649536948088, 17.996024283137487],
                    [-66.01125244955901, 18.016267776531837],
                    [-66.03528504233245, 18.165083796513205]
                ]
            ]
        },
        "SanJuan": {
            "size": 115,
            "radius": 200,
            "rings": [
                [
                    [-66.12592562534975, 18.471835862499816],
                    [-66.11785754063294, 18.459786959248273],
                    [-66.08301028111146, 18.444643219192645],
                    [-66.11099108555482, 18.40783674008937],
                    [-66.110304440047, 18.365972021270636],
                    [-65.99099978306458, 18.394806011080032],
                    [-65.95426424839661, 18.374606433493785],
                    [-65.94636782505677, 18.40164726674289],
                    [-65.97452029087708, 18.433895238839295],
                    [-66.01520403721497, 18.43373238548274],
                    [-66.04026659825013, 18.454087858974987],
                    [-66.07030733921692, 18.457670172661953],
                    [-66.09022005894349, 18.467114095831548],
                    [-66.12592562534975, 18.471835862499816]
                ]
            ]
        },
        "Ponce": {
            "size": 20,
            "radius": 200,
            "rings": [
                [
                    [-66.6388189670614, 17.981302665738106],
                    [-66.63796066017663, 17.99648677100724],
                    [-66.61959289284265, 18.025218703833655],
                    [-66.59418700905358, 18.025545176145076],
                    [-66.59247039528405, 18.005629257723747],
                    [-66.60225509377038, 17.993711279471047],
                    [-66.5981352207235, 17.975098031740036],
                    [-66.6388189670614, 17.981302665738106]
                ]
            ]
        },
        "Mayaguez": {
            "size": 4,
            "radius": 100,
            "rings": [
                [
                    [-67.15399867112392, 18.20962354934123],
                    [-67.15245371873134, 18.197882509503128],
                    [-67.14704638535731, 18.192337854595454],
                    [-67.13013773972743, 18.199187108554817],
                    [-67.14138155991786, 18.213618583833984],
                    [-67.15399867112392, 18.20962354934123]
                ]
            ]
        },
        "Fajardo": {
            "size": 5,
            "radius": 150,
            "rings": [
                [
                    [-65.6761147138438, 18.34660777674995],
                    [-65.65397039621685, 18.3190694357071],
                    [-65.64470068186138, 18.328887601751028],
                    [-65.66152349680279, 18.348685195520535],
                    [-65.6761147138438, 18.34660777674995]
                ]
            ]
        }
    }
}
