{
    "searchArea": {
        "Palestine1": {
            "size": 102,
            "radius": 5000,
            "rings": [
                [
                    [35.475662612517844, 32.407800543263164],
                    [35.47154273947097, 32.066292207715726],
                    [35.118606948455344, 32.30571502526704],
                    [35.03002967794753, 32.283658713539694],
                    [35.011490249236594, 32.21978125636956],
                    [34.96411170919753, 32.19247446364446],
                    [34.99020423849441, 32.14132481676815],
                    [34.98745765646316, 32.08840124136932],
                    [35.00943031271316, 31.925950005650666],
                    [35.03449287374831, 31.916706359522905],
                    [35.030716323455344, 31.858987428685],
                    [34.97921791036941, 31.848780825745923],
                    [34.97647132833816, 31.829531015511215],
                    [35.134056472381126, 31.81582036936165],
                    [35.217483901580344, 31.80269124725646],
                    [35.22742793793853, 31.789005131603787],
                    [35.228286244823295, 31.772734611916842],
                    [35.230002858592826, 31.761131910433324],
                    [35.222278096629935, 31.731206283030893],
                    [35.20837352509673, 31.745513399231648],
                    [35.18622920746978, 31.744929478563446],
                    [35.15842006440337, 31.74230178999429],
                    [35.12115643789163, 31.71188737821741],
                    [35.095851703321046, 31.6989065348054],
                    [35.082118793164796, 31.50474545990178],
                    [35.010707660352296, 31.45848490837531],
                    [34.961335569238855, 31.352202930230124],
                    [34.903657346582605, 31.394266644179297],
                    [34.88837948403378, 31.387086367596766],
                    [34.93283978066464, 31.341354181035005],
                    [35.03841152749081, 31.357333659502768],
                    [35.118183348478965, 31.35370053257824],
                    [35.204212033368435, 31.428552863315623],
                    [35.127307736493435, 31.59948188667379],
                    [35.40059264860281, 31.71929639857182],
                    [35.39166625700125, 31.4847831990223],
                    [35.53998168668875, 31.862869633139788],
                    [35.51938232145437, 32.10528408308633],
                    [35.57980712614187, 32.22386126224995],
                    [35.54959472379812, 32.385202974401224],
                    [35.475662612517844, 32.407800543263164]
                ]
            ]
        },
        "Jerusalem": {
            "size": 46,
            "radius": 400,
            "rings": [
                [
                    [35.183407205584246, 31.825599822136653],
                    [35.19156112098952, 31.80977338080186],
                    [35.21928443336745, 31.80517809950248],
                    [35.22778167152663, 31.79146383789323],
                    [35.230356592180925, 31.763007551109713],
                    [35.22246016884108, 31.731987528742565],
                    [35.17654075050612, 31.743009950339662],
                    [35.1766265811946, 31.730600508628445],
                    [35.222631830218035, 31.71687519056863],
                    [35.25765075111647, 31.741842073752014],
                    [35.260054010393816, 31.792631088324512],
                    [35.24358878364319, 31.809927611138082],
                    [35.26298651923889, 31.820138511876046],
                    [35.24204383125061, 31.84682738928832],
                    [35.22281775703186, 31.81357449099799],
                    [35.183407205584246, 31.825599822136653]
                ]
            ]
        },
        "Betlehem": {
            "size": 17,
            "radius": 150,
            "rings": [
                [
                    [35.18310842882863, 31.7211638611617],
                    [35.16722975146047, 31.708678474850018],
                    [35.16542730700246, 31.691079257500178],
                    [35.19306478869191, 31.697213803584354],
                    [35.2073985136675, 31.68582075236232],
                    [35.23881254564992, 31.696629578573678],
                    [35.23941336046926, 31.70824036058915],
                    [35.21383581530324, 31.70889753120431],
                    [35.20679769884816, 31.720579787011804],
                    [35.18310842882863, 31.7211638611617]
                ]
            ]
        },
        "Jericho": {
            "size": 14,
            "radius": 150,
            "rings": [
                [
                    [35.432419934682336, 31.876669837997955],
                    [35.444178739003625, 31.843865171890577],
                    [35.48245922606417, 31.848385619180796],
                    [35.47885433714816, 31.8757223113957],
                    [35.432419934682336, 31.876669837997955]
                ]
            ]
        },
        "Ramallah": {
            "size": 25,
            "radius": 150,
            "rings": [
                [
                    [35.2095176367087, 31.934377687185915],
                    [35.195269742421594, 31.91150289461872],
                    [35.178017774037805, 31.924543680614402],
                    [35.169263043813196, 31.916311444285363],
                    [35.185742536000696, 31.90545542237623],
                    [35.16316906493136, 31.91135717706911],
                    [35.15922085326144, 31.895181094677202],
                    [35.17037884276339, 31.883739536556195],
                    [35.191493192128625, 31.890152814292726],
                    [35.2175857214255, 31.873973005914063],
                    [35.22840038817355, 31.88643608274361],
                    [35.215954938344446, 31.90173930857218],
                    [35.22865788023898, 31.914125771047903],
                    [35.2205039648337, 31.933940642562483],
                    [35.2095176367087, 31.934377687185915]
                ]
            ]
        }
    }
}
