{
    "searchArea": {
        "Portugal1": {
            "size": 800,
            "radius": 1800,
            "rings": [
                [
                    [-8.880075706614958, 41.858448471116624],
                    [-8.617777122630583, 42.0494299385019],
                    [-8.199254613271563, 42.14419690634839],
                    [-8.133336644521563, 41.99433897914153],
                    [-8.217107396474688, 41.907525042099955],
                    [-8.144322972646563, 41.80523965279564],
                    [-7.693883519521562, 41.906502998021196],
                    [-7.582646947255937, 41.827756473808606],
                    [-7.446691136709062, 41.865607818732464],
                    [-7.420598607412187, 41.80216856385255],
                    [-7.180272679677812, 41.885036292849676],
                    [-7.180272679677812, 41.979027464370354],
                    [-6.551305394521562, 41.938178755834606],
                    [-6.55088341300853, 41.679559578157914],
                    [-6.288584829024155, 41.65801674919442],
                    [-6.184214711836655, 41.57485546084659],
                    [-6.461619496992905, 41.296877094571414],
                    [-6.651133657149155, 41.240105959217296],
                    [-6.82554161613353, 41.02703372829356],
                    [-6.931285024336655, 41.031177640585426],
                    [-6.8091826834140585, 40.84878522488614],
                    [-6.8023162283359335, 40.32693978715117],
                    [-7.0728545584140585, 40.17784666410162],
                    [-6.8709807791171835, 40.00344655002186],
                    [-7.0257240101728735, 39.66764551647946],
                    [-7.5448280140791235, 39.668702613076576],
                    [-7.3072486683759985, 39.44529708143733],
                    [-7.232214235052134, 39.19891726221625],
                    [-6.956182740911509, 39.02949928846666],
                    [-7.103124879583384, 38.809396521806335],
                    [-7.267919801458384, 38.71140118338628],
                    [-7.325598024114634, 38.44838056727053],
                    [-7.097631715520884, 38.179000391644024],
                    [-6.961675904974009, 38.15200735902912],
                    [-7.260443709899502, 37.96855408446206],
                    [-7.528235457946377, 37.54293730926018],
                    [-7.451895808289139, 37.44439558361243],
                    [-7.401084040711014, 37.16913193509476],
                    [-7.550772761414139, 37.14724247516743],
                    [-7.806204890320389, 37.01357958456439],
                    [-7.994345759461014, 36.99493572634219],
                    [-8.178366755554764, 37.08482275068115],
                    [-8.301229714067732, 37.06936670959872],
                    [-8.615713356645857, 37.11756471614883],
                    [-8.996114967973982, 36.98823731430856],
                    [-8.792867897661482, 37.49986468130657],
                    [-8.807974098833357, 37.89486690045741],
                    [-8.891744850786482, 37.946866965892504],
                    [-8.780096643857062, 38.18537413172582],
                    [-8.852405412933901, 38.4421549431871],
                    [-9.228687151215151, 38.410955476301005],
                    [-9.188861711762026, 38.52707820682024],
                    [-9.274005754730776, 38.67411283597664],
                    [-9.482745989105776, 38.688049375771016],
                    [-9.503345354340151, 38.77696482676118],
                    [-9.424010021653714, 38.93012841544588],
                    [-9.43636964079434, 39.052876570148435],
                    [-9.35122559782559, 39.19457187254573],
                    [-9.35946534391934, 39.34023052654601],
                    [-9.41714356657559, 39.35934565451831],
                    [-9.263212535477189, 39.41008410732778],
                    [-9.098417613602189, 39.57011620415124],
                    [-8.870657855084662, 40.12760066402178],
                    [-8.914603167584662, 40.180082058885105],
                    [-8.64318381789855, 41.00318482714672],
                    [-8.789317628791913, 41.402119123686255],
                    [-8.799787111999569, 41.591378689179464],
                    [-8.876691408874569, 41.725786132334214],
                    [-8.880075706614958, 41.858448471116624]
                ]
            ]
        },
        "Portugal2": {
            "size": 2,
            "radius": 400,
            "rings": [
                [
                    [-28.73221855154238, 38.58805800637156],
                    [-28.720888900663475, 38.57249153235783],
                    [-28.69531135549746, 38.58403251756361],
                    [-28.7112758635541, 38.598791539919915],
                    [-28.73221855154238, 38.58805800637156]
                ]
            ]
        },
        "Portugal3": {
            "size": 18,
            "radius": 700,
            "rings": [
                [
                    [-27.379764078183992, 38.767651661720386],
                    [-27.335475442930086, 38.79414764074051],
                    [-27.24895810894571, 38.80485029420688],
                    [-27.091372964902742, 38.78103469978439],
                    [-27.04227781109415, 38.734450892742025],
                    [-27.05120420269571, 38.67390010402418],
                    [-27.08416318707071, 38.638510441141484],
                    [-27.28466367535196, 38.652185792685195],
                    [-27.355731485410555, 38.68837265339568],
                    [-27.379764078183992, 38.767651661720386]
                ],
                [
                    [-27.243808267637117, 38.78103469978439],
                    [-27.250331399961336, 38.731772738565375],
                    [-27.168963907285555, 38.72748748303282],
                    [-27.167247293516024, 38.753462899953114],
                    [-27.243808267637117, 38.78103469978439]
                ],
                [
                    [-27.352984903379305, 38.77059614554068],
                    [-27.28191709332071, 38.75560478061674],
                    [-27.28397702984415, 38.729630142929445],
                    [-27.343028543516024, 38.73257619536142],
                    [-27.352984903379305, 38.77059614554068]
                ]
            ]
        },
        "Portugal4": {
            "size": 35,
            "radius": 800,
            "rings": [
                [
                    [-25.86530232059454, 37.843883185354635],
                    [-25.69226765262579, 37.727210785155066],
                    [-25.613303419227353, 37.745673563639585],
                    [-25.50824665653204, 37.70439746738185],
                    [-25.35718464481329, 37.71200268713581],
                    [-25.146384473914853, 37.7429587379235],
                    [-25.127158399696103, 37.86231683345426],
                    [-25.328345533485166, 37.85906417165174],
                    [-25.418296095008603, 37.82815672592657],
                    [-25.503440137977353, 37.84279870958285],
                    [-25.553565260047666, 37.81676650735312],
                    [-25.67853474246954, 37.840087450386186],
                    [-25.747885938758603, 37.90838078572916],
                    [-25.82135700809454, 37.9029629928881],
                    [-25.86530232059454, 37.843883185354635]
                ],
                [
                    [-25.159774061317197, 37.8349357833359],
                    [-25.173506971473447, 37.796693750365336],
                    [-25.16320728885626, 37.77634417325681],
                    [-25.27135395633673, 37.78095723517564],
                    [-25.265174146766416, 37.83547808102071],
                    [-25.159774061317197, 37.8349357833359]
                ]
            ]
        },
        "Portugal5": {
            "size": 32,
            "radius": 1000,