{
    "searchArea": {
        "Reunion": {
            "size": 2719,
            "radius": 4000,
            "rings": [
                [
                    [55.19371467281436, -21.056108017152315],
                    [55.39764838863467, -20.85925348502768],
                    [55.637287670861234, -20.906727443056297],
                    [55.84534125972842, -21.166284321655137],
                    [55.79864936519717, -21.36912680340974],
                    [55.58647590328311, -21.39853809737477],
                    [55.32005744625186, -21.282776959208867],
                    [55.19371467281436, -21.056108017152315]
                ]
            ]
        }
    }
}
