{
    "searchArea": {
        "Romania1": {
            "size": 508,
            "radius": 3500,
            "rings": [
                [
                    [20.26302678330067, 46.1319324730816],
                    [21.09524113876942, 46.253614194063694],
                    [22.306887326576184, 47.763883189397546],
                    [22.683862157236923, 47.793073732408764],
                    [23.172753758799423, 48.11864495939627],
                    [25.00197739161192, 47.726604733644365],
                    [25.55531757955752, 47.94585756472924],
                    [26.18977802877627, 47.99918278218032],
                    [26.34084004049502, 48.19179633769477],
                    [26.80226582174502, 48.252183032914296],
                    [27.13460224752627, 47.99183085355892],
                    [27.81026142721377, 47.14496968131104],
                    [28.100218672198142, 46.97738234668479],
                    [28.256773847979392, 46.60505109296863],
                    [28.089232344073142, 45.992131079446125],
                    [28.177649634522837, 45.47963499035272],
                    [28.713233130616587, 45.21131275274318],
                    [29.309241431397837, 45.44303289096052],
                    [29.710242407960337, 45.19389552923689],
                    [29.594885962647837, 44.80936754228226],
                    [28.763701133119465, 44.71486971529378],
                    [28.596159629213215, 43.73869729263995],
                    [28.019377402650715, 43.82594751345307],
                    [27.637602500306965, 44.05141248792171],
                    [26.959196738588215, 44.14017645081481],
                    [26.110502890931965, 43.970422657810154],
                    [25.639399250058634, 43.66971226724431],
                    [22.851618488339884, 43.83834345486871],
                    [23.057612140683634, 44.07954821304014],
                    [22.681330402402384, 44.22340735682372],
                    [22.456110675839884, 44.47088713317925],
                    [22.76811051009671, 44.546901704949555],
                    [22.45500015853421, 44.718900172711855],
                    [22.14738297103421, 44.48423042501285],
                    [21.35636734603421, 44.839774812994314],
                    [21.51292252181546, 45.17765200773701],
                    [20.89756678100718, 45.396436650621624],
                    [20.78221033569468, 45.71760212183014],
                    [20.26302678330067, 46.1319324730816]
                ]
            ]
        },
        "Bucharest": {
            "size": 277,
            "radius": 200,
            "rings": [
                [
                    [26.00334567728652, 44.53500410442567],
                    [26.12900180521621, 44.483098646496686],
                    [26.212772557169334, 44.50611903452612],
                    [26.175007054239646, 44.46594990105521],
                    [26.233715245157615, 44.4644797741047],
                    [26.223415562540428, 44.399266941848175],
                    [26.12968845072402, 44.39632329418917],
                    [26.19114322367324, 44.37841291370801],
                    [26.145137974649803, 44.35239630371246],
                    [26.058963963419334, 44.38871818565163],
                    [25.972103306681053, 44.35926973875619],
                    [25.913051793009178, 44.40932328733749],
                    [26.00815219584121, 44.413737722206726],
                    [25.95493716898574, 44.455658234906366],
                    [26.040424534708396, 44.46840003036452],
                    [25.967983433634178, 44.50073209867299],
                    [26.00334567728652, 44.53500410442567]
                ]
            ]
        },
        "ClujNapoca": {
            "size": 36,
            "radius": 150,
            "rings": [
                [
                    [23.54669633951123, 46.78683791456232],
                    [23.610039387606932, 46.80199831553044],
                    [23.627377186679198, 46.78707299213321],
                    [23.656216298007323, 46.794007318628715],
                    [23.66977754678662, 46.77813932272552],
                    [23.6302954300874, 46.77367193210142],
                    [23.634930287265135, 46.76403051061011],
                    [23.58961168374951, 46.74038997008043],
                    [23.572788868808104, 46.753799310682055],
                    [23.547554646395994, 46.74815367910772],
                    [23.540001545810057, 46.75979714626191],
                    [23.560944233798338, 46.77543542004263],
                    [23.54669633951123, 46.78683791456232]
                ]
            ]
        },
        "Timisoara": {
            "size": 52,
            "radius": 150,
            "rings": [
                [
                    [21.17889097317869, 45.761329801631014],
                    [21.200691968051736, 45.71496368128698],
                    [21.276394635288064, 45.72275396279029],
                    [21.247898846713845, 45.74216501454447],
                    [21.294590741245095, 45.747915141662034],
                    [21.279827862827126, 45.77222683849375],
                    [21.243607312290017, 45.77785414476444],
                    [21.264893323032204, 45.80658047268194],
                    [21.223351269809548, 45.811486406277034],
                    [21.218716412631814, 45.780368289557984],
                    [21.17889097317869, 45.761329801631014]
                ]
            ]
        },
        "Iasi": {
            "size": 29,
            "radius": 150,
            "rings": [
                [
                    [27.488553999551534, 47.17732091279503],
                    [27.539022444375753, 47.170552828297566],
                    [27.574384688028097, 47.13319616400399],
                    [27.603567122110128, 47.15339537124924],
                    [27.64270591605544, 47.1489592089112],
                    [27.631032942422628, 47.1647175803742],
                    [27.558420179971456, 47.19108780145648],
                    [27.537477491983175, 47.17673749120961],
                    [27.521684645303488, 47.190621185724936],
                    [27.488553999551534, 47.17732091279503]
                ]
            ]
        },
        "Constanta": {
            "size": 32,
            "radius": 200,
            "rings": [
                [
                    [28.62868752379859, 44.2210908104362],
                    [28.647741936640386, 44.21616973277442],
                    [28.655466698603277, 44.17974097526057],
                    [28.66662468810523, 44.171369025385],
                    [28.66010155578101, 44.16829080382011],
                    [28.652720116572027, 44.17321588121017],
                    [28.63521065612281, 44.1647198655385],
                    [28.634524010614996, 44.13786934017716],
                    [28.60225167174781, 44.13663737167694],
                    [28.605341576532965, 44.15979407870501],
                    [28.575815819697027, 44.167182604728836],
                    [28.60791649718726, 44.18614225258743],
                    [28.60774483581031, 44.204480524951194],
                    [28.62868752379859, 44.2210908104362]
                ]
            ]
        },
        "Craiova": {
            "size": 33,
            "radius": 150,
            "rings": [
                [
                    [23.7501642396693, 44.331152837797326],
                    [23.776256768966174, 44.344412830734456],
                    [23.808014123702502, 44.33324025776268],
                    [23.82827016618297, 44.34723633081988],
                    [23.850414483809924, 44.32255679629853],
                    [23.805439203048206, 44.279311893834],
                    [23.770248620772815, 44.30425531356068],
                    [23.7501642396693, 44.331152837797326]
                ]
            ]
        },
        "Brasov": {
            "size": 26,
            "radius": 150,