{
    "searchArea": {
        "Serbia1": {
            "size": 386,
            "radius": 7000,
            "rings": [
                [
                    [18.845672607421875, 45.86284904524051],
                    [19.603729248046875, 46.16422810061423],
                    [20.172271728515625, 46.1547159518791],
                    [20.762786865234375, 45.69811693010242],
                    [20.889129638671875, 45.07312661738033],
                    [21.386260986328125, 45.210675589849394],
                    [21.540069580078125, 44.896346215164],
                    [21.218719482421875, 44.67802197439309],
                    [21.262352748058685, 44.06699660061319],
                    [22.113793177746185, 44.118285190662895],
                    [22.415917201183685, 43.97812277886903],
                    [22.459862513683685, 43.47198850005906],
                    [22.80763666205317, 42.98721889729596],
                    [22.36269037299067, 42.790007815202564],
                    [22.24733392767817, 42.344993672395965],
                    [21.62935297064692, 42.35514287931265],
                    [21.78865472845942, 42.66289637178544],
                    [20.80812494330317, 43.299845596191034],
                    [21.32997552924067, 43.700295189137265],
                    [21.08003656439692, 44.07441369545019],
                    [20.60762445502192, 43.4236506251597],
                    [19.97865716986567, 43.211830710757376],
                    [19.57216302924067, 43.7538845451292],
                    [20.41536371283442, 44.090197559099266],
                    [19.78914300970942, 44.24977199717127],
                    [19.985790319799033, 44.615063876110064],
                    [19.175548620580283, 44.35641316158804],
                    [19.150829382299033, 44.5544231912755],
                    [19.429227312526308, 44.979357658325384],
                    [19.077664812526308, 45.06283833062601],
                    [19.440213640651308, 45.18299153165639],
                    [18.981534441432558, 45.38397059750607],
                    [19.0889717028885, 45.5066221703221],
                    [18.845672607421875, 45.86284904524051]
                ]
            ]
        },
        "Beograd": {
            "size": 251,
            "radius": 300,
            "rings": [
                [
                    [20.25427922821994, 44.79846727482484],
                    [20.369292350778533, 44.81551803233596],
                    [20.307837577829314, 44.87710231370526],
                    [20.34388646698947, 44.88731941905647],
                    [20.443450065622283, 44.82525905943911],
                    [20.444136711130096, 44.90288485246301],
                    [20.512801261911346, 44.88513019208631],
                    [20.493918510446502, 44.82452853949337],
                    [20.549536796579314, 44.82501555381912],
                    [20.55091008759494, 44.77726859431631],
                    [20.618201347360564, 44.73265285526013],
                    [20.608244987497283, 44.7136258409081],
                    [20.540953727731658, 44.75459932660198],
                    [20.497008415231658, 44.714845709028445],
                    [20.44551000214572, 44.69996156117747],
                    [20.38886174775119, 44.74338328216541],
                    [20.408431144723846, 44.772637961638864],
                    [20.362769218454314, 44.7972491707134],
                    [20.263548942575408, 44.783360966328964],
                    [20.25427922821994, 44.79846727482484]
                ]
            ]
        },
        "NoviSad": {
            "size": 49,
            "radius": 200,
            "rings": [
                [
                    [19.740305212079672, 45.23374019355542],
                    [19.68365695768514, 45.236883161594896],
                    [19.767771032392172, 45.26371219465184],
                    [19.806394842206625, 45.259604065473745],
                    [19.821844366132407, 45.30610521263562],
                    [19.863386419355063, 45.259845728359856],
                    [19.89617374235311, 45.24304770938412],
                    [19.88467243009725, 45.2143950254505],
                    [19.86922290617147, 45.24570671959055],
                    [19.799700048505454, 45.22672833075418],
                    [19.745455053388266, 45.24631102273479],
                    [19.740305212079672, 45.23374019355542]
                ]
            ]
        },
        "Nis": {
            "size": 34,
            "radius": 100,
            "rings": [
                [
                    [21.89195510393167, 43.30522068726177],
                    [21.957272257862336, 43.30203515027915],
                    [21.93572875505472, 43.31452649594642],
                    [21.962250437793976, 43.32782695628028],
                    [21.932553019581086, 43.341811153673525],
                    [21.88199874406839, 43.35416950395838],
                    [21.857622828541047, 43.34667989506414],
                    [21.88397284990335, 43.324767483836716],
                    [21.85350295549417, 43.31565059114187],
                    [21.883887019214875, 43.290540845071554],
                    [21.89195510393167, 43.30522068726177]
                ]
            ]
        },
        "Kragujevac": {
            "size": 16,
            "radius": 300,
            "rings": [
                [
                    [20.832303289362887, 43.983036348297084],
                    [20.889981512019137, 43.99859759651628],
                    [20.93487096209238, 44.020635713845046],
                    [20.849641088435153, 44.02779479604463],
                    [20.874102834650973, 44.00835217112174],
                    [20.850756887385348, 44.00508024575627],
                    [20.832303289362887, 43.983036348297084]
                ]
            ]
        },
        "Zrenjanin": {
            "size": 26,
            "radius": 150,
            "rings": [
                [
                    [20.384339805403542, 45.36710356992474],
                    [20.35292577342112, 45.374098095014865],
                    [20.36768865183909, 45.39688459736427],
                    [20.413007255354714, 45.40122384215098],
                    [20.43480825022776, 45.3714451011153],
                    [20.40734242991526, 45.361796801471975],
                    [20.421418662825417, 45.33429011900925],
                    [20.411290641585182, 45.330669823571974],
                    [20.378503318587136, 45.352146856177036],
                    [20.384339805403542, 45.36710356992474]
                ]
            ]
        },
        "Leskovac": {
            "size": 10,
            "radius": 100,
            "rings": [
                [
                    [21.938292777276978, 42.992673241186985],
                    [21.924817359186157, 42.98432292379701],
                    [21.91627720568274, 42.99301853063842],
                    [21.93224171373938, 43.011786801366895],
                    [21.951553618646606, 43.01053157757251],
                    [21.9676897880802, 42.99301853063842],
                    [21.960823333002075, 42.97951940779541],
                    [21.94897869799231, 42.98184272383489],
                    [21.938292777276978, 42.992673241186985]
                ]
            ]
        }
    }
}
