{
    "searchArea": {
        "Russia": {
            "size": 3216,
            "radius": 90000,
            "rings": [
                [
                    [130.3753617981735, 42.7105064016317],
                    [134.8797563294235, 48.33782327655283],
                    [127.09452837552266, 49.78349749943538],
                    [123.75468462552266, 53.46394971541962],
                    [117.47050493802266, 49.41322366380535],
                    [102.61698931302266, 50.48767435663766],
                    [95.4286913945185, 55.5128472442783],
                    [95.6923632695185, 49.819997652897925],
                    [92.26462889451851, 51.0514937916921],
                    [87.73826170701851, 49.16347570708453],
                    [79.84920064704873, 51.42588986396052],
                    [76.68513814704873, 54.264545330725795],
                    [73.60896627204873, 53.46119852538304],
                    [70.35701314704873, 55.203290056395645],
                    [61.24129857601735, 53.9666006060695],
                    [60.27450170101735, 50.74776520868112],
                    [55.37459935726735, 50.56667874164368],
                    [50.73836888851735, 51.72448855005543],
                    [46.07220375088255, 49.35823010506736],
                    [49.21429359463255, 46.23020503260803],
                    [46.84124671963255, 44.53273980413337],
                    [48.59905921963255, 41.84194563179167],
                    [47.87396156338255, 41.31598350050325],
                    [44.97357093838255, 42.75205651384023],
                    [40.35931312588255, 43.58536684558937],
                    [39.80999671963255, 43.266208418309525],
                    [36.938275514687405, 45.01052977445324],
                    [33.697308717812405, 44.267904470555614],
                    [32.994183717812405, 45.297190730822955],
                    [37.454632936562405, 45.42070564391097],
                    [37.674359499062405, 46.71640668161112],
                    [38.871869264687405, 47.84181376755644],
                    [39.783734499062405, 47.84181376755644],
                    [40.036420045937405, 49.581410866307294],
                    [37.289352551454314, 50.36022678069216],
                    [36.509323254579314, 50.247953099912344],
                    [35.575485363954314, 50.39525796360466],
                    [33.861618176454314, 52.26887338514833],
                    [31.79618848895431, 52.073472817017944],
                    [31.312487391784106, 53.17734574184717],
                    [32.7187373917841, 53.32852314996682],
                    [30.763170985534106, 54.82374131379648],
                    [30.8492724493465, 55.63530720839123],
                    [28.1795947149715, 56.15276389966623],
                    [27.4654833868465, 57.55226241280358],
                    [28.008423582465095, 59.43814472859888],
                    [29.88553252333073, 60.06185638747374],
                    [27.79813017958073, 60.530026563274106],
                    [33.73074736708073, 63.838032099895706],
                    [30.36893096083073, 63.77013457789422],
                    [29.77566924208073, 67.76545067069411],
                    [28.61111846083073, 69.08996574215536],
                    [31.77518096083073, 69.89050941596692],
                    [36.12576689833073, 69.10564427705226],
                    [37.57596221083073, 64.66836100113981],
                    [44.87088408583073, 66.20246303039676],
                    [49.79275908583073, 63.141729532192684],
                    [57.48318877333073, 67.98063085475191],
                    [58.80154814833073, 60.1822596541468],
                    [68.95291533583072, 65.46490294761638],
                    [64.07498564833072, 67.26124071792545],
                    [79.63162627333072, 67.74881590354555],
                    [80.88484030980857, 59.6314116595412],
                    [124.14900046605857, 56.8817347952267],
                    [109.77888327855857, 62.5399701322987],
                    [123.30981510023913, 64.29204518975527],
                    [144.7864830537895, 64.90020650486683],
                    [153.3118736787895, 63.010073520487325],
                    [162.3646080537895, 55.696105969886425],
                    [156.5638268037895, 50.36642320298048],
                    [155.1575768037895, 59.14771677718654],
                    [148.3899986787895, 59.41708600294577],
                    [142.5892174287895, 63.7581624421021],
                    [137.71128774128954, 55.32283574331681],
                    [143.8196861787895, 53.74215298827577],
                    [143.5999596162895, 46.096019530327155],
                    [141.6004478975395, 46.32410064078903],
                    [136.87632680378954, 49.30356874515205],
                    [136.08531117878954, 44.26873119170815],
                    [133.62437367878954, 42.51252595479339],
                    [130.3753617981735, 42.7105064016317]
                ],
                [
                    [129.18589711628954, 61.031641938589345],
                    [133.93199086628954, 61.995698403299876],
                    [134.72300649128954, 55.04685006878542],
                    [140.7435143037895, 52.368828952046115],
                    [132.39390492878954, 49.34653189006376],
                    [125.18687367878952, 54.335684031917104],
                    [129.18589711628954, 61.031641938589345]
                ]
            ]
        },
        "Moscow": {
            "size": 1055,
            "radius": 500,
            "rings": [
                [
                    [37.60196548758185, 55.91839407843382],
                    [37.89859634695685, 55.78734877753848],
                    [37.842291415316225, 55.616328517216346],
                    [37.567633212191225, 55.56510938140925],
                    [37.306707919222475, 55.634161906497596],
                    [37.3630128508631, 55.87219325115678],
                    [37.60196548758185, 55.91839407843382]
                ]
            ]
        },
        "SaintPetersburg": {
            "size": 616,
            "radius": 550,
            "rings": [
                [
                    [30.198727520149955, 59.88520598327081],
                    [30.17812815491558, 59.99595430693916],
                    [30.347042949837455, 60.12138732698381],
                    [30.528317363899955, 59.98702561911069],
                    [30.52969065491558, 59.85142650928951],
                    [30.36214915100933, 59.79067514358898],
                    [29.836178692024955, 59.82796752121021],
                    [30.198727520149955, 59.88520598327081]
                ]
            ]
        },
        "Novosibirsk": {
            "size": 309,
            "radius": 500,
            "rings": [
                [
                    [82.73718882717748, 55.04238551919614],
                    [82.7825074306931, 54.96992942870607],
                    [82.92189646877904, 54.91629077046052],
                    [83.15123606838841, 54.964016911132504],
                    [83.0351929775681, 55.031761568625704],
                    [83.07776499905248, 55.108426819249786],
                    [82.87795115627904, 55.08563916778923],
                    [82.83400584377904, 55.028219625696245],
                    [82.73718882717748, 55.04238551919614]
                ]
            ]
        },
        "Yekaterinburg": {
            "size": 184,
            "radius": 400,