{
    "searchArea": {
        "Rwanda1": {
            "size": 72,
            "radius": 600,
            "rings": [
                [
                    [30.053760330807833, -1.9511500340912826],
                    [30.024062912594943, -1.9878638669483066],
                    [30.048782150876193, -1.9868345182038596],
                    [30.054446976315646, -1.9533803366738876],
                    [30.08380107177463, -1.964531805104514],
                    [30.1274888922092, -1.9632451010000909],
                    [30.163108627926974, -1.9586987385693218],
                    [30.167056839596896, -1.9398269138876874],
                    [30.131179611813693, -1.914435399773549],
                    [30.121017483861802, -1.9262745096940341],
                    [30.102993039281724, -1.8959073465758915],
                    [30.07758715549266, -1.9027700292095604],
                    [30.052352933080552, -1.919240355927254],
                    [30.053760330807833, -1.9511500340912826]
                ]
            ]
        }
    }
}
