{
    "searchArea": {
        "Sweden1": {
            "size": 1100,
            "radius": 8000,
            "rings": [
                [
                    [22.430150561051086, 68.46268842101354],
                    [21.389195971207336, 68.04241056514446],
                    [18.109777025894836, 68.45159451480727],
                    [19.960973314957336, 67.15918713256457],
                    [18.291051439957336, 67.48323103756553],
                    [17.708776049332336, 66.9476227037065],
                    [19.862096361832336, 66.22074385527641],
                    [16.868321947769836, 66.43467905034368],
                    [14.627111010269838, 66.12309904208159],
                    [14.522740893082338, 65.41752967725346],
                    [13.753697924332338, 64.56534194357626],
                    [13.973424486832338, 63.738364472583484],
                    [12.374913744644838, 63.755373306985256],
                    [12.04890127549127, 63.31684178972204],
                    [12.273213846510446, 61.67279715767521],
                    [12.910420877760446, 61.33735337161274],
                    [12.416036112135446, 60.94607958351484],
                    [12.558858377760446, 60.17393508755264],
                    [12.333638651197946, 59.940882020695454],
                    [11.905171854322946, 59.869266096289934],
                    [11.734883768385446, 59.57290969115263],
                    [11.844747049635446, 59.23179449959766],
                    [11.657979471510446, 58.90709721012281],
                    [11.476705057447946, 58.898585703022476],
                    [11.383321268385446, 59.093820631094694],
                    [11.160848123854196, 59.08112164484845],
                    [11.083943826979196, 58.96661908690818],
                    [11.215691002171932, 58.34068614858529],
                    [11.634322942703536, 57.650596443419545],
                    [12.342294949284835, 56.924892925501894],
                    [12.897104519597335, 56.51495637345829],
                    [12.564768093816085, 56.43759509630212],
                    [12.430185574284835, 56.302106936221854],
                    [12.987741726628585, 55.65051823732649],
                    [12.872385281316085, 55.55587058007242],
                    [12.776254910222335, 55.35887192252579],
                    [13.339304226628585, 55.32294684028017],
                    [13.729318875066085, 55.41971393120402],
                    [14.119333523503585, 55.36823832552221],
                    [14.226450222722335, 55.38228377435152],
                    [14.380258816472335, 55.550440520033476],
                    [14.209970730534835, 55.72870883228432],
                    [14.317087429753585, 55.93233117483543],
                    [14.514841336003585, 56.0398805813125],
                    [14.759287136784835, 55.99075225572919],
                    [14.696115750066085, 56.1563100768132],
                    [15.860666531316085, 56.084349167752855],
                    [16.585532321428115, 57.09474467796276],
                    [16.909475059922702, 58.607329909513595],
                    [17.714223595078952, 58.88094619669443],
                    [17.824086876328952, 58.778592320245046],
                    [18.783912008276687, 59.33720940662705],
                    [18.591651266089187, 59.409968481648974],
                    [19.173926656714187, 59.78801793619293],
                    [18.404883687964187, 60.509815181389634],
                    [18.338965719214187, 60.34344037170107],
                    [17.954444234839187, 60.6087206502283],
                    [17.668799703589187, 60.565557633462994],
                    [17.256812398901687, 60.853115499958115],
                    [17.157387058428316, 61.59219451140028],
                    [17.530922214678316, 61.64180820901853],
                    [17.508949558428316, 62.345949318526856],
                    [18.770165741518372, 63.15462761937422],
                    [20.469728075750172, 63.68647950049779],
                    [21.645265185125172, 64.45504739678552],
                    [21.238771044500172, 64.85945434813549],
                    [22.458253466375172, 65.80364956371464],
                    [24.117189013250172, 65.77661791964704],
                    [23.644776903875172, 66.40718764762208],
                    [23.963380419500172, 66.86032839844201],
                    [23.501954638250172, 67.26281040866482],
                    [23.479981982000172, 68.01919227062831],
                    [22.430150561051086, 68.46268842101354]
                ]
            ]
        },
        "Sweden2": {
            "size": 36,
            "radius": 2000,
            "rings": [
                [
                    [16.95272010293047, 57.310519349644196],
                    [17.09554236855547, 57.3816531524809],
                    [17.14498084511797, 57.30606891036818],
                    [16.71651404824297, 56.60820333198547],
                    [16.40340369668047, 56.16422766798876],
                    [16.36220496621172, 56.534061676745644],
                    [16.95272010293047, 57.310519349644196]
                ]
            ]
        },
        "Sweden3": {
            "size": 57,
            "radius": 2500,
            "rings": [
                [
                    [18.10079139199297, 56.90631839561075],
                    [18.18318885293047, 57.06942386732859],
                    [18.07332557168047, 57.51023223374142],
                    [18.48805945839922, 57.84067282924506],
                    [18.74349158730547, 57.93703160231688],
                    [19.22414344277422, 58.01131391359475],
                    [19.39168494668047, 57.95452364632177],
                    [18.82039588418047, 57.66775068095568],
                    [18.79018348183672, 57.45708191244847],
                    [18.95223182168047, 57.420126446014436],
                    [18.69130652871172, 57.28974602425045],
                    [18.68032020058672, 57.21099782472967],
                    [18.40840857949297, 57.13804309761405],
                    [18.33699744668047, 56.92580888812838],
                    [18.10079139199297, 56.90631839561075]
                ]
            ]
        },
        "Stockholm": {
            "size": 681,
            "radius": 300,
            "rings": [
                [
                    [17.827625584085894, 59.44436839536103],
                    [17.90109665342183, 59.416431007672266],
                    [17.913456272562456, 59.52212219553712],
                    [17.989673923929644, 59.44297207365235],
                    [18.075504612406206, 59.533613162870964],
                    [18.148975681742144, 59.46391084786835],
                    [18.09816391416402, 59.39266609134019],
                    [18.313770603617144, 59.36083695235326],
                    [18.295231174906206, 59.27920412625666],
                    [18.14828903623433, 59.29603722462327],
                    [18.27119858213277, 59.23322141688074],
                    [18.138675999124956, 59.138064905664436],
                    [18.111210178812456, 59.218630450061774],
                    [18.033619236429644, 59.23408855403345],
                    [17.921009373148394, 59.18593458840718],
                    [17.710209202249956, 59.18347234273105],
                    [17.79054672666402, 59.254805476454976],
                    [17.875004124124956, 59.26077242333926],
                    [17.87912399717183, 59.2888381486913],
                    [17.984180759867144, 59.307068468929394],
                    [17.79054672666402, 59.37709409440182],
                    [17.827625584085894, 59.44436839536103]
                ]
            ]
        },
        "Gothenburg": {
            "size": 156,
            "radius": 200,