{
    "searchArea": {
        "Singapore1": {
            "size": 723,
            "radius": 600,
            "rings": [
                [
                    [103.60653653766187, 1.2534520390057342],
                    [103.63640561725171, 1.3536763251993742],
                    [103.67211118365796, 1.3365149178140006],
                    [103.69786039020093, 1.4415407948808239],
                    [103.72463956500562, 1.4538964687427545],
                    [103.75931516315015, 1.4391382949366402],
                    [103.80566373492749, 1.4751755259903776],
                    [103.84857907916577, 1.461790336119698],
                    [103.89767423297437, 1.4206046391868352],
                    [103.91278043414624, 1.425066458861837],
                    [103.99483457232984, 1.416829246576694],
                    [104.03637662555249, 1.3547060057952123],
                    [104.0147472920564, 1.3069970174423817],
                    [103.89630094195874, 1.2881191080660384],
                    [103.84960904742749, 1.2153520579848636],
                    [103.75004544879468, 1.295327053717842],
                    [103.67211118365796, 1.293954113266226],
                    [103.60653653766187, 1.2534520390057342]
                ]
            ]
        }
    }
}
