{
    "searchArea": {
        "Slovenia": {
            "size": 21137,
            "radius": 1000,
            "rings": [
                [
                    [13.522894293235321, 46.414169811600495],
                    [13.748114019797821, 46.559782470325295],
                    [14.552862554954071, 46.423637013169035],
                    [15.019781500266571, 46.6748612749913],
                    [15.500433355735321, 46.64847136959499],
                    [15.961859136985321, 46.73325022763265],
                    [15.983831793235321, 46.851717086112785],
                    [16.35462036745407, 46.87237503635989],
                    [16.55512085573532, 46.487970392956484],
                    [16.38483276979782, 46.5276677488997],
                    [16.26672974245407, 46.487970392956484],
                    [16.33264771120407, 46.38575834411989],
                    [16.14038696901657, 46.39144182117076],
                    [16.07721558229782, 46.36680914655505],
                    [16.08820191042282, 46.33458041949054],
                    [15.654241949485321, 46.1959704405082],
                    [15.703680426047821, 45.835474852699456],
                    [15.266973883079071, 45.72629265836019],
                    [15.396063238547821, 45.476480684436886],
                    [15.184576422141571, 45.424457155003125],
                    [14.934637457297821, 45.51498569565383],
                    [14.695684820579071, 45.53038032818998],
                    [14.580328375266571, 45.66106463027754],
                    [14.311163336204071, 45.47070266190285],
                    [13.575079351829071, 45.48225811457105],
                    [13.709661871360321, 45.593838660626346],
                    [13.844244390891571, 45.584228369053285],
                    [13.896429449485321, 45.63994515600753],
                    [13.575079351829071, 45.83356121816593],
                    [13.627264410422821, 45.982627114587594],
                    [13.517401129172821, 45.9692657564127],
                    [13.473455816672821, 46.049385548956685],
                    [13.660223394797821, 46.16364108991357],
                    [13.440496832297821, 46.21687930282496],
                    [13.358099371360321, 46.30233268781918],
                    [13.522894293235321, 46.414169811600495]
                ]
            ]
        },
        "Ljubljana": {
            "size": 94,
            "radius": 100,
            "rings": [
                [
                    [14.438857336590383, 46.0374753288085],
                    [14.546317358563039, 46.0137563614057],
                    [14.546145697186086, 46.02889476680984],
                    [14.517649908611867, 46.042122576979544],
                    [14.53927924210796, 46.045816264647364],
                    [14.570864935467336, 46.029371499648875],
                    [14.626998205731008, 46.04450562954946],
                    [14.624079962322805, 46.07452328472453],
                    [14.52932288224468, 46.08893072490215],
                    [14.547690649578664, 46.106190883546574],
                    [14.527949591229055, 46.11368844126701],
                    [14.463919897625539, 46.0963115918383],
                    [14.438514013836476, 46.08357302541194],
                    [14.454821844647023, 46.06285169130749],
                    [14.438857336590383, 46.0374753288085]
                ]
            ]
        },
        "Maribor": {
            "size": 35,
            "radius": 150,
            "rings": [
                [
                    [15.586954056629168, 46.53755046496803],
                    [15.678621231922136, 46.52178419475245],
                    [15.68377107323073, 46.55921423685186],
                    [15.659995972522722, 46.5743796328175],
                    [15.61012834251784, 46.574202629306185],
                    [15.57716935814284, 46.560276542740816],
                    [15.586954056629168, 46.53755046496803]
                ]
            ]
        },
        "Koper": {
            "size": 3,
            "radius": 50,
            "rings": [
                [
                    [13.71394096403296, 45.54291343201012],
                    [13.719348297406983, 45.54297354563412],
                    [13.724455223371338, 45.54636986098191],
                    [13.72192321806128, 45.54868404681446],
                    [13.729862556745362, 45.550757716815],
                    [13.74612747221167, 45.54489714766477],
                    [13.735741958906006, 45.5340159069365],
                    [13.710507736493897, 45.53831454923132],
                    [13.71394096403296, 45.54291343201012]
                ]
            ]
        },
        "Kranj": {
            "size": 7,
            "radius": 75,
            "rings": [
                [
                    [14.329435510996094, 46.220502469302396],
                    [14.37123505628418, 46.229290739007546],
                    [14.34874741590332, 46.256655995475526],
                    [14.328748865488281, 46.23214068650653],
                    [14.329435510996094, 46.220502469302396]
                ]
            ]
        },
        "Celje": {
            "size": 7,
            "radius": 75,
            "rings": [
                [
                    [15.243114058900064, 46.233390324072175],
                    [15.245517318177408, 46.255234507791435],
                    [15.283969466614908, 46.25321665984876],
                    [15.267489974427408, 46.224068283461094],
                    [15.243114058900064, 46.233390324072175]
                ]
            ]
        },
        "NovoMesto": {
            "size": 2,
            "radius": 50,
            "rings": [
                [
                    [15.147317296558178, 45.79550163020477],
                    [15.165813809924877, 45.79224009172244],
                    [15.178645497852123, 45.79903225485906],
                    [15.166328794055737, 45.80905441937779],
                    [15.147317296558178, 45.79550163020477]
                ]
            ]
        },
        "Velenje": {
            "size": 2,
            "radius": 50,
            "rings": [
                [
                    [15.104472358675283, 46.3542746624728],
                    [15.130650718660634, 46.361827253976166],
                    [15.131852348299306, 46.36937880157193],
                    [15.11176796719579, 46.36724670566045],
                    [15.105459411592763, 46.37118509548605],
                    [15.100094993562978, 46.36461108319683],
                    [15.106618125887197, 46.3611756989929],
                    [15.108120162935537, 46.3553113544873],
                    [15.104472358675283, 46.3542746624728]
                ]
            ]
        },
        "Ptuj": {
            "size": 36,
            "radius": 150,
            "rings": [
                [
                    [15.849615629685342, 46.38608162105018],
                    [15.925489958298623, 46.43318894992336],
                    [15.863863523972451, 46.4506958708867],
                    [15.823523100388467, 46.42904797719803],
                    [15.790564116013467, 46.41023216849461],
                    [15.849615629685342, 46.38608162105018]
                ]
            ]
        },
        "Kamnik": {
            "size": 4,
            "radius": 150,
            "rings": [
                [
                    [14.590015419066082, 46.19822761244012],
                    [14.601860054075848, 46.19757410909816],
                    [14.617824562132489, 46.22655841797046],
                    [14.61181641393913, 46.23273342456593],
                    [14.603233345091473, 46.221392253802755],
                    [14.591903694212567, 46.21699766258255],
                    [14.590015419066082, 46.19822761244012]
                ]
            ]
        }
    }
}
