{
    "searchArea": {
        "Longyearbyen": {
            "size": 6,
            "radius": 600,
            "rings": [
                [
                    [15.57910235626053, 78.19778785586617],
                    [15.664589721983186, 78.22023753968595],
                    [15.840714294737092, 78.19933262090025],
                    [15.71917803985428, 78.22002726951476],
                    [15.60004504424881, 78.22920562080813],
                    [15.492585022276154, 78.25005836507353],
                    [15.443833191221467, 78.23382715711104],
                    [15.470269043272248, 78.23508726559216],
                    [15.485375244444123, 78.24663206191872],
                    [15.616867859190217, 78.22346121899464],
                    [15.584252197569123, 78.20712362327014],
                    [15.57910235626053, 78.19778785586617]
                ]
            ]
        },
        "Pyramiden": {
            "size": 1,
            "radius": 100,
            "rings": [
                [
                    [16.350424206626744, 78.65443764353624],
                    [16.342184460532994, 78.65303609333907],
                    [16.307508862388463, 78.65428567647244],
                    [16.30707970894608, 78.65712206378996],
                    [16.326477444541784, 78.65658185349697],
                    [16.333944714439244, 78.65411682182328],
                    [16.350424206626744, 78.65443764353624]
                ]
            ]
        },
        "Barentsburg": {
            "size": 1,
            "radius": 75,
            "rings": [
                [
                    [14.206537899006957, 78.06890020400394],
                    [14.202503856648558, 78.06412606460059],
                    [14.209756549824828, 78.06500471856086],
                    [14.216880496968383, 78.0636467719354],
                    [14.21795338057434, 78.0653685868884],
                    [14.212417301167601, 78.06557270335868],
                    [14.206537899006957, 78.06890020400394]
                ]
            ]
        }
    }
}
