{
    "searchArea": {
        "Slovakia1": {
            "size": 253,
            "radius": 2000,
            "rings": [
                [
                    [17.199347663694237, 48.883072215591326],
                    [17.528937507444237, 48.82162553114365],
                    [18.067267585569237, 49.03455845065133],
                    [18.177130866819237, 49.28780518582061],
                    [18.613837409787987, 49.50053115699568],
                    [18.948920417600487, 49.51658221054221],
                    [18.970893073850487, 49.39696467881315],
                    [19.190619636350487, 49.411262718996426],
                    [19.450935772642897, 49.60339206005238],
                    [19.656929424986647, 49.40898690734288],
                    [19.783272198424147, 49.41256093254146],
                    [19.755806378111647, 49.20124805967692],
                    [20.077156475767897, 49.183298523345094],
                    [20.178780010924147, 49.3410309824091],
                    [20.472664288267897, 49.414347847562496],
                    [20.730842999205397, 49.4071997971641],
                    [20.928596905455397, 49.29627189108301],
                    [21.109871319517897, 49.430427155518274],
                    [21.628975323424147, 49.44471545058343],
                    [22.540840557799147, 49.064668207861246],
                    [22.296394757017897, 48.67262415745658],
                    [22.170051983580397, 48.58185581213096],
                    [22.139839581236647, 48.396181978244734],
                    [21.725105694517897, 48.34509374101691],
                    [21.444954327330397, 48.5782216822475],
                    [21.112617901549147, 48.49638467774719],
                    [20.818733624205397, 48.58185581213096],
                    [20.505623272642897, 48.523678378808995],
                    [20.313362530455397, 48.26470865455336],
                    [19.909614971861647, 48.13106315992563],
                    [19.612984112486647, 48.24459259973472],
                    [19.470161846861647, 48.09438710573037],
                    [18.849434307799147, 48.05401320916305],
                    [18.794502667174147, 47.81848199592526],
                    [18.585762432799147, 47.761277857382],
                    [17.764534405455397, 47.742811477275254],
                    [17.259163311705397, 48.00258242896207],
                    [17.088875225767897, 48.031977730720655],
                    [16.849922589049147, 48.38706283778467],
                    [16.998238018736647, 48.70888578812236],
                    [17.199347663694237, 48.883072215591326]
                ]
            ]
        },
        "Bratislava": {
            "size": 100,
            "radius": 200,
            "rings": [
                [
                    [17.100974826388125, 48.13809233891263],
                    [17.082950381808047, 48.11792650895712],
                    [17.11230447726703, 48.08754824803277],
                    [17.14131524997211, 48.136488528674974],
                    [17.193328647188906, 48.12869788057768],
                    [17.214099673800234, 48.113915314779995],
                    [17.22594430881, 48.12067686111939],
                    [17.210151462130312, 48.15561642814441],
                    [17.18697717624164, 48.1580212283126],
                    [17.209293155245547, 48.19785579273753],
                    [17.136852054171328, 48.222450760636825],
                    [17.117282657198672, 48.178056846399194],
                    [17.077457217745547, 48.17233318278052],
                    [17.04518487887836, 48.208038398316994],
                    [17.01943567233539, 48.194766287481634],
                    [17.043124942354922, 48.17004353842888],
                    [17.032825259737734, 48.14966119974913],
                    [17.100974826388125, 48.13809233891263]
                ]
            ]
        },
        "Kosice": {
            "size": 37,
            "radius": 200,
            "rings": [
                [
                    [21.190226159331793, 48.71389873995571],
                    [21.23623140835523, 48.690900587572926],
                    [21.265757165191168, 48.66811866356142],
                    [21.2784601070857, 48.67253984254236],
                    [21.26524218106031, 48.69792576846978],
                    [21.27193697476148, 48.71707007422429],
                    [21.307470879790777, 48.72862110134147],
                    [21.27416857266187, 48.74730096990491],
                    [21.27622850918531, 48.75805289699056],
                    [21.255114159820074, 48.76359772835305],
                    [21.2345147945857, 48.754091928393244],
                    [21.23777636074781, 48.73394274062863],
                    [21.190226159331793, 48.71389873995571]
                ]
            ]
        },
        "Presov": {
            "size": 20,
            "radius": 150,
            "rings": [
                [
                    [21.250834881423717, 48.96420239842066],
                    [21.28473800337196, 48.9794147015119],
                    [21.2746958128202, 48.988089269767634],
                    [21.287913738845592, 49.021534175441374],
                    [21.277099072097545, 49.03245239332297],
                    [21.260791241287, 49.01736886318786],
                    [21.26748603498817, 48.99710020891465],
                    [21.258387982009655, 48.993946565605405],
                    [21.239333569167858, 49.00982538359574],
                    [21.237445294021374, 49.02288501266376],
                    [21.222682415603405, 49.02142160401777],
                    [21.218390881179577, 49.00115459980772],
                    [21.229720532058483, 48.98279458297322],
                    [21.250834881423717, 48.96420239842066]
                ]
            ]
        },
        "Zilina": {
            "size": 24,
            "radius": 150,
            "rings": [
                [
                    [18.748353130455158, 49.201535805339354],
                    [18.737881786461017, 49.17954685369281],
                    [18.71882737361922, 49.170232260044386],
                    [18.720029003257892, 49.18280093708372],
                    [18.73307526790633, 49.195366422711],
                    [18.718999034996173, 49.19390809255452],
                    [18.705437786216876, 49.21544213568669],
                    [18.746121532554767, 49.24593264498375],
                    [18.764832622642658, 49.241674072317664],
                    [18.742173320884845, 49.23506135011824],
                    [18.782857067222736, 49.2254208810395],
                    [18.78526032650008, 49.19502988879861],
                    [18.748353130455158, 49.201535805339354]
                ]
            ]
        },
        "BanskaBystrica": {
            "size": 19,
            "radius": 150,
            "rings": [
                [
                    [19.138736722708636, 48.730018880636294],
                    [19.1751289346227, 48.738397144219824],
                    [19.156160352469378, 48.74626464737509],
                    [19.172983167410784, 48.7536782173597],
                    [19.16680335784047, 48.7678232162231],
                    [19.092988965750628, 48.74066130011158],
                    [19.11461829924672, 48.71699583516697],
                    [19.129037854910784, 48.72050672724138],
                    [19.126291272879534, 48.68957980261156],
                    [19.141225812674456, 48.70532885339124],
                    [19.138736722708636, 48.730018880636294]
                ]
            ]
        },
        "Nitra": {
            "size": 26,
            "radius": 150,