{
    "searchArea": {
        "SanMarino": {
            "size": 60,
            "radius": 300,
            "rings": [
                [
                    [12.404426831908903, 43.955533452492006],
                    [12.414039869018278, 43.952073241428984],
                    [12.420648832030974, 43.95837561800208],
                    [12.43721415490695, 43.95639847377743],
                    [12.465790962795786, 43.976617172448954],
                    [12.508620476345591, 43.99187135476803],
                    [12.514714455227427, 43.990698095289595],
                    [12.506474709133677, 43.95678705417999],
                    [12.516890146904366, 43.940223969060895],
                    [12.503672220878975, 43.923720117730824],
                    [12.471571543388741, 43.89638906925158],
                    [12.441444971733468, 43.9057275583227],
                    [12.416672908338255, 43.89968261396273],
                    [12.40705987122888, 43.90252744946885],
                    [12.416329585584348, 43.92738305317208],
                    [12.405171596082395, 43.943082485382305],
                    [12.404426831908903, 43.955533452492006]
                ]
            ]
        }
    }
}
