{
    "searchArea": {
        "Senegal1": {
            "size": 531,
            "radius": 12000,
            "rings": [
                [
                    [-17.55521698135942, 14.756150824003416],
                    [-17.14048309464067, 14.923413989741007],
                    [-16.40989227432817, 16.235632574924978],
                    [-15.808390809484418, 16.52285978401932],
                    [-14.308757020421918, 16.599206470954528],
                    [-13.226603700109418, 15.691658182614418],
                    [-12.091602278370429, 14.41426840650084],
                    [-13.579801702668242, 13.690195879387883],
                    [-12.019743108918242, 12.716881760749578],
                    [-11.632475042511992, 13.449904369593106],
                    [-11.756071233918242, 12.400539954083314],
                    [-12.176298284699492, 12.430045836872653],
                    [-13.610014105011992, 13.511335307234189],
                    [-13.582548284699492, 12.848128884182566],
                    [-15.590299749543242, 12.470275733362431],
                    [-16.72596445663697, 12.343322341444912],
                    [-16.80012217148072, 12.450623991601212],
                    [-16.75892344101197, 13.061385869088483],
                    [-16.47877207382447, 13.563866023438464],
                    [-17.17365732773072, 14.609275645761036],
                    [-17.45380869491822, 14.64116669653566],
                    [-17.55521698135942, 14.756150824003416]
                ],
                [
                    [-16.47327890976197, 13.593043505691368],
                    [-16.71223154648072, 13.173541452740078],
                    [-15.79761973007447, 13.166855602297483],
                    [-15.47901621444947, 13.426131920213715],
                    [-15.54768076523072, 12.896595555888883],
                    [-14.98737803085572, 12.93675180038586],
                    [-15.00385752304322, 13.516946314803818],
                    [-14.16889658554322, 13.236379509503498],
                    [-13.84205332382447, 13.34864541200564],
                    [-13.70747080429322, 13.727822311696471],
                    [-15.57514658554322, 14.050441417278373],
                    [-15.55866709335572, 13.586369289181821],
                    [-16.47327890976197, 13.593043505691368]
                ],
                [
                    [-15.64106455429322, 16.414129877194156],
                    [-15.96516123398072, 15.611573194663057],
                    [-14.17988291366822, 15.304495288346354],
                    [-13.44379892929322, 15.616863637911862],
                    [-14.49848642929322, 16.44047452394192],
                    [-15.64106455429322, 16.414129877194156]
                ],
                [
                    [-15.46528330429322, 15.293898303430435],
                    [-15.47077646835572, 14.188948729586823],
                    [-14.04804697616822, 13.95450257696299],
                    [-13.66352549179322, 14.151666590592347],
                    [-13.45478525741822, 13.99714700672228],
                    [-12.37263193710572, 14.439112114134694],
                    [-13.13618174179322, 14.529527793905988],
                    [-12.96589365585572, 15.00757821079533],
                    [-13.35590830429322, 15.447501956149361],
                    [-14.20734873398072, 15.118970920576437],
                    [-15.46528330429322, 15.293898303430435]
                ]
            ]
        },
        "Dakar": {
            "size": 277,
            "radius": 400,
            "rings": [
                [
                    [-17.530924425870005, 14.746193613293746],
                    [-17.42964421346766, 14.644573462028488],
                    [-17.41865788534266, 14.729260206215029],
                    [-17.36853276327235, 14.739553218404467],
                    [-17.248026476651255, 14.700370769940868],
                    [-17.245966540127817, 14.85042120542759],
                    [-17.449213610440317, 14.765117627163658],
                    [-17.480799303799692, 14.765781597749356],
                    [-17.530924425870005, 14.746193613293746]
                ]
            ]
        },
        "Touba": {
            "size": 134,
            "radius": 200,
            "rings": [
                [
                    [-15.96830361249166, 14.857170128980803],
                    [-15.91611855389791, 14.778840581456604],
                    [-15.851402214786582, 14.81070686578089],
                    [-15.824108055851035, 14.86430467421659],
                    [-15.881099632999472, 14.917059798679263],
                    [-15.96830361249166, 14.857170128980803]
                ]
            ]
        },
        "Thies": {
            "size": 34,
            "radius": 150,
            "rings": [
                [
                    [-16.941570088015467, 14.749765403196244],
                    [-16.926721378909022, 14.76927007115313],
                    [-16.910413548098475, 14.758729467826184],
                    [-16.89058665906039, 14.770349001712185],
                    [-16.911958500491053, 14.791179610361677],
                    [-16.893161579714686, 14.797403507939741],
                    [-16.907666966067225, 14.813667783562815],
                    [-16.94251422558871, 14.811012474986441],
                    [-16.947149082766444, 14.78997630290079],
                    [-16.964143559084803, 14.783544718865357],
                    [-16.95701961194125, 14.758231473926045],
                    [-16.941570088015467, 14.749765403196244]
                ]
            ]
        },
        "Kaolack": {
            "size": 20,
            "radius": 150,
            "rings": [
                [
                    [-16.07249811614898, 14.187071409209942],
                    [-16.101852211607966, 14.15644699073972],
                    [-16.09352663482574, 14.138386634193841],
                    [-16.05876520599273, 14.128731661726595],
                    [-16.065116676939997, 14.150787678561157],
                    [-16.051126274718317, 14.17042821626362],
                    [-16.07249811614898, 14.187071409209942]
                ]
            ]
        },
        "MBour": {
            "size": 29,
            "radius": 150,
            "rings": [
                [
                    [-17.00874648798342, 14.438649987606267],
                    [-16.99724517572756, 14.453860380322586],
                    [-16.9527848790967, 14.44854101700701],
                    [-16.94506011713381, 14.428259777376777],
                    [-16.945660931953146, 14.401076695292371],
                    [-16.95905051935549, 14.393178848497454],
                    [-17.00874648798342, 14.438649987606267]
                ]
            ]
        },
        "Ziguinchor": {
            "size": 25,
            "radius": 200,
            "rings": [
                [
                    [-16.304079560086933, 12.565999572895745],
                    [-16.277557877347675, 12.589455418991834],
                    [-16.250349549100605, 12.587947607625779],
                    [-16.246143845365253, 12.553600617819344],
                    [-16.284252671048847, 12.536090265077076],
                    [-16.304079560086933, 12.565999572895745]
                ]
            ]
        },
        "SaintLouis": {
            "size": 12,
            "radius": 150,