{
    "searchArea": {
        "Eswatini": {
            "size": 53,
            "radius": 15000,
            "rings": [
                [
                    [31.91040111700958, -27.31623328450842],
                    [32.08755565802521, -26.259520554730397],
                    [32.003784906072084, -25.980853863206818],
                    [31.670075189275206, -26.398604064268362],
                    [31.44897533575958, -25.74111613795269],
                    [30.870819818181456, -26.358004032110788],
                    [30.78979564825958, -26.587881881829187],
                    [30.914765130681456, -26.871212309434107],
                    [31.226770935340696, -27.22911708995692],
                    [31.91040111700958, -27.31623328450842]
                ]
            ]
        },
        "Mbabne": {
            "size": 28,
            "radius": 500,
            "rings": [
                [
                    [31.108192798334773, -26.292867398419606],
                    [31.13171040697735, -26.27940022993924],
                    [31.1674159733836, -26.3107955441393],
                    [31.1454433171336, -26.313796121638447],
                    [31.152653094965633, -26.351412149605313],
                    [31.117462512690242, -26.34195159998566],
                    [31.10132634325665, -26.328413208124037],
                    [31.113600131708797, -26.313488373676304],
                    [31.108192798334773, -26.292867398419606]
                ]
            ]
        },
        "Manzini": {
            "size": 25,
            "radius": 400,
            "rings": [
                [
                    [31.28992873973786, -26.52427853610348],
                    [31.284778898429266, -26.513833723788498],
                    [31.313274687003485, -26.483108182575283],
                    [31.359794920157782, -26.494938488412096],
                    [31.36133987255036, -26.484798300791986],
                    [31.398590391349188, -26.481418039519617],
                    [31.41627151317536, -26.495092120740015],
                    [31.366489713858954, -26.510607927983266],
                    [31.337478941153876, -26.49678206279418],
                    [31.28992873973786, -26.52427853610348]
                ]
            ]
        }
    }
}
