{
    "searchArea": {
        "Thailand1": {
            "size": 1900,
            "radius": 2700,
            "rings": [
                [
                    [98.03680645769116, 19.842534559781562],
                    [98.98163067644116, 19.78051810768749],
                    [99.08050762956616, 20.14193826408008],
                    [99.94293438737866, 20.4870877569679],
                    [100.60760723894116, 20.162565764157353],
                    [100.47577130144116, 19.58397365201063],
                    [101.26129376237866, 19.599499077523724],
                    [101.09100567644116, 17.516628286200753],
                    [102.08526837175366, 18.253727952913625],
                    [102.45928826447253, 17.969977404080403],
                    [102.60760369416003, 17.95299469381674],
                    [102.58975091095691, 17.84322099546089],
                    [102.69412102814441, 17.797461940383634],
                    [102.68176140900378, 17.861521325931214],
                    [102.95367303009753, 18.00524396916181],
                    [103.02783074494128, 17.971283698807415],
                    [103.15966668244128, 18.262345026463493],
                    [103.29562249298816, 18.305375668678316],
                    [103.22833123322253, 18.357519690867164],
                    [103.29150261994128, 18.43570619493676],
                    [103.60703303282904, 18.418768798094096],
                    [103.86658503478216, 18.288425478320427],
                    [103.96683527892279, 18.353609434793984],
                    [104.47495295470404, 17.645719607010466],
                    [104.73296959755271, 17.511030168938326],
                    [104.81399376747459, 17.381328495164947],
                    [104.80987389442771, 17.14002293695219],
                    [104.73846276161521, 17.00743350740193],
                    [104.7413088099142, 16.529129691890148],
                    [105.02008688608608, 16.24718558733438],
                    [105.04617941538295, 16.104741913264608],
                    [105.42658102671108, 16.012362607823437],
                    [105.34418356577358, 15.919940538449747],
                    [105.43471582012393, 15.760284203089475],
                    [105.64620263653018, 15.643944511593599],
                    [105.47042138653018, 15.03899936752301],
                    [105.51711328106143, 14.687254217994797],
                    [105.18690617851291, 14.38021186360617],
                    [104.27778752616916, 14.509210157696604],
                    [103.91249211601291, 14.3908537255528],
                    [103.44419987968479, 14.413465997909405],
                    [102.95668156913791, 14.233835017723964],
                    [102.89900334648166, 14.003432469045155],
                    [102.53233464530979, 13.5632978211106],
                    [102.34556706718479, 13.579317183287674],
                    [102.53233464530979, 12.691319783606907],
                    [102.81248601249729, 12.396407811790601],
                    [102.70536931327854, 12.160237379140758],
                    [102.93058903984104, 11.724922883418992],
                    [102.90861638359104, 11.630782314460872],
                    [102.61473210624729, 12.1844008762448],
                    [102.58726628593479, 12.02058319085667],
                    [102.30436833671604, 11.937293255760327],
                    [102.21647771171604, 12.318602348842338],
                    [101.74955876640354, 12.67256275287128],
                    [101.41447575859104, 12.581437568203372],
                    [100.83220036796604, 12.627004218926562],
                    [100.91734441093479, 13.44044689870688],
                    [100.27716399782122, 13.485439130138433],
                    [99.94482757203997, 13.301079249284717],
                    [99.20921267842213, 13.330021759800104],
                    [98.94475202827537, 14.14407002710288],
                    [98.32951765327537, 14.686730052401417],
                    [98.33501081733787, 15.312833834612338],
                    [99.21391706733787, 14.968172798682135],
                    [99.16997175483787, 16.401345269495188],
                    [98.90080671577537, 15.709814663073445],
                    [98.51628523140037, 15.767974007925858],
                    [98.68108015327537, 16.232644208060023],
                    [98.35698347358787, 17.022157649362683],
                    [97.87358503608787, 17.578088391177893],
                    [97.79668073921287, 19.012303748637073],
                    [98.03680645769116, 19.842534559781562]
                ]
            ]
        },
        "Thailand2": {
            "size": 495,
            "radius": 3000,
            "rings": [
                [
                    [99.40159860632103, 13.319484968211714],
                    [99.93443552038353, 13.296765947617077],
                    [100.11296335241478, 13.048054774533464],
                    [99.96327463171166, 12.673179974392786],
                    [100.01611970783075, 12.177714303911962],
                    [99.81973909259638, 11.899695359191591],
                    [99.84033845783075, 11.798893297400886],
                    [99.64396431899883, 11.515169138337148],
                    [99.57392647720195, 11.192029525810469],
                    [99.5052619264207, 11.175862986826264],
                    [99.50963095023876, 10.865073651970741],
                    [99.25831869437938, 10.515565028422674],
                    [99.29402426078563, 10.373758764788535],
                    [99.16493490531688, 10.352144526826223],
                    [99.25007894828563, 10.214318868911752],
                    [99.16768148734813, 10.053446785821082],
                    [99.16493490531688, 9.684086573693195],
                    [99.32286337211376, 9.386136968085951],
                    [99.25969198539501, 9.31160920759981],
                    [99.39152792289501, 9.1977543504934],
                    [99.78154257133251, 9.360392819563296],
                    [99.98478964164501, 9.826197147617355],
                    [100.08915975883251, 9.804546122889889],
                    [100.08366659477001, 9.392911426444114],
                    [99.92436483695751, 9.414588802346747],
                    [99.99028280570751, 8.600783170852964],
                    [100.21550253227001, 8.4758407046764],
                    [100.52311971977001, 7.306014454317128],
                    [101.01201132133251, 6.8535593159659784],
                    [101.48991659477001, 6.9026419915427315],
                    [102.09110559676913, 6.236966411357263],
                    [101.82743372176913, 5.739817883464214],
                    [101.42093958114413, 6.084046082331352],
                    [101.05839075301913, 5.723420778780123],
                    [101.10782922958163, 6.231505732477129],
                    [100.20145715926913, 6.717277863244115],
                    [100.11905969833163, 6.438971132125632],
                    [99.67411340926913, 6.165973167347877],
                    [99.71805872176913, 6.815466109295709],
                    [99.14676965926913, 7.714552170163073],
                    [99.06437219833163, 7.474973408289026],
                    [98.52604212020663, 8.37268209760641],
                    [98.43265833114413, 7.768983121195582],
                    [98.27884973739413, 7.7417685244005],
                    [98.20743860458163, 8.644317126311499],
                    [98.56094501973055, 9.970308076909426],
                    [98.81912373066805, 10.516272630530958],
                    [98.78616474629305, 10.667460502258061],
                    [99.28054951191805, 11.125959383866865],
                    [99.62661884785555, 11.820413267026236],
                    [99.40159860632103, 13.319484968211714]
                ]
            ]
        },
        "Bangkok": {
            "size": 2065,
            "radius": 300,