{
    "searchArea": {
        "Tunisia1": {
            "size": 728,
            "radius": 8000,
            "rings": [
                [
                    [11.182917381954915, 33.500454066010775],
                    [10.457819725704915, 33.25504294571789],
                    [9.870051171017415, 34.034726434859564],
                    [10.122590565330523, 34.48768170763724],
                    [10.457673573143023, 34.537471854776754],
                    [10.600495838768023, 35.49793542762109],
                    [9.938569569236773, 35.65207755068662],
                    [9.974275135643023, 35.79898752320797],
                    [10.468659901268023, 35.7677938585477],
                    [10.339570545799273, 36.19230722490554],
                    [10.529084705955523, 36.45563798930351],
                    [9.869905018455523, 36.66742362883199],
                    [10.056672596580523, 36.91377219400765],
                    [9.688630604393023, 37.14181432284727],
                    [9.831452870018023, 37.375719224766044],
                    [10.243440174705523, 37.20090556007806],
                    [10.427461170799273, 36.72248080384656],
                    [10.864167713768023, 36.4644739782233],
                    [10.540071034080523, 36.33404108728137],
                    [10.479646229393023, 36.07695920624468],
                    [11.056428455955523, 35.60494299463438],
                    [11.138825916893023, 35.18626356499443],
                    [10.817544286960702, 34.6950073800025],
                    [10.015542333835702, 34.205797048746284],
                    [10.48090437733765, 33.38999644002291],
                    [10.8516929515564, 33.43584917913935],
                    [10.6429527171814, 33.87708130954468],
                    [11.0109947093689, 33.945463163904336],
                    [11.182917381954915, 33.500454066010775]
                ]
            ]
        },
        "Tunis": {
            "size": 463,
            "radius": 700,
            "rings": [
                [
                    [10.165219701201357, 36.657083733847834],
                    [10.143247044951357, 36.73058612596165],
                    [10.059476292998232, 36.715450930716685],
                    [10.00385800686542, 36.76524823756994],
                    [10.121274388701357, 36.86474588732179],
                    [10.324521459013857, 36.898798208947554],
                    [10.356450475127138, 36.868865927095186],
                    [10.28950253811542, 36.78944740875968],
                    [10.327611363799013, 36.734988531791245],
                    [10.165219701201357, 36.657083733847834]
                ]
            ]
        },
        "Sfax": {
            "size": 222,
            "radius": 500,
            "rings": [
                [
                    [10.869812736842167, 34.799211244781354],
                    [10.763039360377324, 34.8665630371645],
                    [10.641159782740605, 34.76678385152291],
                    [10.624680290553105, 34.69031760039136],
                    [10.668282280299199, 34.64881001478951],
                    [10.869812736842167, 34.799211244781354]
                ],
                [
                    [10.639443168971074, 34.72277501827194],
                    [10.694031486842167, 34.72079971336649],
                    [10.707764396998417, 34.69483417765203],
                    [10.666908989283574, 34.65925946083772],
                    [10.639443168971074, 34.72277501827194]
                ],
                [
                    [10.650429497096074, 34.73434371352838],
                    [10.694031486842167, 34.7385757584489],
                    [10.696434746119511, 34.75521969873845],
                    [10.662789116236699, 34.77411637734886],
                    [10.650429497096074, 34.73434371352838]
                ]
            ]
        },
        "Sousse": {
            "size": 35,
            "radius": 500,
            "rings": [
                [
                    [10.580767411986963, 35.85767215959463],
                    [10.606859941283838, 35.868940660722515],
                    [10.643938798705713, 35.83234696798238],
                    [10.661448259154932, 35.79671103585514],
                    [10.618704576293604, 35.79462249696769],
                    [10.585402269164698, 35.826223180439214],
                    [10.580767411986963, 35.85767215959463]
                ]
            ]
        },
        "Monastir": {
            "size": 8,
            "radius": 200,
            "rings": [
                [
                    [10.798248787736888, 35.780181281240594],
                    [10.828547020769115, 35.750512716785664],
                    [10.845284005022044, 35.76827339821693],
                    [10.82914783558845, 35.780599069314555],
                    [10.805630226945873, 35.78394129486502],
                    [10.798248787736888, 35.780181281240594]
                ]
            ]
        }
    }
}
