{
    "searchArea": {
        "Turkey1": {
            "size": 4786,
            "radius": 18000,
            "rings": [
                [
                    [36.197691805957085, 35.9685037222348],
                    [36.675597079394585, 36.83506367349194],
                    [37.202940829394585, 36.65459350470633],
                    [39.515180168711666, 37.12074535880064],
                    [41.509198723399166, 37.063783176645906],
                    [43.904218254649166, 37.24766046902106],
                    [44.354657707774166, 38.539414735473294],
                    [44.71745936737708, 39.7872787268719],
                    [44.36589686737708, 40.03587193255531],
                    [43.70122401581458, 40.09892969315565],
                    [43.41286706159499, 41.14347797345524],
                    [42.79213952253249, 41.60925856807233],
                    [41.49575280378249, 41.53117479960602],
                    [41.06728600690749, 41.26333269901126],
                    [40.17190026471999, 40.97365376625054],
                    [39.40285729596999, 41.139341137032794],
                    [38.25478600690749, 40.97365376625054],
                    [35.91469811628249, 41.72005732460482],
                    [34.99184655378249, 42.075777846232754],
                    [33.20656823346999, 42.022750142033686],
                    [31.10817956159499, 41.12692906215931],
                    [28.89443444440749, 41.28397511773467],
                    [27.98806237409499, 41.936996508332676],
                    [26.60378503034499, 41.96150933011404],
                    [26.37856530378249, 41.72415732036353],
                    [26.63125085065749, 41.55584302771982],
                    [26.55434655378249, 41.09795842207694],
                    [26.05996178815749, 40.69935774270737],
                    [25.65896081159499, 40.113765389424394],
                    [26.81801842878249, 38.9102460095035],
                    [26.24672936628249, 38.30284553118547],
                    [27.15859460065749, 37.954170606227905],
                    [27.24373864362624, 36.96438756320436],
                    [28.66921471784499, 36.71820210591868],
                    [29.46023034284499, 36.143652182531504],
                    [30.50393151471999, 36.24118244169971],
                    [30.68520592878249, 36.84578994414818],
                    [31.63552331159499, 36.656531987974795],
                    [32.69570397565749, 35.99712919629991],
                    [33.67348717878249, 36.148088010967584],
                    [34.66225671003249, 36.77982275382028],
                    [35.40383385846999, 36.50655594055125],
                    [36.09597253034499, 36.89412974549404],
                    [35.94216393659499, 36.099280103906175],
                    [36.197691805957085, 35.9685037222348]
                ]
            ]
        },
        "Istanbul": {
            "size": 2345,
            "radius": 700,
            "rings": [
                [
                    [28.99042224791658, 40.98600795995815],
                    [29.387303351432205, 40.749227007403064],
                    [29.52325916197908, 40.8469497958976],
                    [29.195042609244705, 41.03885621414476],
                    [29.25958728697908, 41.19094627243027],
                    [28.978062628775955, 41.25292256056725],
                    [28.862706183463455, 41.15476631695991],
                    [28.714390753775955, 41.23227032392524],
                    [28.21039295104158, 41.06785291399953],
                    [28.629246710807205, 40.952826628555385],
                    [28.99042224791658, 40.98600795995815]
                ]
            ]
        },
        "Ankara": {
            "size": 906,
            "radius": 700,
            "rings": [
                [
                    [32.80180564973134, 39.74540610178434],
                    [32.89656272980947, 39.87358017848596],
                    [33.01329246613759, 39.87199923962948],
                    [33.00917259309072, 39.972579640604984],
                    [32.917848740551655, 40.00098918923748],
                    [32.94668785187978, 40.08036798390131],
                    [32.79013267609853, 40.02097401110305],
                    [32.60405174348134, 40.058298391418234],
                    [32.51066795441884, 39.95258065428059],
                    [32.63083091828603, 39.91941155296726],
                    [32.65486351105947, 39.74435017970871],
                    [32.80180564973134, 39.74540610178434]
                ]
            ]
        },
        "Izmir": {
            "size": 231,
            "radius": 400,
            "rings": [
                [
                    [27.032968393695747, 38.47432978693171],
                    [27.11055933607856, 38.44905976618488],
                    [27.154161325824653, 38.468416320308314],
                    [27.170640818012153, 38.444757604390354],
                    [27.14248835219184, 38.4442198161334],
                    [27.11776911391059, 38.41006205633301],
                    [27.08652674330512, 38.39983848429833],
                    [27.01442896498481, 38.414097278775714],
                    [26.993486276996528, 38.403874277592735],
                    [27.005502573383247, 38.36915909223907],
                    [27.031251779926215, 38.387460646546295],
                    [27.08755671156684, 38.34923743470902],
                    [27.151071421039497, 38.34035168494367],
                    [27.160341135394965, 38.362160215637225],
                    [27.200853220355903, 38.36108340532224],
                    [27.199479929340278, 38.41302124149151],
                    [27.288743845355903, 38.42620159397805],
                    [27.25235163344184, 38.478092649542226],
                    [27.173387400043403, 38.48266157580804],
                    [27.042238108051215, 38.52806632619322],
                    [27.032968393695747, 38.47432978693171]
                ]
            ]
        },
        "Adana": {
            "size": 148,
            "radius": 400,
            "rings": [
                [
                    [35.34121869990821, 36.999797905274995],
                    [35.42258619258399, 37.058178041682375],
                    [35.43906568477149, 37.03598243234339],
                    [35.38619398066993, 37.003636474975146],
                    [35.389283885455086, 36.97100245572619],
                    [35.34293531367774, 36.94301929789609],
                    [35.18294691035743, 36.9934912629085],
                    [35.23719190547462, 37.0154251558148],
                    [35.235475291705086, 37.06776672879691],
                    [35.30070661494727, 37.06530118215536],
                    [35.34121869990821, 36.999797905274995]
                ]
            ]
        },
        "Gaziantep": {
            "size": 107,
            "radius": 200,
            "rings": [
                [
                    [37.32081769893165, 37.10556174028618],
                    [37.35617994258399, 37.08324305180806],
                    [37.37729429194923, 37.109121168534635],
                    [37.44510053584571, 37.10268669535258],
                    [37.455743541216805, 37.05365724026067],
                    [37.41557477900977, 37.030501035906234],
                    [37.364076365923836, 37.03283067773402],
                    [37.389310588335945, 37.01199840221358],
                    [37.33025907466407, 37.004596087118365],
                    [37.30485319087501, 37.02803427843477],
                    [37.32081769893165, 37.10556174028618]
                ]
            ]
        },
        "Konya": {
            "size": 415,
            "radius": 300,