{
    "searchArea": {
        "Taiwan1": {
            "size": 32013,
            "radius": 2000,
            "rings": [
                [
                    [121.541748046875, 25.333592438538652],
                    [121.73675537109375, 25.184554018070006],
                    [121.9317626953125, 25.14477958048887],
                    [122.0306396484375, 25.007956163835672],
                    [121.8603515625, 24.86101233550393],
                    [121.89605712890625, 24.5616049411591],
                    [121.62139892578125, 23.860211560977696],
                    [121.431884765625, 23.107893565339616],
                    [121.14898681640625, 22.70562704581085],
                    [121.0418701171875, 22.647339037699282],
                    [120.9100341796875, 22.29709296651635],
                    [120.90728759765625, 22.009641334195724],
                    [120.85784912109375, 21.862811964410113],
                    [120.69580078125, 21.913783713445813],
                    [120.618896484375, 22.318357611029658],
                    [120.27557373046875, 22.546844510000202],
                    [120.146484375, 22.949579857026325],
                    [120.003662109375, 23.05829107480283],
                    [120.1300048828125, 23.396501439256067],
                    [120.11627197265625, 23.63323986751703],
                    [120.40916494073552, 24.173000933186184],
                    [121.03263906182927, 25.046971191191616],
                    [121.36772206964177, 25.163865275691347],
                    [121.541748046875, 25.333592438538652]
                ],
                [
                    [121.37918363587848, 24.150619418756147],
                    [120.93149076478473, 23.606885547273112],
                    [120.97680936830035, 23.45453491208327],
                    [120.75021635072223, 23.42555577082646],
                    [120.73511014955035, 23.23640584931699],
                    [120.97818265931598, 23.37388155197152],
                    [121.14847074525348, 23.170771120490905],
                    [121.5014065362691, 24.15187250368242],
                    [121.37918363587848, 24.150619418756147]
                ],
                [
                    [121.03036771790973, 24.4710067364648],
                    [121.0289944268941, 24.032774634892487],
                    [121.14572416322223, 24.089203213618667],
                    [121.15396390931598, 24.35095637391119],
                    [121.40115629212848, 24.527240998843904],
                    [121.03036771790973, 24.4710067364648]
                ],
                [
                    [121.4354885675191, 24.449756139428313],
                    [121.29541288392535, 24.258339758058916],
                    [121.6332424737691, 24.201985818849813],
                    [121.7815579034566, 24.570961357073593],
                    [121.56457792298785, 24.599683576908717],
                    [121.64697538392535, 24.49350345943853],
                    [121.4354885675191, 24.449756139428313]
                ],
                [
                    [120.84792244696945, 23.2353613748932],
                    [121.11846077704757, 23.099006023845117],
                    [120.79299080634445, 22.31864589121274],
                    [120.72295296454757, 22.525569145786672],
                    [120.78749764228195, 22.75118084174967],
                    [120.75591194892257, 23.11416347181082],
                    [120.84792244696945, 23.2353613748932]
                ]
            ]
        },
        "Taiwan2": {
            "size": 518,
            "radius": 2000,
            "rings": [
                [
                    [119.50926134688916, 23.65781365964546],
                    [119.46600267989697, 23.559662466657848],
                    [119.48591539962354, 23.340445751781463],
                    [119.54702684981885, 23.363770544625073],
                    [119.48248217208447, 23.47214541569352],
                    [119.60882494552197, 23.500484640444423],
                    [119.70632860763135, 23.554627092342873],
                    [119.6156914006001, 23.76594631645865],
                    [119.50926134688916, 23.65781365964546]
                ]
            ]
        },
        "Taiwan3": {
            "size": 212,
            "radius": 600,
            "rings": [
                [
                    [118.21186317415886, 24.41066341113917],
                    [118.23177589388543, 24.450986497510783],
                    [118.31520332308465, 24.494733390027914],
                    [118.37185157747918, 24.462237150333006],
                    [118.41236366244011, 24.53690348589823],
                    [118.46935523958855, 24.48098600500555],
                    [118.4772516629284, 24.428482178429977],
                    [118.43399299593621, 24.405661199709716],
                    [118.39828742952996, 24.43192059824239],
                    [118.35502876253777, 24.41972941417073],
                    [118.32515968294793, 24.380959876629568],
                    [118.26267494173699, 24.420042023349797],
                    [118.22422279329949, 24.402847368694868],
                    [118.21186317415886, 24.41066341113917]
                ]
            ]
        }
    }
}
