{
    "searchArea": {
        "Tanzania1": {
            "size": 31,
            "radius": 500,
            "rings": [
                [
                    [29.634464566598282, -4.616770764754838],
                    [29.666393582711564, -4.643120351797528],
                    [29.660557095895157, -4.650135335942363],
                    [29.636696164498673, -4.6318277918181225],
                    [29.625881497750626, -4.663994001618859],
                    [29.655407254586564, -4.6715220511188065],
                    [29.631374661813126, -4.71822836497925],
                    [29.622963254342423, -4.684353767306832],
                    [29.611461942086564, -4.735165044716527],
                    [29.628971402535782, -4.748337731219851],
                    [29.62279159296547, -4.758430918226579],
                    [29.598244016061173, -4.750561666477462],
                    [29.634464566598282, -4.616770764754838]
                ]
            ]
        }
    }
}
