{
    "searchArea": {
        "Ukraine1": {
            "size": 1538,
            "radius": 20000,
            "rings": [
                [
                    [23.785514587647157, 51.204629609417545],
                    [24.318351501709657, 51.83016002730079],
                    [25.834464782959657, 51.928500093900865],
                    [27.487907165772157, 51.603843287669164],
                    [28.581046814209657, 51.147806685032776],
                    [28.935355896240907, 51.58166131546477],
                    [30.63922619477583, 51.322438943236754],
                    [30.610148990630005, 51.715301476614144],
                    [31.033122623442505, 52.067870972836076],
                    [32.4393726234425, 52.037469434711156],
                    [32.61857423650385, 52.28484756706571],
                    [33.2914868341601, 52.30836389719689],
                    [34.33793458806635, 51.86959209350886],
                    [34.18855662851587, 51.27052535298155],
                    [35.12788768320337, 51.17075104187591],
                    [35.56184764414087, 50.36125067676841],
                    [36.48469920664087, 50.27619443469029],
                    [36.39191521333991, 48.92221725868545],
                    [37.62238396333991, 49.06998610901465],
                    [38.60016716646491, 48.994354386009135],
                    [39.45160759615241, 48.55633004341946],
                    [38.31452263521491, 48.92763116223079],
                    [37.58942497896491, 48.690677080760395],
                    [37.98589112963473, 47.93155412010447],
                    [37.41185548510348, 47.88552717661348],
                    [37.84581544604098, 48.166570970786864],
                    [37.35692384447848, 49.009528328593],
                    [35.59911134447848, 48.41327879279023],
                    [35.451579690987565, 46.39056249123232],
                    [34.924235940987565, 45.80396006926448],
                    [34.429851175362565, 46.11708356537901],
                    [34.495769144112565, 47.459710343915944],
                    [32.44410239410331, 46.02840959427906],
                    [31.85633383941581, 46.827289529684265],
                    [30.65882407379081, 46.28335115503379],
                    [30.27979575347831, 45.841211933257064],
                    [29.91724692535331, 46.853592044741596],
                    [29.31299887847831, 47.436422985175746],
                    [29.12073813629081, 48.521127945772065],
                    [28.22535239410331, 48.221903165694656],
                    [27.57166587066581, 48.48109013766532],
                    [26.320849042761623, 48.18324991101005],
                    [26.013231855261623, 47.98141267916654],
                    [24.14847882774258, 47.92434885573351],
                    [23.18168195274258, 48.119075670314054],
                    [22.98392804649258, 47.99424116583449],
                    [22.13798078086758, 48.42983837385829],
                    [22.55546124961758, 49.07089701111837],
                    [22.88505109336758, 48.99526667396164],
                    [22.963372171289983, 49.78891068802235],
                    [23.74238548760586, 50.38567889655331],
                    [24.08883463095512, 50.437220160498036],
                    [24.10531412314262, 50.879474799548596],
                    [23.785514587647157, 51.204629609417545]
                ]
            ]
        },
        "Kyiv": {
            "size": 597,
            "radius": 500,
            "rings": [
                [
                    [30.310726109136024, 50.492940460711424],
                    [30.45492166577665, 50.531365469581665],
                    [30.63619607983915, 50.531365469581665],
                    [30.71859354077665, 50.352073180790256],
                    [30.58675760327665, 50.33410658701154],
                    [30.51328653394071, 50.261294315724484],
                    [30.303173008550086, 50.37835350740208],
                    [30.310726109136024, 50.492940460711424]
                ]
            ]
        },
        "Kharkiv": {
            "size": 330,
            "radius": 400,
            "rings": [
                [
                    [36.14929184273662, 50.08558271223466],
                    [36.17126449898662, 50.017243995181694],
                    [36.12766250924053, 49.97376526264305],
                    [36.0655210907835, 49.97244042033114],
                    [36.09813675240459, 49.92582693547584],
                    [36.21177658394756, 49.879389568242075],
                    [36.23649582222881, 49.90217157660361],
                    [36.30584701851787, 49.86412181910032],
                    [36.276321261681936, 49.93510904536287],
                    [36.417426913537405, 49.913005844711655],
                    [36.44248947457256, 49.93400412602157],
                    [36.40300735787334, 50.00863965138035],
                    [36.29692062691631, 50.06553208247195],
                    [36.25400528267803, 50.03356595120202],
                    [36.14929184273662, 50.08558271223466]
                ]
            ]
        },
        "Odesa": {
            "size": 82,
            "radius": 300,
            "rings": [
                [
                    [30.69378853012627, 46.50672893090095],
                    [30.767602922216113, 46.47907497104623],
                    [30.774126054540332, 46.430350917216394],
                    [30.75146675278252, 46.378267379043734],
                    [30.72228431870049, 46.36263262096372],
                    [30.705118181005176, 46.379214796298925],
                    [30.7119846360833, 46.41922815628794],
                    [30.618257524266895, 46.48427593438172],
                    [30.683145524755176, 46.47079968651686],
                    [30.69378853012627, 46.50672893090095]
                ]
            ]
        },
        "Dnipro": {
            "size": 163,
            "radius": 500,
            "rings": [
                [
                    [34.961592352728765, 48.4426222949296],
                    [35.04742304120533, 48.40502965523608],
                    [35.098921454291265, 48.45355311501806],
                    [35.121924078802984, 48.3963680171821],
                    [35.15179315839283, 48.39568414083651],
                    [35.12982050214283, 48.44786027314255],
                    [35.17548242841236, 48.47791126708084],
                    [35.22286096845142, 48.44968205198176],
                    [35.19161859784595, 48.49657034999009],
                    [35.13600031171314, 48.501802762360924],
                    [35.12158075604908, 48.544551797868564],
                    [34.97223535809986, 48.523409178184245],
                    [34.998327887396734, 48.478821625525526],
                    [34.961592352728765, 48.4426222949296]
                ]
            ]
        },
        "Donetsk": {
            "size": 85,
            "radius": 300,
            "rings": [
                [
                    [37.70319828455225, 48.0575450712972],
                    [37.77169117395655, 48.066378962136405],
                    [37.822674602911626, 48.02403134613712],
                    [37.87554630701319, 48.02759034458639],
                    [37.881897777960454, 47.982223431224696],
                    [37.80138859216944, 47.985325731293514],
                    [37.80877003137842, 47.96797343643723],
                    [37.75847324793116, 47.97751217458798],
                    [37.74783024256006, 48.00060471040148],
                    [37.704056591437016, 47.99532076321907],
                    [37.71727451746241, 48.02885315593266],
                    [37.70319828455225, 48.0575450712972]
                ]
            ]
        },
        "Zaporizhzhia": {
            "size": 101,
            "radius": 400,