{
    "searchArea": {
        "Uganda1": {
            "size": 278,
            "radius": 1500,
            "rings": [
                [
                    [30.776624987382668, -0.5892115394922866],
                    [30.891294787187356, -0.7031874257262525],
                    [31.044416735429543, -0.6613050200523586],
                    [31.04922325398423, -0.5898981486503019],
                    [31.01901085164048, -0.5246699144678858],
                    [30.880308459062356, -0.6221686818120946],
                    [30.776624987382668, -0.5892115394922866]
                ]
            ]
        },
        "Uganda2": {
            "size": 362,
            "radius": 1500,
            "rings": [
                [
                    [29.87341085477626, -0.13372920399015828],
                    [29.89538351102626, -0.19827360741198072],
                    [29.990827236612198, -0.17218121468929862],
                    [30.141202602823135, -0.0458386955181919],
                    [30.089017544229385, 0.00909294017872887],
                    [29.994947109659073, 0.000853194123120805],
                    [29.87341085477626, -0.13372920399015828]
                ]
            ]
        },
        "Uganda3": {
            "size": 23,
            "radius": 1000,
            "rings": [
                [
                    [30.403945323308168, 0.41861857396262336],
                    [30.445487376530824, 0.48899752647341094],
                    [30.404288646062074, 0.45329316781384144],
                    [30.340087291081606, 0.4941471782446642],
                    [30.403945323308168, 0.41861857396262336]
                ]
            ]
        },
        "Uganda4": {
            "size": 173,
            "radius": 1000,
            "rings": [
                [
                    [33.649956792760435, 3.727823488995323],
                    [33.75570020096356, 3.6414850061338493],
                    [33.795525640416685, 3.704526630002027],
                    [33.72171124832684, 3.769961825252982],
                    [33.68703565018231, 3.890884006394145],
                    [33.78041943924481, 3.9658950272797417],
                    [33.76630984845636, 4.000647713545796],
                    [33.66914950910089, 3.8941276527429936],
                    [33.71103488507745, 3.749910277020991],
                    [33.649956792760435, 3.727823488995323]
                ]
            ]
        },
        "Uganda5": {
            "size": 1089,
            "radius": 1000,
            "rings": [
                [
                    [32.40917820782263, 0.04760064606329706],
                    [32.44213719219763, 0.009835148561033305],
                    [32.51080174297888, 0.04966058184461874],
                    [32.576033066221065, 0.03798761164654445],
                    [32.57671971172888, 0.19385577484002925],
                    [32.64813084454138, 0.248787003540807],
                    [32.682463119932, 0.32981013387621727],
                    [32.773786972471065, 0.31058435997444084],
                    [32.825972031064815, 0.3655150423871158],
                    [32.65637059063513, 0.4080860927808401],
                    [32.633711288877315, 0.46850912669321404],
                    [32.50874180645544, 0.4609562745713809],
                    [32.375532577939815, 0.4204453888354334],
                    [32.499128769346065, 0.12313156261937974],
                    [32.40917820782263, 0.04760064606329706]
                ]
            ]
        },
        "Uganda6": {
            "size": 366,
            "radius": 3000,
            "rings": [
                [
                    [31.362583273034453, 2.261934178434512],
                    [31.51021205721414, 2.4608921776574033],
                    [31.583683126550078, 2.3614167393256675],
                    [31.832935445886015, 2.4828443886090863],
                    [31.700412862878203, 2.264678617833724],
                    [31.845981710534453, 2.2543869433322667],
                    [31.873447530846953, 2.167934036650515],
                    [31.723758810143828, 2.143918455526525],
                    [31.76219240908151, 1.6756038261786477],
                    [31.69902102236276, 1.6632494531283795],
                    [31.68528811220651, 2.1587302406617552],
                    [31.362583273034453, 2.261934178434512]
                ]
            ]
        }
    }
}
