{
    "searchArea": {
        "MidwayAtoll": {
            "size": 5,
            "radius": 200,
            "rings": [
                [
                    [-177.3949047402666, 28.197865572631017],
                    [-177.38640750210743, 28.21359844794752],
                    [-177.3688980416582, 28.21953549331418],
                    [-177.35881293576222, 28.214127879410785],
                    [-177.3670955972002, 28.212615211123932],
                    [-177.36276114743214, 28.206677781024457],
                    [-177.39335978787403, 28.19529363232281],
                    [-177.3949047402666, 28.197865572631017]
                ]
            ]
        }
    }
}
