{
    "searchArea": {
        "Uruguay": {
            "size": 362,
            "radius": 20000,
            "rings": [
                [
                    [-57.63063632000072, -30.189381945851444],
                    [-56.43861971843822, -30.39333898881272],
                    [-55.89479647625072, -31.059138090689306],
                    [-55.57619296062572, -30.84714902505992],
                    [-53.13173495281322, -32.714826932653615],
                    [-53.74696932781322, -33.32739989818023],
                    [-53.38442049968822, -33.77146905069584],
                    [-53.76480779310225, -34.43913901765276],
                    [-54.92386541028975, -34.999010865249154],
                    [-55.70938787122725, -34.77822433332078],
                    [-56.15982732435225, -34.96750626698782],
                    [-57.11563787122725, -34.45725850351115],
                    [-57.86820134778975, -34.498012972121366],
                    [-58.43399724622725, -33.88005101655185],
                    [-58.38455876966475, -33.11506794790978],
                    [-58.06595525403975, -33.04602678719677],
                    [-58.14835271497725, -31.85009123408494],
                    [-57.63063632000072, -30.189381945851444]
                ]
            ]
        },
        "Montevideo": {
            "size": 198,
            "radius": 300,
            "rings": [
                [
                    [-56.248740777123345, -34.89728821274158],
                    [-56.27963982497491, -34.88039130946347],
                    [-56.27689324294366, -34.82517055021164],
                    [-56.239471062767876, -34.81868813376385],
                    [-56.26213036452569, -34.78683233077151],
                    [-56.18213616286553, -34.82376137264198],
                    [-56.12754784499444, -34.78993387899281],
                    [-56.082915886986626, -34.82150663838198],
                    [-56.10729180251397, -34.83728848198709],
                    [-56.110381707299126, -34.86208241020108],
                    [-56.04068718825616, -34.84686883985567],
                    [-56.01116143142022, -34.871659881442945],
                    [-56.066436394799126, -34.899822448521846],
                    [-56.115188225853814, -34.89616186062982],
                    [-56.15879021559991, -34.92825684252498],
                    [-56.217498406517876, -34.90714313486821],
                    [-56.194839104760064, -34.897006626161605],
                    [-56.20719872390069, -34.877293166967085],
                    [-56.24256096755303, -34.875039899079],
                    [-56.248740777123345, -34.89728821274158]
                ]
            ]
        },
        "Salto": {
            "size": 27,
            "radius": 200,
            "rings": [
                [
                    [-57.98513657859583, -31.363818038769683],
                    [-57.975695202863406, -31.385069468124648],
                    [-58.00710923484583, -31.417010845164967],
                    [-58.00110108665247, -31.424188832610604],
                    [-57.986681530988406, -31.40631609000212],
                    [-57.97312028220911, -31.41334839504046],
                    [-57.94222123435755, -31.414373895488318],
                    [-57.92522675803919, -31.378181600286407],
                    [-57.94222123435755, -31.368361851746236],
                    [-57.98513657859583, -31.363818038769683]
                ]
            ]
        },
        "CiudadDeLaCosta": {
            "size": 66,
            "radius": 250,
            "rings": [
                [
                    [-56.00187693910318, -34.86489157477705],
                    [-55.9098664410563, -34.81191546966011],
                    [-55.79931651429849, -34.77159699355236],
                    [-55.81699763612466, -34.76186685749688],
                    [-55.8630028851481, -34.761443782084285],
                    [-55.89098368959146, -34.78583758799452],
                    [-55.929779160782864, -34.78188994668962],
                    [-56.03105937318521, -34.84953764924378],
                    [-56.00187693910318, -34.86489157477705]
                ]
            ]
        },
        "Paysandu": {
            "size": 21,
            "radius": 150,
            "rings": [
                [
                    [-58.08989780513473, -32.28918318639613],
                    [-58.10225742427536, -32.31268895057207],
                    [-58.101570778767545, -32.32821101907119],
                    [-58.05556552974411, -32.345905831985576],
                    [-58.047154122273405, -32.3115283151991],
                    [-58.069126778523405, -32.30790123381954],
                    [-58.065865212361295, -32.29208546243984],
                    [-58.08989780513473, -32.28918318639613]
                ]
            ]
        },
        "Rivera": {
            "size": 5,
            "radius": 100,
            "rings": [
                [
                    [-55.552649282850446, -30.878277814870838],
                    [-55.54801442567271, -30.888295732058783],
                    [-55.52904584351939, -30.899490987880938],
                    [-55.53548314515513, -30.912378641559442],
                    [-55.560889028944196, -30.89875449811613],
                    [-55.55222012940806, -30.88630696419945],
                    [-55.552649282850446, -30.878277814870838]
                ]
            ]
        },
        "Maldonado": {
            "size": 45,
            "radius": 150,
            "rings": [
                [
                    [-55.010689707242065, -34.90967415013588],
                    [-54.980992289029174, -34.87503698143456],
                    [-54.9603929237948, -34.8936245949241],
                    [-54.93945023580652, -34.88109249904264],
                    [-54.927262278042846, -34.90531010789412],
                    [-54.93773362203699, -34.904183865792994],
                    [-54.94082352682214, -34.91657167930491],
                    [-54.923829050503784, -34.92177963361127],
                    [-54.873875589810424, -34.91220800370528],
                    [-54.866837473355346, -34.92065361743906],
                    [-54.89928147359949, -34.93247601665335],
                    [-54.95283982320886, -34.97313768495458],
                    [-54.95507142110925, -34.96427544198359],
                    [-54.94065186544519, -34.95541224035842],
                    [-54.94717499776941, -34.94260814579189],
                    [-54.9713792519198, -34.920512864331215],
                    [-55.010689707242065, -34.90967415013588]
                ]
            ]
        }
    }
}
