{
    "searchArea": {
        "VirginIslands1": {
            "size": 54,
            "radius": 500,
            "rings": [
                [
                    [-65.04213660687071, 18.354444347256695],
                    [-64.97347205608946, 18.36812978987795],
                    [-64.94154303997618, 18.342387225363613],
                    [-64.8708185526715, 18.34988229199265],
                    [-64.8268732401715, 18.323159263878843],
                    [-64.84644263714415, 18.312077772918144],
                    [-64.89794105023009, 18.31175183597302],
                    [-64.93604987591368, 18.334240045110125],
                    [-64.96935218304259, 18.334891833660603],
                    [-64.99613135784728, 18.352815055638132],
                    [-65.02909034222228, 18.33945428470918],
                    [-65.04213660687071, 18.354444347256695]
                ]
            ]
        },
        "VirginIslands2": {
            "size": 28,
            "radius": 300,
            "rings": [
                [
                    [-64.80181067913634, 18.32723316302745],
                    [-64.78430121868712, 18.308003517002266],
                    [-64.75374549358946, 18.317292680579527],
                    [-64.75511878460509, 18.327559070814612],
                    [-64.77966636150938, 18.330981065502915],
                    [-64.72353309124571, 18.349230559975926],
                    [-64.71786826580626, 18.335706565893293],
                    [-64.70362037151915, 18.346949478554667],
                    [-64.7389826151715, 18.36861853561753],
                    [-64.79597419231993, 18.34124664324558],
                    [-64.80181067913634, 18.32723316302745]
                ]
            ]
        },
        "VirginIslands3": {
            "size": 239,
            "radius": 500,
            "rings": [
                [
                    [-64.9078921212346, 17.6792223809677],
                    [-64.88557614223069, 17.706370309860567],
                    [-64.8969057931096, 17.748228944475947],
                    [-64.87767971889085, 17.774385623117556],
                    [-64.83957089320725, 17.76425036408074],
                    [-64.79184903041428, 17.786645248989842],
                    [-64.74687374965256, 17.783376097681735],
                    [-64.7072199715764, 17.749700359156083],
                    [-64.66121472255296, 17.768173758316998],
                    [-64.56258343609757, 17.75882058135515],
                    [-64.5749430552382, 17.743943145000518],
                    [-64.70780896099991, 17.701756442620674],
                    [-64.76325558575577, 17.716310341220726],
                    [-64.78728817852921, 17.694070199759995],
                    [-64.83843639315621, 17.679693046295263],
                    [-64.9078921212346, 17.6792223809677]
                ]
            ]
        }
    }
}
