{
    "searchArea": {
        "Vanuatu": {
            "size": 6,
            "radius": 500,
            "rings": [
                [
                    [168.13317925474666, -16.24521585537619],
                    [168.1370416357281, -16.253291256549637],
                    [168.15403611204647, -16.253126455760192],
                    [168.15669686338924, -16.25856480883868],
                    [168.18527848265194, -16.26573331697733],
                    [168.20089966795467, -16.253373656892524],
                    [168.22905213377499, -16.24818236782332],
                    [168.25420052549862, -16.260212764901933],
                    [168.2572045995953, -16.25807041932411],
                    [168.24158341429256, -16.248017562750505],
                    [168.22467476866268, -16.245545470080575],
                    [168.20089966795467, -16.25090163157774],
                    [168.18373353025936, -16.262767069478677],
                    [168.1568685247662, -16.25535125475712],
                    [168.15626770994686, -16.251231236749422],
                    [168.14356476805233, -16.250077616230502],
                    [168.13317925474666, -16.24521585537619]
                ]
            ]
        }
    }
}
