{
    "searchArea": {
        "SouthAfrica": {
            "size": 1279321,
            "radius": 10000,
            "rings": [
                [
                    [16.398712326337307, -28.835899412074298],
                    [18.266388107587307, -34.67919115329913],
                    [27.165313888837307, -33.88034204138475],
                    [32.922149826337304, -28.546777511772426],
                    [31.449981857587307, -22.279827879450462],
                    [29.076934982587307, -22.17812972496995],
                    [25.121856857587307, -25.652304447892487],
                    [20.090118576337307, -28.372922020298255],
                    [16.398712326337307, -28.835899412074298]
                ],
                [
                    [26.989532638837307, -29.641163178238546],
                    [28.593536545087307, -28.52747436325239],
                    [29.538360763837307, -29.430873941887075],
                    [28.110138107587307, -30.704891965727324],
                    [26.989532638837307, -29.641163178238546]
                ],

                [
                    [30.812774826337307, -26.343521782588308],
                    [31.428009201337307, -25.553228477584756],
                    [32.175079513837304, -26.087259038424353],
                    [31.977325607587307, -27.362871730064935],
                    [30.944610763837307, -27.148007682093105],
                    [30.812774826337307, -26.343521782588308]
                ],
                [
                    [18.031323003712476, -29.65214227948582],
                    [18.745434331837476, -31.50585985030235],
                    [23.172924566212476, -30.450929016297327],
                    [22.217114019337476, -26.8852138855327],
                    [20.228588628712476, -27.110362564521065],
                    [20.096752691212476, -28.635043016981637],
                    [18.031323003712476, -29.65214227948582]
                ],

                [
                    [19.244182737149544, -31.651939712042072],
                    [23.539837034024544, -30.759263549961215],
                    [26.000774534024544, -32.905840351012074],
                    [20.254924924649544, -33.63150561169828],
                    [19.244182737149544, -31.651939712042072]
                ]
            ]
        },
        "Johannesburg": {
            "size": 2365,
            "radius": 100,
            "rings": [
                [
                    [27.79511650015032, -26.288443018393384],
                    [28.17345817495501, -26.40904361527657],
                    [28.30529411245501, -26.277976840799266],
                    [28.37189872671282, -26.309372540328944],
                    [28.33825309683001, -26.384441463030626],
                    [28.44262321401751, -26.40473861715435],
                    [28.50304801870501, -26.257041653678655],
                    [28.36091239858782, -26.0690721786428],
                    [27.909099654447196, -25.99688557994726],
                    [27.73400504995501, -26.080790594136136],
                    [27.79511650015032, -26.288443018393384]
                ]
            ]
        },
        "Pretoria": {
            "size": 774,
            "radius": 200,
            "rings": [
                [
                    [28.07107620093053, -25.63863339378035],
                    [28.036057280032093, -25.77783582317475],
                    [28.251663969485218, -25.87672500159951],
                    [28.390366362063343, -25.792056224913345],
                    [28.43637161108678, -25.698046343578962],
                    [28.295609281985218, -25.595292798170984],
                    [28.26608352514928, -25.64234757036007],
                    [28.07107620093053, -25.63863339378035]
                ]
            ]
        },
        "CapeTown": {
            "size": 893,
            "radius": 500,
            "rings": [
                [
                    [18.366474609222657, -34.18621198451775],
                    [18.451618652191407, -34.131665978147396],
                    [18.698124389496094, -34.07537851847651],
                    [18.764042358246094, -34.00368580443169],
                    [18.71597717269922, -33.90059267179222],
                    [18.76884887680078, -33.81962560447715],
                    [18.64525268539453, -33.800227735426475],
                    [18.48801086410547, -33.85612730663592],
                    [18.451618652191407, -33.915979129760146],
                    [18.366474609222657, -34.18621198451775]
                ]
            ]
        },
        "Bloemfontein": {
            "size": 253,
            "radius": 200,
            "rings": [
                [
                    [26.134537305770422, -29.098117606136313],
                    [26.17676600450089, -29.20396005357755],
                    [26.246117200789953, -29.22523529768514],
                    [26.30791529649308, -29.158997834654592],
                    [26.285255994735266, -29.05701058698776],
                    [26.147240247664953, -29.036601014539446],
                    [26.134537305770422, -29.098117606136313]
                ]
            ]
        }
    }
}
