{
    "searchArea": {
        "SouthAfrica": {
            "size": 4286,
            "radius": 30000,
            "rings": [
                [
                    [16.640411545087307, -28.662522067140348],
                    [18.409210373212307, -34.38051285887511],
                    [19.518829513837307, -34.823618747143726],
                    [27.143341232587307, -33.843850686679964],
                    [32.515655685712304, -28.479201026692394],
                    [32.922149826337304, -26.89354389850186],
                    [31.296173263837307, -22.32048646276975],
                    [29.054962326337307, -22.137429829541873],
                    [25.099884201337307, -25.61268391197652],
                    [20.650421310712307, -27.04042027754933],
                    [19.101349045087307, -28.87438858824664],
                    [16.640411545087307, -28.662522067140348]
                ],
                [
                    [26.967559982587307, -29.602961314094475],
                    [28.571563888837307, -28.48885746068983],
                    [29.516388107587307, -29.39259259846332],
                    [28.088165451337307, -30.66710000753173],
                    [26.967559982587307, -29.602961314094475]
                ],
                [
                    [30.790802170087307, -26.30413350819578],
                    [31.406036545087307, -25.51357512230148],
                    [32.153106857587304, -26.047783984281622],
                    [31.955352951337307, -27.323836431509452],
                    [30.922638107587307, -27.108896949382476],
                    [30.790802170087307, -26.30413350819578]
                ],
                [
                    [20.920727300587476, -28.93353662701635],
                    [23.150951909962476, -30.413038004177473],
                    [18.756420659962476, -31.393390746710008],
                    [18.053295659962476, -29.671235696070557],
                    [20.920727300587476, -28.93353662701635]
                ],
                [
                    [19.222210080899544, -31.614523668776535],
                    [23.517864377774544, -30.721492895097263],
                    [19.694622190274544, -33.19131364995543],
                    [19.222210080899544, -31.614523668776535]
                ]
            ]
        },
        "Johannesburg": {
            "size": 2365,
            "radius": 300,
            "rings": [
                [
                    [27.79511650015032, -26.288443018393384],
                    [28.17345817495501, -26.40904361527657],
                    [28.30529411245501, -26.277976840799266],
                    [28.37189872671282, -26.309372540328944],
                    [28.33825309683001, -26.384441463030626],
                    [28.44262321401751, -26.40473861715435],
                    [28.50304801870501, -26.257041653678655],
                    [28.36091239858782, -26.0690721786428],
                    [27.909099654447196, -25.99688557994726],
                    [27.73400504995501, -26.080790594136136],
                    [27.79511650015032, -26.288443018393384]
                ]
            ]
        },
        "Pretoria": {
            "size": 775,
            "radius": 400,
            "rings": [
                [
                    [28.07107620093053, -25.63863339378035],
                    [28.036057280032093, -25.77783582317475],
                    [28.251663969485218, -25.87672500159951],
                    [28.390366362063343, -25.792056224913345],
                    [28.43637161108678, -25.698046343578962],
                    [28.295609281985218, -25.595292798170984],
                    [28.26608352514928, -25.64234757036007],
                    [28.07107620093053, -25.63863339378035]
                ]
            ]
        },
        "CapeTown": {
            "size": 893,
            "radius": 700,
            "rings": [
                [
                    [18.366474609222657, -34.18621198451775],
                    [18.451618652191407, -34.131665978147396],
                    [18.698124389496094, -34.07537851847651],
                    [18.764042358246094, -34.00368580443169],
                    [18.71597717269922, -33.90059267179222],
                    [18.76884887680078, -33.81962560447715],
                    [18.64525268539453, -33.800227735426475],
                    [18.48801086410547, -33.85612730663592],
                    [18.451618652191407, -33.915979129760146],
                    [18.366474609222657, -34.18621198451775]
                ]
            ]
        },
        "Bloemfontein": {
            "size": 253,
            "radius": 500,
            "rings": [
                [
                    [26.134537305770422, -29.098117606136313],
                    [26.17676600450089, -29.20396005357755],
                    [26.246117200789953, -29.22523529768514],
                    [26.30791529649308, -29.158997834654592],
                    [26.285255994735266, -29.05701058698776],
                    [26.147240247664953, -29.036601014539446],
                    [26.134537305770422, -29.098117606136313]
                ]
            ]
        }
    }
}
